unidade;setor;ano;mes;exames_img;exames_lab;saidas;exame_img_por_paciente;exame_lab_por_paciente
CHPB;AMBULATORIO DE SAUDE MENTAL;2019,0;5,0;0,0;0,0;1,0;0,0;0,0
CHPB;AMBULATORIO DE SAUDE MENTAL;2020,0;2,0;0,0;0,0;1,0;0,0;0,0
CHPB;AMBULATORIO DE SAUDE MENTAL;2021,0;9,0;0,0;0,0;1,0;0,0;0,0
CHPB;CAC - CENTRO DE ACOLHIMENTO DE CRISE;2019,0;1,0;3,0;0,0;30,0;0,1;0,0
CHPB;CAC - CENTRO DE ACOLHIMENTO DE CRISE;2019,0;2,0;13,0;0,0;30,0;0,43333333333333335;0,0
CHPB;CAC - CENTRO DE ACOLHIMENTO DE CRISE;2019,0;3,0;9,0;0,0;24,0;0,375;0,0
CHPB;CAC - CENTRO DE ACOLHIMENTO DE CRISE;2019,0;4,0;11,0;0,0;20,0;0,55;0,0
CHPB;CAC - CENTRO DE ACOLHIMENTO DE CRISE;2019,0;5,0;21,0;0,0;32,0;0,65625;0,0
CHPB;CAC - CENTRO DE ACOLHIMENTO DE CRISE;2019,0;6,0;17,0;0,0;23,0;0,7391304347826086;0,0
CHPB;CAC - CENTRO DE ACOLHIMENTO DE CRISE;2019,0;7,0;12,0;0,0;23,0;0,5217391304347826;0,0
CHPB;CAC - CENTRO DE ACOLHIMENTO DE CRISE;2019,0;8,0;20,0;0,0;27,0;0,7407407407407407;0,0
CHPB;CAC - CENTRO DE ACOLHIMENTO DE CRISE;2019,0;9,0;19,0;0,0;28,0;0,6785714285714286;0,0
CHPB;CAC - CENTRO DE ACOLHIMENTO DE CRISE;2019,0;10,0;26,0;0,0;34,0;0,7647058823529411;0,0
CHPB;CAC - CENTRO DE ACOLHIMENTO DE CRISE;2019,0;11,0;8,0;0,0;25,0;0,32;0,0
CHPB;CAC - CENTRO DE ACOLHIMENTO DE CRISE;2019,0;12,0;2,0;0,0;30,0;0,06666666666666667;0,0
CHPB;CAC - CENTRO DE ACOLHIMENTO DE CRISE;2020,0;1,0;3,0;0,0;36,0;0,08333333333333333;0,0
CHPB;CAC - CENTRO DE ACOLHIMENTO DE CRISE;2020,0;2,0;8,0;0,0;30,0;0,26666666666666666;0,0
CHPB;CAC - CENTRO DE ACOLHIMENTO DE CRISE;2020,0;3,0;3,0;0,0;35,0;0,08571428571428572;0,0
CHPB;CAC - CENTRO DE ACOLHIMENTO DE CRISE;2020,0;4,0;5,0;0,0;22,0;0,22727272727272727;0,0
CHPB;CAC - CENTRO DE ACOLHIMENTO DE CRISE;2020,0;5,0;10,0;0,0;17,0;0,5882352941176471;0,0
CHPB;CAC - CENTRO DE ACOLHIMENTO DE CRISE;2020,0;6,0;13,0;0,0;17,0;0,7647058823529411;0,0
CHPB;CAC - CENTRO DE ACOLHIMENTO DE CRISE;2020,0;7,0;8,0;0,0;24,0;0,3333333333333333;0,0
CHPB;CAC - CENTRO DE ACOLHIMENTO DE CRISE;2020,0;8,0;13,0;0,0;25,0;0,52;0,0
CHPB;CAC - CENTRO DE ACOLHIMENTO DE CRISE;2020,0;9,0;29,0;0,0;22,0;1,3181818181818181;0,0
CHPB;CAC - CENTRO DE ACOLHIMENTO DE CRISE;2020,0;10,0;19,0;0,0;23,0;0,8260869565217391;0,0
CHPB;CAC - CENTRO DE ACOLHIMENTO DE CRISE;2020,0;11,0;19,0;0,0;19,0;1,0;0,0
CHPB;CAC - CENTRO DE ACOLHIMENTO DE CRISE;2020,0;12,0;30,0;0,0;31,0;0,967741935483871;0,0
CHPB;CAC - CENTRO DE ACOLHIMENTO DE CRISE;2021,0;1,0;6,0;0,0;30,0;0,2;0,0
CHPB;CAC - CENTRO DE ACOLHIMENTO DE CRISE;2021,0;2,0;33,0;0,0;28,0;1,1785714285714286;0,0
CHPB;CAC - CENTRO DE ACOLHIMENTO DE CRISE;2021,0;3,0;3,0;0,0;9,0;0,3333333333333333;0,0
CHPB;CAC - CENTRO DE ACOLHIMENTO DE CRISE;2022,0;8,0;8,0;0,0;24,0;0,3333333333333333;0,0
CHPB;CAC - CENTRO DE ACOLHIMENTO DE CRISE;2022,0;9,0;11,0;0,0;22,0;0,5;0,0
CHPB;CAC - CENTRO DE ACOLHIMENTO DE CRISE;2022,0;10,0;21,0;0,0;24,0;0,875;0,0
CHPB;CAC - CENTRO DE ACOLHIMENTO DE CRISE;2022,0;11,0;27,0;0,0;31,0;0,8709677419354839;0,0
CHPB;CAC - CENTRO DE ACOLHIMENTO DE CRISE;2022,0;12,0;12,0;0,0;24,0;0,5;0,0
CHPB;CAC - CENTRO DE ACOLHIMENTO DE CRISE;2023,0;1,0;7,0;0,0;27,0;0,25925925925925924;0,0
CHPB;CAC - CENTRO DE ACOLHIMENTO DE CRISE;2023,0;2,0;15,0;0,0;22,0;0,6818181818181818;0,0
CHPB;CAC - CENTRO DE ACOLHIMENTO DE CRISE;2023,0;3,0;16,0;0,0;31,0;0,5161290322580645;0,0
CHPB;CAC - CENTRO DE ACOLHIMENTO DE CRISE;2023,0;4,0;12,0;0,0;26,0;0,46153846153846156;0,0
CHPB;CAC - CENTRO DE ACOLHIMENTO DE CRISE;2023,0;5,0;31,0;0,0;43,0;0,7209302325581395;0,0
CHPB;CAC - CENTRO DE ACOLHIMENTO DE CRISE;2023,0;6,0;51,0;0,0;29,0;1,7586206896551724;0,0
CHPB;CAC - CENTRO DE ACOLHIMENTO DE CRISE;2023,0;7,0;33,0;0,0;37,0;0,8918918918918919;0,0
CHPB;CAC - CENTRO DE ACOLHIMENTO DE CRISE;2023,0;8,0;25,0;0,0;25,0;1,0;0,0
CHPB;CAC - CENTRO DE ACOLHIMENTO DE CRISE;2023,0;9,0;19,0;0,0;22,0;0,8636363636363636;0,0
CHPB;CAC - CENTRO DE ACOLHIMENTO DE CRISE;2023,0;10,0;18,0;0,0;36,0;0,5;0,0
CHPB;CAC - CENTRO DE ACOLHIMENTO DE CRISE;2023,0;11,0;9,0;0,0;25,0;0,36;0,0
CHPB;CAC - CENTRO DE ACOLHIMENTO DE CRISE;2023,0;12,0;5,0;0,0;28,0;0,17857142857142858;0,0
CHPB;CAC - CENTRO DE ACOLHIMENTO DE CRISE;2024,0;1,0;10,0;0,0;24,0;0,4166666666666667;0,0
CHPB;CAC - CENTRO DE ACOLHIMENTO DE CRISE;2024,0;2,0;28,0;0,0;34,0;0,8235294117647058;0,0
CHPB;CAC - CENTRO DE ACOLHIMENTO DE CRISE;2024,0;3,0;32,0;0,0;18,0;1,7777777777777777;0,0
CHPB;CAC - CENTRO DE ACOLHIMENTO DE CRISE;2024,0;4,0;40,0;0,0;29,0;1,3793103448275863;0,0
CHPB;CAC - CENTRO DE ACOLHIMENTO DE CRISE;2024,0;5,0;31,0;0,0;26,0;1,1923076923076923;0,0
CHPB;CAC - CENTRO DE ACOLHIMENTO DE CRISE;2024,0;6,0;16,0;0,0;21,0;0,7619047619047619;0,0
CHPB;CAC/CHPB/CHB;2024,0;9,0;0,0;12,0;1,0;0,0;12,0
CHPB;CAC/CHPB/CHB;2024,0;11,0;0,0;24,0;1,0;0,0;24,0
CHPB;CAC/CHPB/CHB;2025,0;1,0;1,0;2,0;1,0;1,0;2,0
CHPB;CAC/CHPB/CHB;2025,0;10,0;1,0;47,0;1,0;1,0;47,0
CHPB;CAC/CHPB/CHB;2026,0;2,0;0,0;22,0;2,0;0,0;11,0
CHPB;CAC/CHPB/CHB;2026,0;6,0;0,0;0,0;1,0;0,0;0,0
CHPB;CAC/CHPB/CHB;2026,0;8,0;0,0;0,0;2,0;0,0;0,0
CHPB;LAR INCLUSIVO;2021,0;11,0;0,0;0,0;6,0;0,0;0,0
CHPB;LAR INCLUSIVO;2021,0;12,0;0,0;0,0;1,0;0,0;0,0
CHPB;LAR INCLUSIVO;2022,0;1,0;0,0;0,0;3,0;0,0;0,0
CHPB;LAR INCLUSIVO;2022,0;4,0;0,0;0,0;1,0;0,0;0,0
CHPB;LAR INCLUSIVO;2022,0;6,0;2,0;0,0;6,0;0,3333333333333333;0,0
CHPB;LAR INCLUSIVO;2022,0;7,0;0,0;0,0;1,0;0,0;0,0
CHPB;LAR INCLUSIVO;2022,0;8,0;0,0;0,0;1,0;0,0;0,0
CHPB;LAR INCLUSIVO;2022,0;11,0;0,0;0,0;1,0;0,0;0,0
CHPB;LAR INCLUSIVO;2023,0;2,0;0,0;0,0;1,0;0,0;0,0
CHPB;LAR INCLUSIVO;2023,0;4,0;0,0;0,0;1,0;0,0;0,0
CHPB;LAR INCLUSIVO A/CHPB/CHB;2024,0;8,0;3,0;32,0;1,0;3,0;32,0
CHPB;LAR INCLUSIVO A/CHPB/CHB;2024,0;12,0;2,0;1,0;4,0;0,5;0,25
CHPB;LAR INCLUSIVO A/CHPB/CHB;2025,0;1,0;0,0;12,0;1,0;0,0;12,0
CHPB;LAR INCLUSIVO A/CHPB/CHB;2025,0;5,0;2,0;0,0;1,0;2,0;0,0
CHPB;LAR INCLUSIVO A/CHPB/CHB;2025,0;6,0;0,0;0,0;1,0;0,0;0,0
CHPB;LAR INCLUSIVO A/CHPB/CHB;2025,0;9,0;13,0;103,0;1,0;13,0;103,0
CHPB;LAR INCLUSIVO A/CHPB/CHB;2026,0;2,0;4,0;33,0;1,0;4,0;33,0
CHPB;LAR INCLUSIVO A/CHPB/CHB;2026,0;5,0;1,0;34,0;6,0;0,16666666666666666;5,666666666666667
CHPB;LAR INCLUSIVO B;2021,0;3,0;0,0;0,0;1,0;0,0;0,0
CHPB;LAR INCLUSIVO B;2021,0;4,0;0,0;0,0;2,0;0,0;0,0
CHPB;LAR INCLUSIVO B;2021,0;7,0;1,0;0,0;1,0;1,0;0,0
CHPB;LAR INCLUSIVO B;2021,0;11,0;0,0;0,0;1,0;0,0;0,0
CHPB;LAR INCLUSIVO B;2022,0;10,0;1,0;0,0;1,0;1,0;0,0
CHPB;LAR INCLUSIVO B;2023,0;2,0;0,0;0,0;3,0;0,0;0,0
CHPB;LAR INCLUSIVO B;2023,0;3,0;1,0;0,0;2,0;0,5;0,0
CHPB;LAR INCLUSIVO B/CHPB/CHB;2024,0;9,0;0,0;0,0;1,0;0,0;0,0
CHPB;LAR INCLUSIVO B/CHPB/CHB;2024,0;10,0;2,0;27,0;1,0;2,0;27,0
CHPB;LAR INCLUSIVO B/CHPB/CHB;2024,0;11,0;1,0;134,0;1,0;1,0;134,0
CHPB;LAR INCLUSIVO B/CHPB/CHB;2024,0;12,0;2,0;59,0;1,0;2,0;59,0
CHPB;LAR INCLUSIVO B/CHPB/CHB;2025,0;1,0;0,0;0,0;4,0;0,0;0,0
CHPB;LAR INCLUSIVO B/CHPB/CHB;2025,0;3,0;2,0;7,0;1,0;2,0;7,0
CHPB;LAR INCLUSIVO B/CHPB/CHB;2025,0;4,0;0,0;0,0;1,0;0,0;0,0
CHPB;LAR INCLUSIVO B/CHPB/CHB;2025,0;5,0;2,0;23,0;1,0;2,0;23,0
CHPB;LAR INCLUSIVO B/CHPB/CHB;2026,0;3,0;1,0;0,0;1,0;1,0;0,0
CHPB;LAR INCLUSIVO B/CHPB/CHB;2026,0;5,0;0,0;3,0;8,0;0,0;0,375
CHPB;LAR INCLUSIVO C;2021,0;6,0;0,0;0,0;1,0;0,0;0,0
CHPB;LAR INCLUSIVO C;2021,0;11,0;0,0;0,0;2,0;0,0;0,0
CHPB;LAR INCLUSIVO C;2022,0;5,0;0,0;0,0;4,0;0,0;0,0
CHPB;LAR INCLUSIVO C;2022,0;6,0;0,0;0,0;2,0;0,0;0,0
CHPB;LAR INCLUSIVO C;2023,0;3,0;0,0;0,0;1,0;0,0;0,0
CHPB;LAR INCLUSIVO D;2021,0;5,0;1,0;0,0;1,0;1,0;0,0
CHPB;LAR INCLUSIVO D;2021,0;10,0;0,0;0,0;1,0;0,0;0,0
CHPB;LAR INCLUSIVO D;2021,0;12,0;0,0;0,0;1,0;0,0;0,0
CHPB;LAR INCLUSIVO D;2022,0;6,0;0,0;0,0;6,0;0,0;0,0
CHPB;LAR INCLUSIVO D;2022,0;12,0;0,0;0,0;1,0;0,0;0,0
CHPB;LAR INCLUSIVO D;2023,0;3,0;1,0;0,0;1,0;1,0;0,0
CHPB;LAR INCLUSIVO E;2022,0;2,0;0,0;0,0;1,0;0,0;0,0
CHPB;LAR INCLUSIVO E;2022,0;5,0;0,0;0,0;1,0;0,0;0,0
CHPB;LAR INCLUSIVO E;2022,0;6,0;0,0;0,0;1,0;0,0;0,0
CHPB;UIC - UNIDADE INTERCORRENCIAS CLINICAS;2019,0;1,0;3,0;0,0;1,0;3,0;0,0
CHPB;UIC - UNIDADE INTERCORRENCIAS CLINICAS;2019,0;2,0;2,0;0,0;1,0;2,0;0,0
CHPB;UIC - UNIDADE INTERCORRENCIAS CLINICAS;2019,0;3,0;0,0;0,0;2,0;0,0;0,0
CHPB;UIC - UNIDADE INTERCORRENCIAS CLINICAS;2019,0;4,0;0,0;0,0;1,0;0,0;0,0
CHPB;UIC - UNIDADE INTERCORRENCIAS CLINICAS;2019,0;11,0;1,0;0,0;2,0;0,5;0,0
CHPB;UIC - UNIDADE INTERCORRENCIAS CLINICAS;2019,0;12,0;0,0;0,0;5,0;0,0;0,0
CHPB;UIC - UNIDADE INTERCORRENCIAS CLINICAS;2020,0;1,0;4,0;0,0;1,0;4,0;0,0
CHPB;UIC - UNIDADE INTERCORRENCIAS CLINICAS;2020,0;2,0;1,0;0,0;1,0;1,0;0,0
CHPB;UIC - UNIDADE INTERCORRENCIAS CLINICAS;2020,0;3,0;0,0;0,0;1,0;0,0;0,0
CHPB;UIC - UNIDADE INTERCORRENCIAS CLINICAS;2020,0;5,0;1,0;0,0;2,0;0,5;0,0
CHPB;UIC - UNIDADE INTERCORRENCIAS CLINICAS;2020,0;6,0;2,0;0,0;1,0;2,0;0,0
CHPB;UIC - UNIDADE INTERCORRENCIAS CLINICAS;2020,0;7,0;0,0;0,0;2,0;0,0;0,0
CHPB;UIC - UNIDADE INTERCORRENCIAS CLINICAS;2020,0;8,0;0,0;0,0;1,0;0,0;0,0
CHPB;UIC - UNIDADE INTERCORRENCIAS CLINICAS;2020,0;9,0;0,0;0,0;1,0;0,0;0,0
CHPB;UIC - UNIDADE INTERCORRENCIAS CLINICAS;2020,0;10,0;0,0;0,0;1,0;0,0;0,0
CHPB;UIC - UNIDADE INTERCORRENCIAS CLINICAS;2020,0;11,0;2,0;0,0;2,0;1,0;0,0
CHPB;UIC - UNIDADE INTERCORRENCIAS CLINICAS;2020,0;12,0;0,0;0,0;1,0;0,0;0,0
CHPB;UIC - UNIDADE INTERCORRENCIAS CLINICAS;2021,0;1,0;1,0;0,0;13,0;0,07692307692307693;0,0
CHPB;UIC - UNIDADE INTERCORRENCIAS CLINICAS;2021,0;3,0;1,0;0,0;1,0;1,0;0,0
CHPB;UIP-FEMININA/CHPB/CHB;2024,0;7,0;0,0;25,0;2,0;0,0;12,5
CHPB;UIP-FEMININA/CHPB/CHB;2024,0;8,0;2,0;290,0;12,0;0,16666666666666666;24,166666666666668
CHPB;UIP-FEMININA/CHPB/CHB;2024,0;9,0;6,0;126,0;10,0;0,6;12,6
CHPB;UIP-FEMININA/CHPB/CHB;2024,0;10,0;4,0;267,0;8,0;0,5;33,375
CHPB;UIP-FEMININA/CHPB/CHB;2024,0;11,0;11,0;410,0;11,0;1,0;37,27272727272727
CHPB;UIP-FEMININA/CHPB/CHB;2024,0;12,0;5,0;215,0;12,0;0,4166666666666667;17,916666666666668
CHPB;UIP-FEMININA/CHPB/CHB;2025,0;1,0;4,0;182,0;7,0;0,5714285714285714;26,0
CHPB;UIP-FEMININA/CHPB/CHB;2025,0;2,0;4,0;376,0;11,0;0,36363636363636365;34,18181818181818
CHPB;UIP-FEMININA/CHPB/CHB;2025,0;3,0;7,0;234,0;11,0;0,6363636363636364;21,272727272727273
CHPB;UIP-FEMININA/CHPB/CHB;2025,0;4,0;8,0;226,0;13,0;0,6153846153846154;17,384615384615383
CHPB;UIP-FEMININA/CHPB/CHB;2025,0;5,0;10,0;297,0;8,0;1,25;37,125
CHPB;UIP-FEMININA/CHPB/CHB;2025,0;6,0;12,0;311,0;11,0;1,0909090909090908;28,272727272727273
CHPB;UIP-FEMININA/CHPB/CHB;2025,0;7,0;5,0;355,0;7,0;0,7142857142857143;50,714285714285715
CHPB;UIP-FEMININA/CHPB/CHB;2025,0;8,0;3,0;212,0;12,0;0,25;17,666666666666668
CHPB;UIP-FEMININA/CHPB/CHB;2025,0;9,0;6,0;160,0;5,0;1,2;32,0
CHPB;UIP-FEMININA/CHPB/CHB;2025,0;10,0;11,0;324,0;7,0;1,5714285714285714;46,285714285714285
CHPB;UIP-FEMININA/CHPB/CHB;2025,0;11,0;5,0;295,0;3,0;1,6666666666666667;98,33333333333333
CHPB;UIP-FEMININA/CHPB/CHB;2025,0;12,0;6,0;255,0;11,0;0,5454545454545454;23,181818181818183
CHPB;UIP-FEMININA/CHPB/CHB;2026,0;1,0;2,0;131,0;7,0;0,2857142857142857;18,714285714285715
CHPB;UIP-FEMININA/CHPB/CHB;2026,0;2,0;0,0;221,0;10,0;0,0;22,1
CHPB;UIP-FEMININA/CHPB/CHB;2026,0;3,0;10,0;282,0;8,0;1,25;35,25
CHPB;UIP-FEMININA/CHPB/CHB;2026,0;4,0;1,0;144,0;7,0;0,14285714285714285;20,571428571428573
CHPB;UIP-FEMININA/CHPB/CHB;2026,0;5,0;8,0;205,0;6,0;1,3333333333333333;34,166666666666664
CHPB;UIP-FEMININA/CHPB/CHB;2026,0;6,0;1,0;278,0;6,0;0,16666666666666666;46,333333333333336
CHPB;UIP-FEMININA/CHPB/CHB;2026,0;7,0;6,0;338,0;8,0;0,75;42,25
CHPB;UIP-FEMININA/CHPB/CHB;2026,0;8,0;5,0;111,0;12,0;0,4166666666666667;9,25
CHPB;UIP-MASCULINA/CHPB/CHB;2024,0;6,0;3,0;41,0;8,0;0,375;5,125
CHPB;UIP-MASCULINA/CHPB/CHB;2024,0;7,0;15,0;424,0;27,0;0,5555555555555556;15,703703703703704
CHPB;UIP-MASCULINA/CHPB/CHB;2024,0;8,0;7,0;309,0;14,0;0,5;22,071428571428573
CHPB;UIP-MASCULINA/CHPB/CHB;2024,0;9,0;19,0;369,0;20,0;0,95;18,45
CHPB;UIP-MASCULINA/CHPB/CHB;2024,0;10,0;8,0;317,0;20,0;0,4;15,85
CHPB;UIP-MASCULINA/CHPB/CHB;2024,0;11,0;2,0;315,0;17,0;0,11764705882352941;18,529411764705884
CHPB;UIP-MASCULINA/CHPB/CHB;2024,0;12,0;8,0;297,0;24,0;0,3333333333333333;12,375
CHPB;UIP-MASCULINA/CHPB/CHB;2025,0;1,0;11,0;354,0;14,0;0,7857142857142857;25,285714285714285
CHPB;UIP-MASCULINA/CHPB/CHB;2025,0;2,0;17,0;354,0;16,0;1,0625;22,125
CHPB;UIP-MASCULINA/CHPB/CHB;2025,0;3,0;0,0;222,0;21,0;0,0;10,571428571428571
CHPB;UIP-MASCULINA/CHPB/CHB;2025,0;4,0;23,0;400,0;17,0;1,3529411764705883;23,529411764705884
CHPB;UIP-MASCULINA/CHPB/CHB;2025,0;5,0;7,0;335,0;15,0;0,4666666666666667;22,333333333333332
CHPB;UIP-MASCULINA/CHPB/CHB;2025,0;6,0;20,0;550,0;22,0;0,9090909090909091;25,0
CHPB;UIP-MASCULINA/CHPB/CHB;2025,0;7,0;11,0;336,0;11,0;1,0;30,545454545454547
CHPB;UIP-MASCULINA/CHPB/CHB;2025,0;8,0;2,0;227,0;15,0;0,13333333333333333;15,133333333333333
CHPB;UIP-MASCULINA/CHPB/CHB;2025,0;9,0;6,0;334,0;10,0;0,6;33,4
CHPB;UIP-MASCULINA/CHPB/CHB;2025,0;10,0;9,0;290,0;17,0;0,5294117647058824;17,058823529411764
CHPB;UIP-MASCULINA/CHPB/CHB;2025,0;11,0;4,0;293,0;15,0;0,26666666666666666;19,533333333333335
CHPB;UIP-MASCULINA/CHPB/CHB;2025,0;12,0;3,0;223,0;8,0;0,375;27,875
CHPB;UIP-MASCULINA/CHPB/CHB;2026,0;1,0;0,0;255,0;19,0;0,0;13,421052631578947
CHPB;UIP-MASCULINA/CHPB/CHB;2026,0;2,0;16,0;397,0;10,0;1,6;39,7
CHPB;UIP-MASCULINA/CHPB/CHB;2026,0;3,0;10,0;523,0;17,0;0,5882352941176471;30,764705882352942
CHPB;UIP-MASCULINA/CHPB/CHB;2026,0;4,0;8,0;269,0;9,0;0,8888888888888888;29,88888888888889
CHPB;UIP-MASCULINA/CHPB/CHB;2026,0;5,0;5,0;396,0;12,0;0,4166666666666667;33,0
CHPB;UIP-MASCULINA/CHPB/CHB;2026,0;6,0;4,0;282,0;12,0;0,3333333333333333;23,5
CHPB;UIP-MASCULINA/CHPB/CHB;2026,0;7,0;8,0;352,0;7,0;1,1428571428571428;50,285714285714285
CHPB;UIP-MASCULINA/CHPB/CHB;2026,0;8,0;6,0;36,0;12,0;0,5;3,0
CHPB;UNIDADE DE CUIDADOS CONTINUADOS INTEGRADOS;2020,0;4,0;1,0;0,0;4,0;0,25;0,0
CHPB;UNIDADE DE CUIDADOS CONTINUADOS INTEGRADOS;2020,0;5,0;1,0;0,0;8,0;0,125;0,0
CHPB;UNIDADE DE CUIDADOS CONTINUADOS INTEGRADOS;2020,0;6,0;2,0;0,0;6,0;0,3333333333333333;0,0
CHPB;UNIDADE DE CUIDADOS CONTINUADOS INTEGRADOS;2020,0;7,0;6,0;0,0;6,0;1,0;0,0
CHPB;UNIDADE DE CUIDADOS CONTINUADOS INTEGRADOS;2020,0;8,0;1,0;0,0;11,0;0,09090909090909091;0,0
CHPB;UNIDADE DE CUIDADOS CONTINUADOS INTEGRADOS;2020,0;9,0;0,0;0,0;7,0;0,0;0,0
CHPB;UNIDADE DE CUIDADOS CONTINUADOS INTEGRADOS;2020,0;10,0;0,0;0,0;5,0;0,0;0,0
CHPB;UNIDADE DE CUIDADOS CONTINUADOS INTEGRADOS;2020,0;11,0;0,0;0,0;3,0;0,0;0,0
CHPB;UNIDADE DE CUIDADOS CONTINUADOS INTEGRADOS;2020,0;12,0;0,0;0,0;5,0;0,0;0,0
CHPB;UNIDADE DE CUIDADOS CONTINUADOS INTEGRADOS;2021,0;1,0;0,0;0,0;9,0;0,0;0,0
CHPB;UNIDADE DE CUIDADOS CONTINUADOS INTEGRADOS;2021,0;2,0;0,0;0,0;1,0;0,0;0,0
CHPB;UNIDADE DE CUIDADOS CONTINUADOS INTEGRADOS;2021,0;3,0;0,0;0,0;2,0;0,0;0,0
CHPB;UNIDADE DE CUIDADOS CONTINUADOS INTEGRADOS;2021,0;4,0;2,0;0,0;2,0;1,0;0,0
CHPB;UNIDADE DE CUIDADOS CONTINUADOS INTEGRADOS;2021,0;5,0;4,0;0,0;2,0;2,0;0,0
CHPB;UNIDADE DE CUIDADOS CONTINUADOS INTEGRADOS;2021,0;6,0;2,0;0,0;2,0;1,0;0,0
CHPB;UNIDADE DE CUIDADOS CONTINUADOS INTEGRADOS;2021,0;7,0;1,0;0,0;7,0;0,14285714285714285;0,0
CHPB;UNIDADE DE CUIDADOS CONTINUADOS INTEGRADOS;2021,0;8,0;2,0;0,0;4,0;0,5;0,0
CHPB;UNIDADE DE CUIDADOS CONTINUADOS INTEGRADOS;2021,0;9,0;0,0;0,0;4,0;0,0;0,0
CHPB;UNIDADE DE CUIDADOS CONTINUADOS INTEGRADOS;2021,0;10,0;0,0;0,0;8,0;0,0;0,0
CHPB;UNIDADE DE CUIDADOS CONTINUADOS INTEGRADOS;2021,0;11,0;0,0;0,0;10,0;0,0;0,0
CHPB;UNIDADE DE CUIDADOS CONTINUADOS INTEGRADOS;2021,0;12,0;0,0;0,0;8,0;0,0;0,0
CHPB;UNIDADE DE CUIDADOS CONTINUADOS INTEGRADOS;2022,0;1,0;3,0;0,0;6,0;0,5;0,0
CHPB;UNIDADE DE CUIDADOS CONTINUADOS INTEGRADOS;2022,0;2,0;0,0;0,0;8,0;0,0;0,0
CHPB;UNIDADE DE CUIDADOS CONTINUADOS INTEGRADOS;2022,0;3,0;0,0;0,0;5,0;0,0;0,0
CHPB;UNIDADE DE CUIDADOS CONTINUADOS INTEGRADOS;2022,0;4,0;1,0;0,0;9,0;0,1111111111111111;0,0
CHPB;UNIDADE DE CUIDADOS CONTINUADOS INTEGRADOS;2022,0;5,0;1,0;0,0;11,0;0,09090909090909091;0,0
CHPB;UNIDADE DE CUIDADOS CONTINUADOS INTEGRADOS;2022,0;6,0;1,0;0,0;7,0;0,14285714285714285;0,0
CHPB;UNIDADE DE CUIDADOS CONTINUADOS INTEGRADOS;2022,0;7,0;2,0;0,0;9,0;0,2222222222222222;0,0
CHPB;UNIDADE DE CUIDADOS CONTINUADOS INTEGRADOS;2022,0;8,0;1,0;0,0;5,0;0,2;0,0
CHPB;UNIDADE DE CUIDADOS CONTINUADOS INTEGRADOS;2022,0;9,0;1,0;0,0;15,0;0,06666666666666667;0,0
CHPB;UNIDADE DE CUIDADOS CONTINUADOS INTEGRADOS;2022,0;10,0;4,0;0,0;13,0;0,3076923076923077;0,0
CHPB;UNIDADE DE CUIDADOS CONTINUADOS INTEGRADOS;2022,0;11,0;10,0;0,0;15,0;0,6666666666666666;0,0
CHPB;UNIDADE DE CUIDADOS CONTINUADOS INTEGRADOS;2022,0;12,0;6,0;0,0;15,0;0,4;0,0
CHPB;UNIDADE DE CUIDADOS CONTINUADOS INTEGRADOS;2023,0;1,0;21,0;0,0;13,0;1,6153846153846154;0,0
CHPB;UNIDADE DE CUIDADOS CONTINUADOS INTEGRADOS;2023,0;2,0;27,0;0,0;13,0;2,076923076923077;0,0
CHPB;UNIDADE DE CUIDADOS CONTINUADOS INTEGRADOS;2023,0;3,0;20,0;0,0;15,0;1,3333333333333333;0,0
CHPB;UNIDADE DE CUIDADOS CONTINUADOS INTEGRADOS;2023,0;4,0;13,0;0,0;18,0;0,7222222222222222;0,0
CHPB;UNIDADE DE CUIDADOS CONTINUADOS INTEGRADOS;2023,0;5,0;27,0;0,0;15,0;1,8;0,0
CHPB;UNIDADE DE CUIDADOS CONTINUADOS INTEGRADOS;2023,0;6,0;21,0;0,0;16,0;1,3125;0,0
CHPB;UNIDADE DE CUIDADOS CONTINUADOS INTEGRADOS;2023,0;7,0;31,0;0,0;12,0;2,5833333333333335;0,0
CHPB;UNIDADE DE CUIDADOS CONTINUADOS INTEGRADOS;2023,0;8,0;48,0;0,0;19,0;2,526315789473684;0,0
CHPB;UNIDADE DE CUIDADOS CONTINUADOS INTEGRADOS;2023,0;9,0;28,0;0,0;11,0;2,5454545454545454;0,0
CHPB;UNIDADE DE CUIDADOS CONTINUADOS INTEGRADOS;2023,0;10,0;40,0;0,0;13,0;3,076923076923077;0,0
CHPB;UNIDADE DE CUIDADOS CONTINUADOS INTEGRADOS;2023,0;11,0;67,0;0,0;11,0;6,090909090909091;0,0
CHPB;UNIDADE DE CUIDADOS CONTINUADOS INTEGRADOS;2023,0;12,0;25,0;0,0;19,0;1,3157894736842106;0,0
CHPB;UNIDADE DE CUIDADOS CONTINUADOS INTEGRADOS;2024,0;1,0;49,0;0,0;18,0;2,7222222222222223;0,0
CHPB;UNIDADE DE CUIDADOS CONTINUADOS INTEGRADOS;2024,0;2,0;30,0;0,0;20,0;1,5;0,0
CHPB;UNIDADE DE CUIDADOS CONTINUADOS INTEGRADOS;2024,0;3,0;26,0;0,0;16,0;1,625;0,0
CHPB;UNIDADE DE CUIDADOS CONTINUADOS INTEGRADOS;2024,0;4,0;33,0;0,0;20,0;1,65;0,0
CHPB;UNIDADE DE CUIDADOS CONTINUADOS INTEGRADOS;2024,0;5,0;23,0;0,0;14,0;1,6428571428571428;0,0
CHPB;UNIDADE DE CUIDADOS CONTINUADOS INTEGRADOS;2024,0;6,0;17,0;0,0;13,0;1,3076923076923077;0,0
CHPB;UNIDADE DE CUIDADOS PROLONGADOS/CHPB/CHB;2024,0;6,0;2,0;281,0;1,0;2,0;281,0
CHPB;UNIDADE DE CUIDADOS PROLONGADOS/CHPB/CHB;2024,0;7,0;22,0;1237,0;18,0;1,2222222222222223;68,72222222222223
CHPB;UNIDADE DE CUIDADOS PROLONGADOS/CHPB/CHB;2024,0;8,0;17,0;883,0;16,0;1,0625;55,1875
CHPB;UNIDADE DE CUIDADOS PROLONGADOS/CHPB/CHB;2024,0;9,0;10,0;673,0;13,0;0,7692307692307693;51,76923076923077
CHPB;UNIDADE DE CUIDADOS PROLONGADOS/CHPB/CHB;2024,0;10,0;27,0;889,0;27,0;1,0;32,925925925925924
CHPB;UNIDADE DE CUIDADOS PROLONGADOS/CHPB/CHB;2024,0;11,0;8,0;612,0;17,0;0,47058823529411764;36,0
CHPB;UNIDADE DE CUIDADOS PROLONGADOS/CHPB/CHB;2024,0;12,0;15,0;434,0;16,0;0,9375;27,125
CHPB;UNIDADE DE CUIDADOS PROLONGADOS/CHPB/CHB;2025,0;1,0;11,0;841,0;15,0;0,7333333333333333;56,06666666666667
CHPB;UNIDADE DE CUIDADOS PROLONGADOS/CHPB/CHB;2025,0;2,0;14,0;713,0;16,0;0,875;44,5625
CHPB;UNIDADE DE CUIDADOS PROLONGADOS/CHPB/CHB;2025,0;3,0;29,0;642,0;16,0;1,8125;40,125
CHPB;UNIDADE DE CUIDADOS PROLONGADOS/CHPB/CHB;2025,0;4,0;23,0;386,0;22,0;1,0454545454545454;17,545454545454547
CHPB;UNIDADE DE CUIDADOS PROLONGADOS/CHPB/CHB;2025,0;5,0;14,0;560,0;22,0;0,6363636363636364;25,454545454545453
CHPB;UNIDADE DE CUIDADOS PROLONGADOS/CHPB/CHB;2025,0;6,0;19,0;617,0;21,0;0,9047619047619048;29,38095238095238
CHPB;UNIDADE DE CUIDADOS PROLONGADOS/CHPB/CHB;2025,0;7,0;20,0;983,0;24,0;0,8333333333333334;40,958333333333336
CHPB;UNIDADE DE CUIDADOS PROLONGADOS/CHPB/CHB;2025,0;8,0;23,0;945,0;19,0;1,2105263157894737;49,73684210526316
CHPB;UNIDADE DE CUIDADOS PROLONGADOS/CHPB/CHB;2025,0;9,0;20,0;910,0;15,0;1,3333333333333333;60,666666666666664
CHPB;UNIDADE DE CUIDADOS PROLONGADOS/CHPB/CHB;2025,0;10,0;16,0;1090,0;18,0;0,8888888888888888;60,55555555555556
CHPB;UNIDADE DE CUIDADOS PROLONGADOS/CHPB/CHB;2025,0;11,0;15,0;759,0;15,0;1,0;50,6
CHPB;UNIDADE DE CUIDADOS PROLONGADOS/CHPB/CHB;2025,0;12,0;33,0;925,0;21,0;1,5714285714285714;44,04761904761905
CHPB;UNIDADE DE CUIDADOS PROLONGADOS/CHPB/CHB;2026,0;1,0;23,0;815,0;18,0;1,2777777777777777;45,27777777777778
CHPB;UNIDADE DE CUIDADOS PROLONGADOS/CHPB/CHB;2026,0;2,0;18,0;708,0;19,0;0,9473684210526315;37,26315789473684
CHPB;UNIDADE DE CUIDADOS PROLONGADOS/CHPB/CHB;2026,0;3,0;4,0;495,0;28,0;0,14285714285714285;17,678571428571427
CHPB;UNIDADE DE CUIDADOS PROLONGADOS/CHPB/CHB;2026,0;4,0;12,0;707,0;25,0;0,48;28,28
CHPB;UNIDADE DE CUIDADOS PROLONGADOS/CHPB/CHB;2026,0;5,0;26,0;1086,0;15,0;1,7333333333333334;72,4
CHPB;UNIDADE DE CUIDADOS PROLONGADOS/CHPB/CHB;2026,0;6,0;11,0;591,0;23,0;0,4782608695652174;25,695652173913043
CHPB;UNIDADE DE CUIDADOS PROLONGADOS/CHPB/CHB;2026,0;7,0;17,0;737,0;26,0;0,6538461538461539;28,346153846153847
CHPB;UNIDADE DE CUIDADOS PROLONGADOS/CHPB/CHB;2026,0;8,0;8,0;136,0;18,0;0,4444444444444444;7,555555555555555
CHPB;UNIDADE DE TRATAMENTO CLINICO;2021,0;4,0;2,0;0,0;2,0;1,0;0,0
CHPB;UNIDADE DE TRATAMENTO CLINICO;2021,0;5,0;0,0;0,0;1,0;0,0;0,0
CHPB;UNIDADE DE TRATAMENTO CLINICO;2021,0;6,0;4,0;0,0;1,0;4,0;0,0
CHPB;UNIDADE DE TRATAMENTO CLINICO;2021,0;7,0;1,0;0,0;3,0;0,3333333333333333;0,0
CHPB;UNIDADE DE TRATAMENTO CLINICO;2021,0;8,0;6,0;0,0;8,0;0,75;0,0
CHPB;UNIDADE DE TRATAMENTO CLINICO;2021,0;9,0;0,0;0,0;1,0;0,0;0,0
CHPB;UNIDADE DE TRATAMENTO CLINICO;2021,0;10,0;0,0;0,0;2,0;0,0;0,0
CHPB;UNIDADE DE TRATAMENTO CLINICO;2021,0;11,0;1,0;0,0;1,0;1,0;0,0
CHPB;UNIDADE DE TRATAMENTO CLINICO;2021,0;12,0;0,0;0,0;1,0;0,0;0,0
CHPB;UNIDADE DE TRATAMENTO CLINICO;2022,0;1,0;1,0;0,0;1,0;1,0;0,0
CHPB;UNIDADE DE TRATAMENTO CLINICO;2022,0;2,0;0,0;0,0;1,0;0,0;0,0
CHPB;UNIDADE DE TRATAMENTO CLINICO;2022,0;4,0;0,0;0,0;1,0;0,0;0,0
CHPB;UNIDADE DE TRATAMENTO CLINICO;2022,0;5,0;1,0;0,0;1,0;1,0;0,0
CHPB;UNIDADE INTERNAÇÃO - PSIQUIATRIA;2021,0;3,0;2,0;0,0;19,0;0,10526315789473684;0,0
CHPB;UNIDADE INTERNAÇÃO - PSIQUIATRIA;2021,0;4,0;25,0;0,0;24,0;1,0416666666666667;0,0
CHPB;UNIDADE INTERNAÇÃO - PSIQUIATRIA;2021,0;5,0;27,0;0,0;23,0;1,173913043478261;0,0
CHPB;UNIDADE INTERNAÇÃO - PSIQUIATRIA;2021,0;6,0;13,0;0,0;30,0;0,43333333333333335;0,0
CHPB;UNIDADE INTERNAÇÃO - PSIQUIATRIA;2021,0;7,0;6,0;0,0;23,0;0,2608695652173913;0,0
CHPB;UNIDADE INTERNAÇÃO - PSIQUIATRIA;2021,0;8,0;26,0;0,0;19,0;1,368421052631579;0,0
CHPB;UNIDADE INTERNAÇÃO - PSIQUIATRIA;2021,0;9,0;15,0;0,0;28,0;0,5357142857142857;0,0
CHPB;UNIDADE INTERNAÇÃO - PSIQUIATRIA;2021,0;10,0;11,0;0,0;34,0;0,3235294117647059;0,0
CHPB;UNIDADE INTERNAÇÃO - PSIQUIATRIA;2021,0;11,0;12,0;0,0;29,0;0,41379310344827586;0,0
CHPB;UNIDADE INTERNAÇÃO - PSIQUIATRIA;2021,0;12,0;4,0;0,0;27,0;0,14814814814814814;0,0
CHPB;UNIDADE INTERNAÇÃO - PSIQUIATRIA;2022,0;1,0;12,0;0,0;14,0;0,8571428571428571;0,0
CHPB;UNIDADE INTERNAÇÃO - PSIQUIATRIA;2022,0;2,0;10,0;0,0;17,0;0,5882352941176471;0,0
CHPB;UNIDADE INTERNAÇÃO - PSIQUIATRIA;2022,0;3,0;10,0;0,0;19,0;0,5263157894736842;0,0
CHPB;UNIDADE INTERNAÇÃO - PSIQUIATRIA;2022,0;4,0;11,0;0,0;27,0;0,4074074074074074;0,0
CHPB;UNIDADE INTERNAÇÃO - PSIQUIATRIA;2022,0;5,0;11,0;0,0;21,0;0,5238095238095238;0,0
CHPB;UNIDADE INTERNAÇÃO - PSIQUIATRIA;2022,0;6,0;16,0;0,0;23,0;0,6956521739130435;0,0
CHPB;UNIDADE INTERNAÇÃO - PSIQUIATRIA;2022,0;7,0;18,0;0,0;30,0;0,6;0,0
CHPB;UNIDADE INTERNAÇÃO - PSIQUIATRIA;2022,0;8,0;1,0;0,0;6,0;0,16666666666666666;0,0
CHPB;UNIDADE INTERNAÇÃO - PSIQUIATRIA;2022,0;10,0;0,0;0,0;1,0;0,0;0,0
CHPB;UNIDADE INTERNAÇÃO - PSIQUIATRIA;2023,0;1,0;0,0;0,0;1,0;0,0;0,0
CHPB;UNIDADE INTERNAÇÃO - PSIQUIATRIA;2023,0;4,0;1,0;0,0;1,0;1,0;0,0
CHPB;UNIDADE INTERNAÇÃO - PSIQUIATRIA;2023,0;5,0;3,0;0,0;1,0;3,0;0,0
CHPB;UNIDADE INTERNAÇÃO - PSIQUIATRIA;2023,0;6,0;1,0;0,0;2,0;0,5;0,0
CHPB;UNIDADE INTERNAÇÃO - PSIQUIATRIA;2023,0;10,0;1,0;0,0;1,0;1,0;0,0
CHPB;UNIDADE INTERNAÇÃO - PSIQUIATRIA;2023,0;12,0;0,0;0,0;1,0;0,0;0,0
CHPB;UNIDADE INTERNAÇÃO - PSIQUIATRIA;2024,0;2,0;0,0;0,0;1,0;0,0;0,0
CHPB;UNIDADE INTERNAÇÃO - PSIQUIATRIA;2024,0;3,0;4,0;0,0;1,0;4,0;0,0
CHPB;UNIDADE INTERNAÇÃO - PSIQUIATRIA;2024,0;5,0;1,0;0,0;1,0;1,0;0,0
CHPB;UNIDADE INTERNAÇÃO - PSIQUIATRIA CASA LAR 1;2019,0;7,0;0,0;0,0;1,0;0,0;0,0
CHPB;UNIDADE INTERNAÇÃO - PSIQUIATRIA CASA LAR 1;2019,0;8,0;0,0;0,0;1,0;0,0;0,0
CHPB;UNIDADE INTERNAÇÃO - PSIQUIATRIA CASA LAR 1;2019,0;9,0;0,0;0,0;1,0;0,0;0,0
CHPB;UNIDADE INTERNAÇÃO - PSIQUIATRIA CASA LAR 1;2020,0;1,0;0,0;0,0;1,0;0,0;0,0
CHPB;UNIDADE INTERNAÇÃO - PSIQUIATRIA CASA LAR 1;2020,0;7,0;0,0;0,0;2,0;0,0;0,0
CHPB;UNIDADE INTERNAÇÃO - PSIQUIATRIA CASA LAR 2;2019,0;1,0;0,0;0,0;1,0;0,0;0,0
CHPB;UNIDADE INTERNAÇÃO - PSIQUIATRIA CASA LAR 2;2019,0;3,0;0,0;0,0;1,0;0,0;0,0
CHPB;UNIDADE INTERNAÇÃO - PSIQUIATRIA CASA LAR 2;2019,0;9,0;0,0;0,0;1,0;0,0;0,0
CHPB;UNIDADE INTERNAÇÃO - PSIQUIATRIA CASA LAR 2;2020,0;4,0;0,0;0,0;1,0;0,0;0,0
CHPB;UNIDADE INTERNAÇÃO - PSIQUIATRIA CASA LAR 3;2019,0;2,0;0,0;0,0;1,0;0,0;0,0
CHPB;UNIDADE INTERNAÇÃO - PSIQUIATRIA CASA LAR 3;2020,0;2,0;0,0;0,0;1,0;0,0;0,0
CHPB;UNIDADE INTERNAÇÃO - PSIQUIATRIA CASA LAR 3;2020,0;5,0;0,0;0,0;1,0;0,0;0,0
CHPB;UNIDADE INTERNAÇÃO - PSIQUIATRIA CASA LAR 3;2020,0;9,0;1,0;0,0;1,0;1,0;0,0
CHPB;UNIDADE INTERNAÇÃO - PSIQUIATRIA MÓDULO RESIDENCIAL 2;2019,0;1,0;1,0;0,0;1,0;1,0;0,0
CHPB;UNIDADE INTERNAÇÃO - PSIQUIATRIA MÓDULO RESIDENCIAL 2;2019,0;2,0;0,0;0,0;3,0;0,0;0,0
CHPB;UNIDADE INTERNAÇÃO - PSIQUIATRIA MÓDULO RESIDENCIAL 2;2019,0;9,0;1,0;0,0;1,0;1,0;0,0
CHPB;UNIDADE INTERNAÇÃO - PSIQUIATRIA MÓDULO RESIDENCIAL 2;2019,0;10,0;0,0;0,0;3,0;0,0;0,0
CHPB;UNIDADE INTERNAÇÃO - PSIQUIATRIA MÓDULO RESIDENCIAL 2;2019,0;11,0;0,0;0,0;1,0;0,0;0,0
CHPB;UNIDADE INTERNAÇÃO - PSIQUIATRIA MÓDULO RESIDENCIAL 2;2019,0;12,0;0,0;0,0;3,0;0,0;0,0
CHPB;UNIDADE INTERNAÇÃO - PSIQUIATRIA MÓDULO RESIDENCIAL 2;2020,0;1,0;0,0;0,0;3,0;0,0;0,0
CHPB;UNIDADE INTERNAÇÃO - PSIQUIATRIA MÓDULO RESIDENCIAL 2;2020,0;3,0;0,0;0,0;1,0;0,0;0,0
CHPB;UNIDADE INTERNAÇÃO - PSIQUIATRIA MÓDULO RESIDENCIAL 2;2020,0;6,0;0,0;0,0;2,0;0,0;0,0
CHPB;UNIDADE INTERNAÇÃO - PSIQUIATRIA MÓDULO RESIDENCIAL 2;2020,0;8,0;2,0;0,0;2,0;1,0;0,0
CHPB;UNIDADE INTERNAÇÃO - PSIQUIATRIA MÓDULO RESIDENCIAL 2;2020,0;9,0;0,0;0,0;1,0;0,0;0,0
CHPB;UNIDADE INTERNAÇÃO - PSIQUIATRIA MÓDULO RESIDENCIAL 2;2020,0;12,0;0,0;0,0;1,0;0,0;0,0
CHPB;UNIDADE INTERNAÇÃO - PSIQUIATRIA MÓDULO RESIDENCIAL 3;2019,0;5,0;0,0;0,0;1,0;0,0;0,0
CHPB;UNIDADE INTERNAÇÃO - PSIQUIATRIA MÓDULO RESIDENCIAL 3;2019,0;10,0;0,0;0,0;1,0;0,0;0,0
CHPB;UNIDADE INTERNAÇÃO - PSIQUIATRIA MÓDULO RESIDENCIAL 3;2020,0;1,0;0,0;0,0;1,0;0,0;0,0
CHPB;UNIDADE INTERNAÇÃO - PSIQUIATRIA MÓDULO RESIDENCIAL 3;2020,0;6,0;2,0;0,0;1,0;2,0;0,0
CHPB;UNIDADE INTERNAÇÃO - PSIQUIATRIA MÓDULO RESIDENCIAL 3;2020,0;11,0;1,0;0,0;1,0;1,0;0,0
CHPB;UNIDADE INTERNAÇÃO - PSIQUIATRIA MÓDULO RESIDENCIAL 4;2019,0;2,0;8,0;0,0;1,0;8,0;0,0
CHPB;UNIDADE INTERNAÇÃO - PSIQUIATRIA MÓDULO RESIDENCIAL 4;2019,0;7,0;0,0;0,0;1,0;0,0;0,0
CHPB;UNIDADE INTERNAÇÃO - PSIQUIATRIA MÓDULO RESIDENCIAL 4;2019,0;10,0;0,0;0,0;1,0;0,0;0,0
CHPB;UNIDADE INTERNAÇÃO - PSIQUIATRIA MÓDULO RESIDENCIAL 4;2020,0;1,0;2,0;0,0;1,0;2,0;0,0
CHPB;UNIDADE INTERNAÇÃO - PSIQUIATRIA MÓDULO RESIDENCIAL 4;2020,0;2,0;0,0;0,0;1,0;0,0;0,0
CHPB;UNIDADE INTERNAÇÃO - PSIQUIATRIA MÓDULO RESIDENCIAL 4;2020,0;4,0;1,0;0,0;1,0;1,0;0,0
CHPB;UNIDADE INTERNAÇÃO - PSIQUIATRIA MÓDULO RESIDENCIAL 4;2020,0;5,0;0,0;0,0;1,0;0,0;0,0
CHPB;UNIDADE INTERNAÇÃO - PSIQUIATRIA MÓDULO RESIDENCIAL 4;2020,0;9,0;0,0;0,0;1,0;0,0;0,0
CHPB;UNIDADE INTERNAÇÃO - PSIQUIATRIA MÓDULO RESIDENCIAL 5;2019,0;5,0;1,0;0,0;3,0;0,3333333333333333;0,0
CHPB;UNIDADE INTERNAÇÃO - PSIQUIATRIA MÓDULO RESIDENCIAL 5;2019,0;6,0;1,0;0,0;3,0;0,3333333333333333;0,0
CHPB;UNIDADE INTERNAÇÃO - PSIQUIATRIA MÓDULO RESIDENCIAL 5;2019,0;9,0;5,0;0,0;1,0;5,0;0,0
CHPB;UNIDADE INTERNAÇÃO - PSIQUIATRIA MÓDULO RESIDENCIAL 5;2019,0;12,0;4,0;0,0;1,0;4,0;0,0
CHPB;UNIDADE INTERNAÇÃO - PSIQUIATRIA MÓDULO RESIDENCIAL 5;2020,0;2,0;0,0;0,0;1,0;0,0;0,0
CHPB;UNIDADE INTERNAÇÃO - PSIQUIATRIA MÓDULO RESIDENCIAL 5;2020,0;3,0;1,0;0,0;1,0;1,0;0,0
CHPB;UNIDADE INTERNAÇÃO - PSIQUIATRIA MÓDULO RESIDENCIAL 5;2020,0;9,0;0,0;0,0;1,0;0,0;0,0
CHPB;UNIDADE INTERNAÇÃO - PSIQUIATRIA MÓDULO RESIDENCIAL 5;2020,0;11,0;0,0;0,0;1,0;0,0;0,0
CSPD;UNIDADE DE CUIDADOS CONTINUADOS INTEGRADOS;2022,0;9,0;5,0;12,0;1,0;5,0;12,0
CSPD;UNIDADE DE CUIDADOS CONTINUADOS INTEGRADOS;2022,0;10,0;10,0;183,0;11,0;0,9090909090909091;16,636363636363637
CSPD;UNIDADE DE CUIDADOS CONTINUADOS INTEGRADOS;2022,0;11,0;12,0;166,0;2,0;6,0;83,0
CSPD;UNIDADE DE CUIDADOS CONTINUADOS INTEGRADOS;2022,0;12,0;21,0;187,0;11,0;1,9090909090909092;17,0
CSPD;UNIDADE DE CUIDADOS CONTINUADOS INTEGRADOS;2023,0;1,0;10,0;179,0;8,0;1,25;22,375
CSPD;UNIDADE DE CUIDADOS CONTINUADOS INTEGRADOS;2023,0;2,0;25,0;214,0;7,0;3,5714285714285716;30,571428571428573
CSPD;UNIDADE DE CUIDADOS CONTINUADOS INTEGRADOS;2023,0;3,0;26,0;245,0;7,0;3,7142857142857144;35,0
CSPD;UNIDADE DE CUIDADOS CONTINUADOS INTEGRADOS;2023,0;4,0;12,0;203,0;8,0;1,5;25,375
CSPD;UNIDADE DE CUIDADOS CONTINUADOS INTEGRADOS;2023,0;5,0;14,0;190,0;11,0;1,2727272727272727;17,272727272727273
CSPD;UNIDADE DE CUIDADOS CONTINUADOS INTEGRADOS;2023,0;6,0;23,0;263,0;10,0;2,3;26,3
CSPD;UNIDADE DE CUIDADOS CONTINUADOS INTEGRADOS;2023,0;7,0;24,0;266,0;11,0;2,1818181818181817;24,181818181818183
CSPD;UNIDADE DE CUIDADOS CONTINUADOS INTEGRADOS;2023,0;8,0;17,0;160,0;10,0;1,7;16,0
CSPD;UNIDADE DE CUIDADOS CONTINUADOS INTEGRADOS;2023,0;9,0;12,0;260,0;12,0;1,0;21,666666666666668
CSPD;UNIDADE DE CUIDADOS CONTINUADOS INTEGRADOS;2023,0;10,0;32,0;532,0;31,0;1,032258064516129;17,161290322580644
CSPD;UNIDADE DE CUIDADOS CONTINUADOS INTEGRADOS;2023,0;11,0;6,0;158,0;8,0;0,75;19,75
CSPD;UNIDADE DE INTERNAÇÃO DE CUIDADOS PROLONGADOS;2023,0;11,0;20,0;380,0;23,0;0,8695652173913043;16,52173913043478
CSPD;UNIDADE DE INTERNAÇÃO DE CUIDADOS PROLONGADOS;2023,0;12,0;35,0;563,0;41,0;0,8536585365853658;13,731707317073171
CSPD;UNIDADE DE INTERNAÇÃO DE CUIDADOS PROLONGADOS;2024,0;1,0;39,0;647,0;45,0;0,8666666666666667;14,377777777777778
CSPD;UNIDADE DE INTERNAÇÃO DE CUIDADOS PROLONGADOS;2024,0;2,0;40,0;623,0;31,0;1,2903225806451613;20,096774193548388
CSPD;UNIDADE DE INTERNAÇÃO DE CUIDADOS PROLONGADOS;2024,0;3,0;34,0;1151,0;45,0;0,7555555555555555;25,57777777777778
CSPD;UNIDADE DE INTERNAÇÃO DE CUIDADOS PROLONGADOS;2024,0;4,0;56,0;1592,0;50,0;1,12;31,84
CSPD;UNIDADE DE INTERNAÇÃO DE CUIDADOS PROLONGADOS;2024,0;5,0;39,0;1754,0;47,0;0,8297872340425532;37,319148936170215
CSPD;UNIDADE DE INTERNAÇÃO DE CUIDADOS PROLONGADOS;2024,0;6,0;42,0;1605,0;28,0;1,5;57,32142857142857
CSPD;UNIDADE DE INTERNAÇÃO DE CUIDADOS PROLONGADOS;2024,0;7,0;34,0;848,0;40,0;0,85;21,2
CSPD;UNIDADE INTERNAÇÃO - CLINICA MÉDICA;2019,0;1,0;24,0;226,0;33,0;0,7272727272727273;6,848484848484849
CSPD;UNIDADE INTERNAÇÃO - CLINICA MÉDICA;2019,0;2,0;34,0;365,0;44,0;0,7727272727272727;8,295454545454545
CSPD;UNIDADE INTERNAÇÃO - CLINICA MÉDICA;2019,0;3,0;34,0;277,0;26,0;1,3076923076923077;10,653846153846153
CSPD;UNIDADE INTERNAÇÃO - CLINICA MÉDICA;2019,0;4,0;46,0;379,0;38,0;1,2105263157894737;9,973684210526315
CSPD;UNIDADE INTERNAÇÃO - CLINICA MÉDICA;2019,0;5,0;45,0;348,0;36,0;1,25;9,666666666666666
CSPD;UNIDADE INTERNAÇÃO - CLINICA MÉDICA;2019,0;6,0;58,0;441,0;49,0;1,183673469387755;9,0
CSPD;UNIDADE INTERNAÇÃO - CLINICA MÉDICA;2019,0;7,0;38,0;292,0;35,0;1,0857142857142856;8,342857142857143
CSPD;UNIDADE INTERNAÇÃO - CLINICA MÉDICA;2019,0;8,0;48,0;332,0;37,0;1,2972972972972974;8,972972972972974
CSPD;UNIDADE INTERNAÇÃO - CLINICA MÉDICA;2019,0;9,0;64,0;450,0;38,0;1,6842105263157894;11,842105263157896
CSPD;UNIDADE INTERNAÇÃO - CLINICA MÉDICA;2019,0;10,0;57,0;310,0;34,0;1,6764705882352942;9,117647058823529
CSPD;UNIDADE INTERNAÇÃO - CLINICA MÉDICA;2019,0;11,0;30,0;308,0;30,0;1,0;10,266666666666667
CSPD;UNIDADE INTERNAÇÃO - CLINICA MÉDICA;2019,0;12,0;37,0;330,0;28,0;1,3214285714285714;11,785714285714286
CSPD;UNIDADE INTERNAÇÃO - CLINICA MÉDICA;2020,0;1,0;39,0;364,0;45,0;0,8666666666666667;8,088888888888889
CSPD;UNIDADE INTERNAÇÃO - CLINICA MÉDICA;2020,0;2,0;43,0;369,0;47,0;0,9148936170212766;7,851063829787234
CSPD;UNIDADE INTERNAÇÃO - CLINICA MÉDICA;2020,0;3,0;31,0;294,0;34,0;0,9117647058823529;8,647058823529411
CSPD;UNIDADE INTERNAÇÃO - CLINICA MÉDICA;2020,0;4,0;19,0;212,0;19,0;1,0;11,157894736842104
CSPD;UNIDADE INTERNAÇÃO - CLINICA MÉDICA;2020,0;5,0;23,0;293,0;20,0;1,15;14,65
CSPD;UNIDADE INTERNAÇÃO - CLINICA MÉDICA;2020,0;6,0;32,0;233,0;23,0;1,391304347826087;10,130434782608695
CSPD;UNIDADE INTERNAÇÃO - CLINICA MÉDICA;2020,0;7,0;22,0;270,0;17,0;1,2941176470588236;15,882352941176471
CSPD;UNIDADE INTERNAÇÃO - CLINICA MÉDICA;2020,0;8,0;16,0;305,0;24,0;0,6666666666666666;12,708333333333334
CSPD;UNIDADE INTERNAÇÃO - CLINICA MÉDICA;2020,0;9,0;25,0;348,0;31,0;0,8064516129032258;11,225806451612904
CSPD;UNIDADE INTERNAÇÃO - CLINICA MÉDICA;2020,0;10,0;28,0;397,0;30,0;0,9333333333333333;13,233333333333333
CSPD;UNIDADE INTERNAÇÃO - CLINICA MÉDICA;2020,0;11,0;28,0;320,0;18,0;1,5555555555555556;17,77777777777778
CSPD;UNIDADE INTERNAÇÃO - CLINICA MÉDICA;2020,0;12,0;29,0;286,0;32,0;0,90625;8,9375
CSPD;UNIDADE INTERNAÇÃO - CLINICA MÉDICA;2021,0;1,0;29,0;314,0;30,0;0,9666666666666667;10,466666666666667
CSPD;UNIDADE INTERNAÇÃO - CLINICA MÉDICA;2021,0;2,0;38,0;315,0;28,0;1,3571428571428572;11,25
CSPD;UNIDADE INTERNAÇÃO - CLINICA MÉDICA;2021,0;3,0;39,0;238,0;25,0;1,56;9,52
CSPD;UNIDADE INTERNAÇÃO - CLINICA MÉDICA;2021,0;4,0;45,0;347,0;35,0;1,2857142857142858;9,914285714285715
CSPD;UNIDADE INTERNAÇÃO - CLINICA MÉDICA;2021,0;5,0;54,0;395,0;25,0;2,16;15,8
CSPD;UNIDADE INTERNAÇÃO - CLINICA MÉDICA;2021,0;6,0;52,0;384,0;35,0;1,4857142857142858;10,971428571428572
CSPD;UNIDADE INTERNAÇÃO - CLINICA MÉDICA;2021,0;7,0;29,0;420,0;30,0;0,9666666666666667;14,0
CSPD;UNIDADE INTERNAÇÃO - CLINICA MÉDICA;2021,0;8,0;54,0;412,0;32,0;1,6875;12,875
CSPD;UNIDADE INTERNAÇÃO - CLINICA MÉDICA;2021,0;9,0;42,0;319,0;35,0;1,2;9,114285714285714
CSPD;UNIDADE INTERNAÇÃO - CLINICA MÉDICA;2021,0;10,0;44,0;379,0;27,0;1,6296296296296295;14,037037037037036
CSPD;UNIDADE INTERNAÇÃO - CLINICA MÉDICA;2021,0;11,0;50,0;507,0;40,0;1,25;12,675
CSPD;UNIDADE INTERNAÇÃO - CLINICA MÉDICA;2021,0;12,0;61,0;515,0;36,0;1,6944444444444444;14,305555555555555
CSPD;UNIDADE INTERNAÇÃO - CLINICA MÉDICA;2022,0;1,0;56,0;366,0;34,0;1,6470588235294117;10,764705882352942
CSPD;UNIDADE INTERNAÇÃO - CLINICA MÉDICA;2022,0;2,0;25,0;232,0;25,0;1,0;9,28
CSPD;UNIDADE INTERNAÇÃO - CLINICA MÉDICA;2022,0;3,0;42,0;445,0;32,0;1,3125;13,90625
CSPD;UNIDADE INTERNAÇÃO - CLINICA MÉDICA;2022,0;4,0;47,0;498,0;40,0;1,175;12,45
CSPD;UNIDADE INTERNAÇÃO - CLINICA MÉDICA;2022,0;5,0;71,0;615,0;52,0;1,3653846153846154;11,826923076923077
CSPD;UNIDADE INTERNAÇÃO - CLINICA MÉDICA;2022,0;6,0;94,0;669,0;36,0;2,611111111111111;18,583333333333332
CSPD;UNIDADE INTERNAÇÃO - CLINICA MÉDICA;2022,0;7,0;57,0;628,0;41,0;1,3902439024390243;15,317073170731707
CSPD;UNIDADE INTERNAÇÃO - CLINICA MÉDICA;2022,0;8,0;66,0;706,0;43,0;1,5348837209302326;16,41860465116279
CSPD;UNIDADE INTERNAÇÃO - CLINICA MÉDICA;2022,0;9,0;42,0;586,0;38,0;1,105263157894737;15,421052631578947
CSPD;UNIDADE INTERNAÇÃO - CLINICA MÉDICA;2022,0;10,0;17,0;231,0;23,0;0,7391304347826086;10,043478260869565
CSPD;UNIDADE INTERNAÇÃO - CLINICA MÉDICA;2022,0;11,0;26,0;313,0;23,0;1,1304347826086956;13,608695652173912
CSPD;UNIDADE INTERNAÇÃO - CLINICA MÉDICA;2022,0;12,0;21,0;262,0;21,0;1,0;12,476190476190476
CSPD;UNIDADE INTERNAÇÃO - CLINICA MÉDICA;2023,0;1,0;19,0;262,0;28,0;0,6785714285714286;9,357142857142858
CSPD;UNIDADE INTERNAÇÃO - CLINICA MÉDICA;2023,0;2,0;32,0;457,0;16,0;2,0;28,5625
CSPD;UNIDADE INTERNAÇÃO - CLINICA MÉDICA;2023,0;3,0;48,0;408,0;30,0;1,6;13,6
CSPD;UNIDADE INTERNAÇÃO - CLINICA MÉDICA;2023,0;4,0;29,0;428,0;23,0;1,2608695652173914;18,608695652173914
CSPD;UNIDADE INTERNAÇÃO - CLINICA MÉDICA;2023,0;5,0;35,0;443,0;32,0;1,09375;13,84375
CSPD;UNIDADE INTERNAÇÃO - CLINICA MÉDICA;2023,0;6,0;52,0;532,0;21,0;2,4761904761904763;25,333333333333332
CSPD;UNIDADE INTERNAÇÃO - CLINICA MÉDICA;2023,0;7,0;30,0;403,0;19,0;1,5789473684210527;21,210526315789473
CSPD;UNIDADE INTERNAÇÃO - CLINICA MÉDICA;2023,0;8,0;33,0;517,0;32,0;1,03125;16,15625
CSPD;UNIDADE INTERNAÇÃO - CLINICA MÉDICA;2023,0;9,0;32,0;551,0;21,0;1,5238095238095237;26,238095238095237
CSPD;UNIDADE INTERNAÇÃO - CLINICA MÉDICA;2023,0;10,0;17,0;252,0;8,0;2,125;31,5
CSSFA;AMBULATORIO - ESPECIALIDADES Consultorios;2019,0;1,0;5,0;57,0;1,0;5,0;57,0
CSSFA;AMBULATORIO - ESPECIALIDADES Consultorios;2021,0;1,0;6,0;88,0;1,0;6,0;88,0
CSSFA;AMBULATORIO - ESPECIALIDADES Consultorios;2021,0;6,0;8,0;70,0;1,0;8,0;70,0
CSSFA;CENTRO DE TRATAMENTO DE LESÕES;2019,0;2,0;0,0;2,0;1,0;0,0;2,0
CSSFA;CENTRO DE TRATAMENTO DE LESÕES;2019,0;5,0;0,0;0,0;1,0;0,0;0,0
CSSFA;UNIDADE DE INTERNACAO CCI Cuidados Continuados Integ;2019,0;1,0;9,0;82,0;4,0;2,25;20,5
CSSFA;UNIDADE DE INTERNACAO CCI Cuidados Continuados Integ;2019,0;2,0;11,0;62,0;11,0;1,0;5,636363636363637
CSSFA;UNIDADE DE INTERNACAO CCI Cuidados Continuados Integ;2019,0;3,0;16,0;60,0;10,0;1,6;6,0
CSSFA;UNIDADE DE INTERNACAO CCI Cuidados Continuados Integ;2019,0;4,0;13,0;90,0;13,0;1,0;6,923076923076923
CSSFA;UNIDADE DE INTERNACAO CCI Cuidados Continuados Integ;2019,0;5,0;30,0;178,0;8,0;3,75;22,25
CSSFA;UNIDADE DE INTERNACAO CCI Cuidados Continuados Integ;2019,0;6,0;24,0;172,0;13,0;1,8461538461538463;13,23076923076923
CSSFA;UNIDADE DE INTERNACAO CCI Cuidados Continuados Integ;2019,0;7,0;15,0;122,0;23,0;0,6521739130434783;5,304347826086956
CSSFA;UNIDADE DE INTERNACAO CCI Cuidados Continuados Integ;2019,0;8,0;23,0;88,0;11,0;2,090909090909091;8,0
CSSFA;UNIDADE DE INTERNACAO CCI Cuidados Continuados Integ;2019,0;9,0;16,0;113,0;12,0;1,3333333333333333;9,416666666666666
CSSFA;UNIDADE DE INTERNACAO CCI Cuidados Continuados Integ;2019,0;10,0;13,0;94,0;16,0;0,8125;5,875
CSSFA;UNIDADE DE INTERNACAO CCI Cuidados Continuados Integ;2019,0;11,0;16,0;155,0;22,0;0,7272727272727273;7,045454545454546
CSSFA;UNIDADE DE INTERNACAO CCI Cuidados Continuados Integ;2019,0;12,0;9,0;34,0;16,0;0,5625;2,125
CSSFA;UNIDADE DE INTERNACAO CCI Cuidados Continuados Integ;2020,0;1,0;5,0;44,0;6,0;0,8333333333333334;7,333333333333333
CSSFA;UNIDADE DE INTERNACAO CCI Cuidados Continuados Integ;2020,0;2,0;20,0;133,0;13,0;1,5384615384615385;10,23076923076923
CSSFA;UNIDADE DE INTERNACAO CCI Cuidados Continuados Integ;2020,0;3,0;10,0;124,0;25,0;0,4;4,96
CSSFA;UNIDADE DE INTERNACAO CCI Cuidados Continuados Integ;2020,0;4,0;9,0;58,0;9,0;1,0;6,444444444444445
CSSFA;UNIDADE DE INTERNACAO CCI Cuidados Continuados Integ;2020,0;5,0;25,0;142,0;13,0;1,9230769230769231;10,923076923076923
CSSFA;UNIDADE DE INTERNACAO CCI Cuidados Continuados Integ;2020,0;6,0;19,0;153,0;11,0;1,7272727272727273;13,909090909090908
CSSFA;UNIDADE DE INTERNACAO CCI Cuidados Continuados Integ;2020,0;7,0;17,0;138,0;10,0;1,7;13,8
CSSFA;UNIDADE DE INTERNACAO CCI Cuidados Continuados Integ;2020,0;8,0;21,0;221,0;18,0;1,1666666666666667;12,277777777777779
CSSFA;UNIDADE DE INTERNACAO CCI Cuidados Continuados Integ;2020,0;9,0;32,0;218,0;13,0;2,4615384615384617;16,76923076923077
CSSFA;UNIDADE DE INTERNACAO CCI Cuidados Continuados Integ;2020,0;10,0;12,0;150,0;19,0;0,631578947368421;7,894736842105263
CSSFA;UNIDADE DE INTERNACAO CCI Cuidados Continuados Integ;2020,0;11,0;27,0;128,0;14,0;1,9285714285714286;9,142857142857142
CSSFA;UNIDADE DE INTERNACAO CCI Cuidados Continuados Integ;2020,0;12,0;28,0;166,0;22,0;1,2727272727272727;7,545454545454546
CSSFA;UNIDADE DE INTERNACAO CCI Cuidados Continuados Integ;2021,0;1,0;40,0;201,0;17,0;2,3529411764705883;11,823529411764707
CSSFA;UNIDADE DE INTERNACAO CCI Cuidados Continuados Integ;2021,0;2,0;22,0;102,0;23,0;0,9565217391304348;4,434782608695652
CSSFA;UNIDADE DE INTERNACAO CCI Cuidados Continuados Integ;2021,0;3,0;18,0;149,0;22,0;0,8181818181818182;6,7727272727272725
CSSFA;UNIDADE DE INTERNACAO CCI Cuidados Continuados Integ;2021,0;4,0;19,0;161,0;20,0;0,95;8,05
CSSFA;UNIDADE DE INTERNACAO CCI Cuidados Continuados Integ;2021,0;5,0;56,0;224,0;29,0;1,9310344827586208;7,724137931034483
CSSFA;UNIDADE DE INTERNACAO CCI Cuidados Continuados Integ;2021,0;6,0;39,0;148,0;27,0;1,4444444444444444;5,481481481481482
CSSFA;UNIDADE DE INTERNACAO CCI Cuidados Continuados Integ;2021,0;7,0;38,0;222,0;22,0;1,7272727272727273;10,090909090909092
CSSFA;UNIDADE DE INTERNACAO CCI Cuidados Continuados Integ;2021,0;8,0;39,0;287,0;26,0;1,5;11,038461538461538
CSSFA;UNIDADE DE INTERNACAO CCI Cuidados Continuados Integ;2021,0;9,0;45,0;184,0;21,0;2,142857142857143;8,761904761904763
CSSFA;UNIDADE DE INTERNACAO CCI Cuidados Continuados Integ;2021,0;10,0;51,0;242,0;25,0;2,04;9,68
CSSFA;UNIDADE DE INTERNACAO CCI Cuidados Continuados Integ;2021,0;11,0;50,0;260,0;25,0;2,0;10,4
CSSFA;UNIDADE DE INTERNACAO CCI Cuidados Continuados Integ;2021,0;12,0;31,0;285,0;17,0;1,8235294117647058;16,764705882352942
CSSFA;UNIDADE DE INTERNACAO CCI Cuidados Continuados Integ;2022,0;1,0;42,0;189,0;22,0;1,9090909090909092;8,590909090909092
CSSFA;UNIDADE DE INTERNACAO CCI Cuidados Continuados Integ;2022,0;2,0;34,0;185,0;13,0;2,6153846153846154;14,23076923076923
CSSFA;UNIDADE DE INTERNACAO CCI Cuidados Continuados Integ;2022,0;3,0;46,0;260,0;23,0;2,0;11,304347826086957
CSSFA;UNIDADE DE INTERNACAO CCI Cuidados Continuados Integ;2022,0;4,0;36,0;212,0;30,0;1,2;7,066666666666666
CSSFA;UNIDADE DE INTERNACAO CCI Cuidados Continuados Integ;2022,0;5,0;26,0;155,0;20,0;1,3;7,75
CSSFA;UNIDADE DE INTERNACAO CCI Cuidados Continuados Integ;2022,0;6,0;30,0;226,0;24,0;1,25;9,416666666666666
CSSFA;UNIDADE DE INTERNACAO CCI Cuidados Continuados Integ;2022,0;7,0;40,0;303,0;29,0;1,3793103448275863;10,448275862068966
CSSFA;UNIDADE DE INTERNACAO CCI Cuidados Continuados Integ;2022,0;8,0;60,0;189,0;23,0;2,608695652173913;8,217391304347826
CSSFA;UNIDADE DE INTERNACAO CCI Cuidados Continuados Integ;2022,0;9,0;35,0;298,0;24,0;1,4583333333333333;12,416666666666666
CSSFA;UNIDADE DE INTERNACAO CCI Cuidados Continuados Integ;2022,0;10,0;48,0;343,0;23,0;2,0869565217391304;14,91304347826087
CSSFA;UNIDADE DE INTERNACAO CCI Cuidados Continuados Integ;2022,0;11,0;32,0;292,0;23,0;1,391304347826087;12,695652173913043
CSSFA;UNIDADE DE INTERNACAO CCI Cuidados Continuados Integ;2022,0;12,0;36,0;268,0;27,0;1,3333333333333333;9,925925925925926
CSSFA;UNIDADE DE INTERNACAO CCI Cuidados Continuados Integ;2023,0;1,0;37,0;326,0;13,0;2,8461538461538463;25,076923076923077
CSSFA;UNIDADE DE INTERNACAO CCI Cuidados Continuados Integ;2023,0;2,0;35,0;262,0;12,0;2,9166666666666665;21,833333333333332
CSSFA;UNIDADE DE INTERNACAO CCI Cuidados Continuados Integ;2023,0;3,0;38,0;231,0;32,0;1,1875;7,21875
CSSFA;UNIDADE DE INTERNACAO CCI Cuidados Continuados Integ;2023,0;4,0;42,0;177,0;18,0;2,3333333333333335;9,833333333333334
CSSFA;UNIDADE DE INTERNACAO CCI Cuidados Continuados Integ;2023,0;5,0;49,0;357,0;14,0;3,5;25,5
CSSFA;UNIDADE DE INTERNACAO CCI Cuidados Continuados Integ;2023,0;6,0;31,0;233,0;16,0;1,9375;14,5625
CSSFA;UNIDADE DE INTERNACAO CCI Cuidados Continuados Integ;2023,0;7,0;56,0;256,0;12,0;4,666666666666667;21,333333333333332
CSSFA;UNIDADE DE INTERNACAO CCI Cuidados Continuados Integ;2023,0;8,0;37,0;318,0;18,0;2,0555555555555554;17,666666666666668
CSSFA;UNIDADE DE INTERNACAO CCI Cuidados Continuados Integ;2023,0;9,0;48,0;328,0;11,0;4,363636363636363;29,818181818181817
CSSFA;UNIDADE DE INTERNACAO CCI Cuidados Continuados Integ;2023,0;10,0;30,0;248,0;19,0;1,5789473684210527;13,052631578947368
CSSFA;UNIDADE DE INTERNACAO CCI Cuidados Continuados Integ;2023,0;11,0;48,0;311,0;12,0;4,0;25,916666666666668
CSSFA;UNIDADE DE INTERNACAO CCI Cuidados Continuados Integ;2023,0;12,0;46,0;406,0;19,0;2,4210526315789473;21,36842105263158
CSSFA;UNIDADE DE INTERNACAO CCI Cuidados Continuados Integ;2024,0;1,0;48,0;358,0;14,0;3,4285714285714284;25,571428571428573
CSSFA;UNIDADE DE INTERNACAO CCI Cuidados Continuados Integ;2024,0;2,0;54,0;457,0;10,0;5,4;45,7
CSSFA;UNIDADE DE INTERNACAO CCI Cuidados Continuados Integ;2024,0;3,0;61,0;544,0;30,0;2,033333333333333;18,133333333333333
CSSFA;UNIDADE DE INTERNACAO CCI Cuidados Continuados Integ;2024,0;4,0;58,0;434,0;24,0;2,4166666666666665;18,083333333333332
CSSFA;UNIDADE DE INTERNACAO CCI Cuidados Continuados Integ;2024,0;5,0;50,0;661,0;24,0;2,0833333333333335;27,541666666666668
CSSFA;UNIDADE DE INTERNACAO CCI Cuidados Continuados Integ;2024,0;6,0;40,0;470,0;12,0;3,3333333333333335;39,166666666666664
CSSFA;UNIDADE DE INTERNACAO CCI Cuidados Continuados Integ;2024,0;7,0;44,0;594,0;22,0;2,0;27,0
CSSFA;UNIDADE DE INTERNACAO CCI Cuidados Continuados Integ;2024,0;8,0;64,0;715,0;35,0;1,8285714285714285;20,428571428571427
CSSFA;UNIDADE DE INTERNACAO CCI Cuidados Continuados Integ;2024,0;9,0;42,0;549,0;20,0;2,1;27,45
CSSFA;UNIDADE DE INTERNACAO CCI Cuidados Continuados Integ;2024,0;10,0;66,0;698,0;28,0;2,357142857142857;24,928571428571427
CSSFA;UNIDADE DE INTERNACAO CCI Cuidados Continuados Integ;2024,0;11,0;78,0;811,0;19,0;4,105263157894737;42,68421052631579
CSSFA;UNIDADE DE INTERNACAO CCI Cuidados Continuados Integ;2024,0;12,0;75,0;830,0;20,0;3,75;41,5
CSSFA;UNIDADE DE INTERNACAO CCI Cuidados Continuados Integ;2025,0;1,0;68,0;758,0;21,0;3,238095238095238;36,095238095238095
CSSFA;UNIDADE DE INTERNACAO CCI Cuidados Continuados Integ;2025,0;2,0;59,0;564,0;17,0;3,4705882352941178;33,1764705882353
CSSFA;UNIDADE DE INTERNACAO CCI Cuidados Continuados Integ;2025,0;3,0;41,0;469,0;13,0;3,1538461538461537;36,07692307692308
CSSFA;UNIDADE DE INTERNACAO CCI Cuidados Continuados Integ;2025,0;4,0;37,0;377,0;18,0;2,0555555555555554;20,944444444444443
CSSFA;UNIDADE DE INTERNACAO CCI Cuidados Continuados Integ;2025,0;5,0;51,0;509,0;19,0;2,6842105263157894;26,789473684210527
CSSFA;UNIDADE DE INTERNACAO CCI Cuidados Continuados Integ;2025,0;6,0;68,0;661,0;17,0;4,0;38,88235294117647
CSSFA;UNIDADE DE INTERNACAO CCI Cuidados Continuados Integ;2025,0;7,0;76,0;764,0;20,0;3,8;38,2
CSSFA;UNIDADE DE INTERNACAO CCI Cuidados Continuados Integ;2025,0;8,0;72,0;746,0;26,0;2,769230769230769;28,692307692307693
CSSFA;UNIDADE DE INTERNACAO CCI Cuidados Continuados Integ;2025,0;9,0;63,0;825,0;15,0;4,2;55,0
CSSFA;UNIDADE DE INTERNACAO CCI Cuidados Continuados Integ;2025,0;10,0;40,0;514,0;16,0;2,5;32,125
CSSFA;UNIDADE DE INTERNACAO CCI Cuidados Continuados Integ;2025,0;11,0;29,0;360,0;19,0;1,5263157894736843;18,94736842105263
CSSFA;UNIDADE DE INTERNACAO CCI Cuidados Continuados Integ;2025,0;12,0;36,0;456,0;18,0;2,0;25,333333333333332
CSSFA;UNIDADE DE INTERNACAO CCI Cuidados Continuados Integ;2026,0;1,0;57,0;602,0;12,0;4,75;50,166666666666664
CSSFA;UNIDADE DE INTERNACAO CCI Cuidados Continuados Integ;2026,0;2,0;59,0;588,0;18,0;3,2777777777777777;32,666666666666664
CSSFA;UNIDADE DE INTERNACAO CCI Cuidados Continuados Integ;2026,0;3,0;52,0;693,0;20,0;2,6;34,65
CSSFA;UNIDADE DE INTERNACAO CCI Cuidados Continuados Integ;2026,0;4,0;51,0;634,0;23,0;2,217391304347826;27,565217391304348
CSSFA;UNIDADE DE INTERNACAO CCI Cuidados Continuados Integ;2026,0;5,0;67,0;651,0;24,0;2,7916666666666665;27,125
CSSFA;UNIDADE DE INTERNACAO CCI Cuidados Continuados Integ;2026,0;6,0;56,0;521,0;12,0;4,666666666666667;43,416666666666664
CSSFA;UNIDADE DE INTERNACAO CCI Cuidados Continuados Integ;2026,0;7,0;62,0;827,0;28,0;2,2142857142857144;29,535714285714285
CSSFA;UNIDADE DE INTERNACAO CCI Cuidados Continuados Integ;2026,0;8,0;57,0;642,0;21,0;2,7142857142857144;30,571428571428573
CSSFA;UNIDADE INTERNAÇÃO - CLINICA CIRURGICA;2019,0;10,0;0,0;0,0;5,0;0,0;0,0
CSSFA;UNIDADE INTERNAÇÃO - CLINICA CIRURGICA;2019,0;11,0;0,0;0,0;11,0;0,0;0,0
CSSFA;UNIDADE INTERNAÇÃO - CLINICA CIRURGICA;2019,0;12,0;1,0;0,0;10,0;0,1;0,0
CSSFA;UNIDADE INTERNAÇÃO - CLINICA CIRURGICA;2020,0;2,0;1,0;0,0;1,0;1,0;0,0
CSSFA;UNIDADE INTERNAÇÃO - CLINICA CIRURGICA;2020,0;3,0;0,0;0,0;1,0;0,0;0,0
CSSFA;UNIDADE INTERNAÇÃO - CLINICA MÉDICA;2019,0;5,0;1,0;27,0;4,0;0,25;6,75
CSSFA;UNIDADE INTERNAÇÃO - CLINICA MÉDICA;2019,0;6,0;5,0;31,0;2,0;2,5;15,5
CSSFA;UNIDADE INTERNAÇÃO - CLINICA MÉDICA;2019,0;7,0;2,0;5,0;3,0;0,6666666666666666;1,6666666666666667
CSSFA;UNIDADE INTERNAÇÃO - CLINICA MÉDICA;2019,0;8,0;2,0;13,0;3,0;0,6666666666666666;4,333333333333333
CSSFA;UNIDADE INTERNAÇÃO - CLINICA MÉDICA;2019,0;9,0;1,0;26,0;2,0;0,5;13,0
CSSFA;UNIDADE INTERNAÇÃO - CLINICA MÉDICA;2019,0;11,0;0,0;5,0;2,0;0,0;2,5
CSSFA;UNIDADE INTERNAÇÃO - CLINICA MÉDICA;2019,0;12,0;1,0;42,0;2,0;0,5;21,0
CSSFA;UNIDADE INTERNAÇÃO - CLINICA MÉDICA;2020,0;1,0;0,0;4,0;1,0;0,0;4,0
CSSFA;UNIDADE INTERNAÇÃO - CLINICA MÉDICA;2020,0;2,0;2,0;8,0;1,0;2,0;8,0
CSSFA;UNIDADE INTERNAÇÃO - CLINICA MÉDICA;2020,0;3,0;2,0;5,0;5,0;0,4;1,0
CSSFA;UNIDADE INTERNAÇÃO - CLINICA MÉDICA;2020,0;4,0;0,0;0,0;1,0;0,0;0,0
CSSFA;UNIDADE INTERNAÇÃO - CLINICA MÉDICA;2020,0;9,0;0,0;0,0;2,0;0,0;0,0
CSSFA;UNIDADE INTERNAÇÃO - CLINICA MÉDICA;2020,0;12,0;0,0;2,0;2,0;0,0;1,0
CSSFA;UNIDADE INTERNAÇÃO - CLINICA MÉDICA;2021,0;1,0;0,0;5,0;2,0;0,0;2,5
CSSFA;UNIDADE INTERNAÇÃO - CLINICA MÉDICA;2021,0;2,0;1,0;26,0;6,0;0,16666666666666666;4,333333333333333
CSSFA;UNIDADE INTERNAÇÃO - CLINICA MÉDICA;2021,0;3,0;0,0;0,0;2,0;0,0;0,0
CSSFA;UNIDADE INTERNAÇÃO - CLINICA MÉDICA;2021,0;5,0;0,0;2,0;3,0;0,0;0,6666666666666666
CSSFA;UNIDADE INTERNAÇÃO - CLINICA MÉDICA;2021,0;6,0;0,0;2,0;1,0;0,0;2,0
CSSFA;UNIDADE INTERNAÇÃO - CLINICA MÉDICA;2021,0;7,0;4,0;30,0;3,0;1,3333333333333333;10,0
CSSFA;UNIDADE INTERNAÇÃO - CLINICA MÉDICA;2021,0;8,0;0,0;0,0;2,0;0,0;0,0
CSSFA;UNIDADE INTERNAÇÃO - CLINICA MÉDICA;2022,0;6,0;1,0;24,0;2,0;0,5;12,0
CSSFA;UNIDADE INTERNAÇÃO - CLINICA MÉDICA;2022,0;7,0;1,0;14,0;3,0;0,3333333333333333;4,666666666666667
CSSFA;UNIDADE INTERNAÇÃO - CLINICA MÉDICA;2022,0;9,0;1,0;1,0;3,0;0,3333333333333333;0,3333333333333333
CSSFA;UNIDADE INTERNAÇÃO - CLINICA MÉDICA;2023,0;3,0;0,0;3,0;1,0;0,0;3,0
CSSFA;UNIDADE INTERNAÇÃO - CLINICA MÉDICA;2023,0;5,0;0,0;1,0;2,0;0,0;0,5
CSSFA;UNIDADE INTERNAÇÃO - CLINICA MÉDICA;2023,0;6,0;0,0;44,0;4,0;0,0;11,0
CSSFA;UNIDADE INTERNAÇÃO - CLINICA MÉDICA;2023,0;7,0;0,0;2,0;4,0;0,0;0,5
CSSFA;UNIDADE INTERNAÇÃO - CLINICA MÉDICA;2023,0;8,0;0,0;8,0;4,0;0,0;2,0
CSSFA;UNIDADE INTERNAÇÃO - CLINICA MÉDICA;2023,0;9,0;2,0;19,0;6,0;0,3333333333333333;3,1666666666666665
CSSFA;UNIDADE INTERNAÇÃO - CLINICA MÉDICA;2023,0;10,0;0,0;6,0;5,0;0,0;1,2
CSSFA;UNIDADE INTERNAÇÃO - CLINICA MÉDICA;2023,0;11,0;1,0;8,0;1,0;1,0;8,0
CSSFE;AMBULATORIO - ESPECIALIDADES;2023,0;10,0;0,0;0,0;1,0;0,0;0,0
CSSFE;UNIDADE DE CUIDADOS CONTINUADOS INTEGRADOS;2023,0;5,0;10,0;159,0;1,0;10,0;159,0
CSSFE;UNIDADE DE CUIDADOS CONTINUADOS INTEGRADOS;2023,0;6,0;8,0;193,0;5,0;1,6;38,6
CSSFE;UNIDADE DE CUIDADOS CONTINUADOS INTEGRADOS;2023,0;7,0;23,0;292,0;5,0;4,6;58,4
CSSFE;UNIDADE DE CUIDADOS CONTINUADOS INTEGRADOS;2023,0;8,0;22,0;346,0;5,0;4,4;69,2
CSSFE;UNIDADE DE CUIDADOS CONTINUADOS INTEGRADOS;2023,0;9,0;20,0;277,0;8,0;2,5;34,625
CSSFE;UNIDADE DE CUIDADOS CONTINUADOS INTEGRADOS;2023,0;10,0;12,0;322,0;7,0;1,7142857142857142;46,0
CSSFE;UNIDADE DE CUIDADOS CONTINUADOS INTEGRADOS;2023,0;11,0;9,0;160,0;5,0;1,8;32,0
CSSFE;UNIDADE DE CUIDADOS PROLONGADOS;2023,0;12,0;6,0;44,0;4,0;1,5;11,0
CSSFE;UNIDADE DE CUIDADOS PROLONGADOS;2024,0;1,0;10,0;104,0;4,0;2,5;26,0
CSSFE;UNIDADE DE CUIDADOS PROLONGADOS;2024,0;2,0;9,0;167,0;4,0;2,25;41,75
CSSFE;UNIDADE DE CUIDADOS PROLONGADOS;2024,0;3,0;7,0;267,0;12,0;0,5833333333333334;22,25
CSSFE;UNIDADE DE CUIDADOS PROLONGADOS;2024,0;4,0;25,0;433,0;13,0;1,9230769230769231;33,30769230769231
CSSFE;UNIDADE DE CUIDADOS PROLONGADOS;2024,0;5,0;8,0;678,0;4,0;2,0;169,5
CSSFE;UNIDADE DE CUIDADOS PROLONGADOS;2024,0;6,0;5,0;428,0;7,0;0,7142857142857143;61,142857142857146
CSSFE;UNIDADE DE CUIDADOS PROLONGADOS;2024,0;7,0;9,0;184,0;2,0;4,5;92,0
CSSFE;UNIDADE DE CUIDADOS PROLONGADOS;2024,0;8,0;5,0;110,0;5,0;1,0;22,0
CSSFE;UNIDADE DE CUIDADOS PROLONGADOS;2024,0;9,0;7,0;98,0;5,0;1,4;19,6
CSSFE;UNIDADE DE CUIDADOS PROLONGADOS;2024,0;10,0;6,0;143,0;1,0;6,0;143,0
CSSFE;UNIDADE DE CUIDADOS PROLONGADOS;2024,0;11,0;5,0;171,0;6,0;0,8333333333333334;28,5
CSSFE;UNIDADE DE CUIDADOS PROLONGADOS;2024,0;12,0;1,0;130,0;6,0;0,16666666666666666;21,666666666666668
CSSFE;UNIDADE DE CUIDADOS PROLONGADOS;2025,0;1,0;4,0;111,0;5,0;0,8;22,2
CSSFE;UNIDADE DE CUIDADOS PROLONGADOS;2025,0;2,0;0,0;23,0;4,0;0,0;5,75
CSSFE;UNIDADE DE INTERNAÇÃO - CLÍNICA MÉDICA;2023,0;11,0;0,0;3,0;1,0;0,0;3,0
CSSFE;UNIDADE DE INTERNAÇÃO - CLÍNICA MÉDICA;2023,0;12,0;15,0;111,0;5,0;3,0;22,2
CSSFE;UNIDADE DE INTERNAÇÃO - CLÍNICA MÉDICA;2024,0;1,0;11,0;149,0;8,0;1,375;18,625
CSSFE;UNIDADE DE INTERNAÇÃO - CLÍNICA MÉDICA;2024,0;2,0;15,0;270,0;11,0;1,3636363636363635;24,545454545454547
CSSFE;UNIDADE DE INTERNAÇÃO - CLÍNICA MÉDICA;2024,0;3,0;16,0;535,0;9,0;1,7777777777777777;59,44444444444444
CSSFE;UNIDADE DE INTERNAÇÃO - CLÍNICA MÉDICA;2024,0;4,0;16,0;354,0;17,0;0,9411764705882353;20,823529411764707
CSSFE;UNIDADE DE INTERNAÇÃO - CLÍNICA MÉDICA;2024,0;5,0;11,0;442,0;14,0;0,7857142857142857;31,571428571428573
CSSFE;UNIDADE DE INTERNAÇÃO - CLÍNICA MÉDICA;2024,0;6,0;9,0;501,0;6,0;1,5;83,5
CSSFE;UNIDADE DE INTERNAÇÃO - CLÍNICA MÉDICA;2024,0;7,0;16,0;198,0;16,0;1,0;12,375
CSSFE;UNIDADE DE INTERNAÇÃO - CLÍNICA MÉDICA;2024,0;8,0;25,0;245,0;6,0;4,166666666666667;40,833333333333336
CSSFE;UNIDADE DE INTERNAÇÃO - CLÍNICA MÉDICA;2024,0;9,0;12,0;203,0;11,0;1,0909090909090908;18,454545454545453
CSSFE;UNIDADE DE INTERNAÇÃO - CLÍNICA MÉDICA;2024,0;10,0;9,0;189,0;10,0;0,9;18,9
CSSFE;UNIDADE DE INTERNAÇÃO - CLÍNICA MÉDICA;2024,0;11,0;16,0;271,0;10,0;1,6;27,1
CSSFE;UNIDADE DE INTERNAÇÃO - CLÍNICA MÉDICA;2024,0;12,0;3,0;110,0;6,0;0,5;18,333333333333332
CSSFE;UNIDADE DE INTERNAÇÃO - CLÍNICA MÉDICA;2025,0;1,0;3,0;103,0;4,0;0,75;25,75
CSSFE;UNIDADE DE INTERNAÇÃO - CLÍNICA MÉDICA;2025,0;2,0;2,0;29,0;7,0;0,2857142857142857;4,142857142857143
CSSFE;UNIDADE INTERNAÇÃO - CLINICA MÉDICA;2019,0;1,0;43,0;332,0;12,0;3,5833333333333335;27,666666666666668
CSSFE;UNIDADE INTERNAÇÃO - CLINICA MÉDICA;2019,0;2,0;27,0;257,0;19,0;1,4210526315789473;13,526315789473685
CSSFE;UNIDADE INTERNAÇÃO - CLINICA MÉDICA;2019,0;3,0;51,0;281,0;13,0;3,923076923076923;21,615384615384617
CSSFE;UNIDADE INTERNAÇÃO - CLINICA MÉDICA;2019,0;4,0;31,0;207,0;13,0;2,3846153846153846;15,923076923076923
CSSFE;UNIDADE INTERNAÇÃO - CLINICA MÉDICA;2019,0;5,0;43,0;371,0;11,0;3,909090909090909;33,72727272727273
CSSFE;UNIDADE INTERNAÇÃO - CLINICA MÉDICA;2019,0;6,0;38,0;347,0;18,0;2,111111111111111;19,27777777777778
CSSFE;UNIDADE INTERNAÇÃO - CLINICA MÉDICA;2019,0;7,0;26,0;309,0;15,0;1,7333333333333334;20,6
CSSFE;UNIDADE INTERNAÇÃO - CLINICA MÉDICA;2019,0;8,0;39,0;278,0;12,0;3,25;23,166666666666668
CSSFE;UNIDADE INTERNAÇÃO - CLINICA MÉDICA;2019,0;9,0;47,0;315,0;16,0;2,9375;19,6875
CSSFE;UNIDADE INTERNAÇÃO - CLINICA MÉDICA;2019,0;10,0;45,0;281,0;23,0;1,9565217391304348;12,217391304347826
CSSFE;UNIDADE INTERNAÇÃO - CLINICA MÉDICA;2019,0;11,0;30,0;232,0;16,0;1,875;14,5
CSSFE;UNIDADE INTERNAÇÃO - CLINICA MÉDICA;2019,0;12,0;11,0;126,0;21,0;0,5238095238095238;6,0
CSSFE;UNIDADE INTERNAÇÃO - CLINICA MÉDICA;2020,0;1,0;22,0;170,0;8,0;2,75;21,25
CSSFE;UNIDADE INTERNAÇÃO - CLINICA MÉDICA;2020,0;2,0;19,0;187,0;17,0;1,1176470588235294;11,0
CSSFE;UNIDADE INTERNAÇÃO - CLINICA MÉDICA;2020,0;3,0;22,0;143,0;12,0;1,8333333333333333;11,916666666666666
CSSFE;UNIDADE INTERNAÇÃO - CLINICA MÉDICA;2020,0;4,0;35,0;218,0;13,0;2,6923076923076925;16,76923076923077
CSSFE;UNIDADE INTERNAÇÃO - CLINICA MÉDICA;2020,0;5,0;32,0;183,0;10,0;3,2;18,3
CSSFE;UNIDADE INTERNAÇÃO - CLINICA MÉDICA;2020,0;6,0;20,0;162,0;9,0;2,2222222222222223;18,0
CSSFE;UNIDADE INTERNAÇÃO - CLINICA MÉDICA;2020,0;7,0;34,0;228,0;15,0;2,2666666666666666;15,2
CSSFE;UNIDADE INTERNAÇÃO - CLINICA MÉDICA;2020,0;8,0;23,0;205,0;10,0;2,3;20,5
CSSFE;UNIDADE INTERNAÇÃO - CLINICA MÉDICA;2020,0;9,0;24,0;335,0;6,0;4,0;55,833333333333336
CSSFE;UNIDADE INTERNAÇÃO - CLINICA MÉDICA;2020,0;10,0;22,0;377,0;10,0;2,2;37,7
CSSFE;UNIDADE INTERNAÇÃO - CLINICA MÉDICA;2020,0;11,0;31,0;458,0;16,0;1,9375;28,625
CSSFE;UNIDADE INTERNAÇÃO - CLINICA MÉDICA;2020,0;12,0;22,0;318,0;28,0;0,7857142857142857;11,357142857142858
CSSFE;UNIDADE INTERNAÇÃO - CLINICA MÉDICA;2021,0;1,0;25,0;451,0;16,0;1,5625;28,1875
CSSFE;UNIDADE INTERNAÇÃO - CLINICA MÉDICA;2021,0;2,0;26,0;430,0;33,0;0,7878787878787878;13,030303030303031
CSSFE;UNIDADE INTERNAÇÃO - CLINICA MÉDICA;2021,0;3,0;23,0;397,0;38,0;0,6052631578947368;10,447368421052632
CSSFE;UNIDADE INTERNAÇÃO - CLINICA MÉDICA;2021,0;4,0;27,0;445,0;34,0;0,7941176470588235;13,088235294117647
CSSFE;UNIDADE INTERNAÇÃO - CLINICA MÉDICA;2021,0;5,0;23,0;563,0;40,0;0,575;14,075
CSSFE;UNIDADE INTERNAÇÃO - CLINICA MÉDICA;2021,0;6,0;20,0;403,0;45,0;0,4444444444444444;8,955555555555556
CSSFE;UNIDADE INTERNAÇÃO - CLINICA MÉDICA;2021,0;7,0;15,0;424,0;24,0;0,625;17,666666666666668
CSSFE;UNIDADE INTERNAÇÃO - CLINICA MÉDICA;2021,0;8,0;31,0;597,0;37,0;0,8378378378378378;16,135135135135137
CSSFE;UNIDADE INTERNAÇÃO - CLINICA MÉDICA;2021,0;9,0;41,0;615,0;49,0;0,8367346938775511;12,551020408163266
CSSFE;UNIDADE INTERNAÇÃO - CLINICA MÉDICA;2021,0;10,0;17,0;410,0;49,0;0,3469387755102041;8,36734693877551
CSSFE;UNIDADE INTERNAÇÃO - CLINICA MÉDICA;2021,0;11,0;29,0;444,0;40,0;0,725;11,1
CSSFE;UNIDADE INTERNAÇÃO - CLINICA MÉDICA;2021,0;12,0;11,0;279,0;25,0;0,44;11,16
CSSFE;UNIDADE INTERNAÇÃO - CLINICA MÉDICA;2022,0;1,0;27,0;460,0;42,0;0,6428571428571429;10,952380952380953
CSSFE;UNIDADE INTERNAÇÃO - CLINICA MÉDICA;2022,0;2,0;26,0;324,0;17,0;1,5294117647058822;19,058823529411764
CSSFE;UNIDADE INTERNAÇÃO - CLINICA MÉDICA;2022,0;3,0;31,0;520,0;51,0;0,6078431372549019;10,196078431372548
CSSFE;UNIDADE INTERNAÇÃO - CLINICA MÉDICA;2022,0;4,0;46,0;409,0;44,0;1,0454545454545454;9,295454545454545
CSSFE;UNIDADE INTERNAÇÃO - CLINICA MÉDICA;2022,0;5,0;46,0;560,0;43,0;1,069767441860465;13,023255813953488
CSSFE;UNIDADE INTERNAÇÃO - CLINICA MÉDICA;2022,0;6,0;57,0;570,0;48,0;1,1875;11,875
CSSFE;UNIDADE INTERNAÇÃO - CLINICA MÉDICA;2022,0;7,0;50,0;474,0;44,0;1,1363636363636365;10,772727272727273
CSSFE;UNIDADE INTERNAÇÃO - CLINICA MÉDICA;2022,0;8,0;47,0;659,0;61,0;0,7704918032786885;10,80327868852459
CSSFE;UNIDADE INTERNAÇÃO - CLINICA MÉDICA;2022,0;9,0;38,0;541,0;44,0;0,8636363636363636;12,295454545454545
CSSFE;UNIDADE INTERNAÇÃO - CLINICA MÉDICA;2022,0;10,0;23,0;570,0;36,0;0,6388888888888888;15,833333333333334
CSSFE;UNIDADE INTERNAÇÃO - CLINICA MÉDICA;2022,0;11,0;15,0;486,0;27,0;0,5555555555555556;18,0
CSSFE;UNIDADE INTERNAÇÃO - CLINICA MÉDICA;2022,0;12,0;13,0;380,0;27,0;0,48148148148148145;14,074074074074074
CSSFE;UNIDADE INTERNAÇÃO - CLINICA MÉDICA;2023,0;1,0;45,0;709,0;23,0;1,9565217391304348;30,82608695652174
CSSFE;UNIDADE INTERNAÇÃO - CLINICA MÉDICA;2023,0;2,0;23,0;484,0;35,0;0,6571428571428571;13,82857142857143
CSSFE;UNIDADE INTERNAÇÃO - CLINICA MÉDICA;2023,0;3,0;44,0;584,0;27,0;1,6296296296296295;21,62962962962963
CSSFE;UNIDADE INTERNAÇÃO - CLINICA MÉDICA;2023,0;4,0;45,0;609,0;20,0;2,25;30,45
CSSFE;UNIDADE INTERNAÇÃO - CLINICA MÉDICA;2023,0;5,0;35,0;496,0;25,0;1,4;19,84
CSSFE;UNIDADE INTERNAÇÃO - CLINICA MÉDICA;2023,0;6,0;6,0;219,0;7,0;0,8571428571428571;31,285714285714285
CSSFE;UNIDADE INTERNAÇÃO - CLINICA MÉDICA;2023,0;7,0;24,0;417,0;9,0;2,6666666666666665;46,333333333333336
CSSFE;UNIDADE INTERNAÇÃO - CLINICA MÉDICA;2023,0;8,0;15,0;396,0;14,0;1,0714285714285714;28,285714285714285
CSSFE;UNIDADE INTERNAÇÃO - CLINICA MÉDICA;2023,0;9,0;18,0;283,0;6,0;3,0;47,166666666666664
CSSFE;UNIDADE INTERNAÇÃO - CLINICA MÉDICA;2023,0;10,0;25,0;330,0;9,0;2,7777777777777777;36,666666666666664
CSSFE;UNIDADE INTERNAÇÃO - CLINICA MÉDICA;2023,0;11,0;26,0;300,0;3,0;8,666666666666666;100,0
CSSI;AMBULATORIO - ESPECIALIDADES;2021,0;8,0;0,0;0,0;1,0;0,0;0,0
CSSI;CENTRO DE TRATAMENTO DE LESÕES;2022,0;9,0;0,0;7,0;1,0;0,0;7,0
CSSI;CLINICA MEDICA ALA A;2023,0;9,0;0,0;28,0;1,0;0,0;28,0
CSSI;CLINICA MEDICA ALA A;2023,0;10,0;2,0;74,0;16,0;0,125;4,625
CSSI;CLINICA MEDICA ALA A;2023,0;11,0;4,0;80,0;7,0;0,5714285714285714;11,428571428571429
CSSI;CLINICA MEDICA ALA A;2023,0;12,0;3,0;93,0;23,0;0,13043478260869565;4,043478260869565
CSSI;CLINICA MEDICA ALA A;2024,0;1,0;2,0;122,0;26,0;0,07692307692307693;4,6923076923076925
CSSI;CLINICA MEDICA ALA A;2024,0;2,0;8,0;162,0;32,0;0,25;5,0625
CSSI;CLINICA MEDICA ALA A;2024,0;3,0;8,0;198,0;33,0;0,24242424242424243;6,0
CSSI;CLINICA MEDICA ALA A;2024,0;4,0;3,0;205,0;24,0;0,125;8,541666666666666
CSSI;CLINICA MEDICA ALA A;2024,0;5,0;7,0;166,0;5,0;1,4;33,2
CSSI;CLINICA MEDICA ALA A;2025,0;6,0;0,0;36,0;5,0;0,0;7,2
CSSI;CLINICA MEDICA ALA A;2025,0;7,0;0,0;70,0;11,0;0,0;6,363636363636363
CSSI;CLINICA MEDICA ALA A;2025,0;8,0;11,0;318,0;30,0;0,36666666666666664;10,6
CSSI;CLINICA MEDICA ALA A;2025,0;9,0;13,0;288,0;20,0;0,65;14,4
CSSI;CLINICA MEDICA ALA A;2025,0;10,0;2,0;126,0;5,0;0,4;25,2
CSSI;CLINICA MEDICA ALA A;2025,0;11,0;6,0;163,0;9,0;0,6666666666666666;18,11111111111111
CSSI;CLINICA MEDICA ALA A;2025,0;12,0;1,0;71,0;9,0;0,1111111111111111;7,888888888888889
CSSI;CLINICA MEDICA ALA A;2026,0;1,0;4,0;185,0;11,0;0,36363636363636365;16,818181818181817
CSSI;CLINICA MEDICA ALA A;2026,0;2,0;4,0;146,0;10,0;0,4;14,6
CSSI;CLINICA MEDICA ALA A;2026,0;3,0;0,0;97,0;15,0;0,0;6,466666666666667
CSSI;CLINICA MEDICA ALA A;2026,0;4,0;0,0;49,0;10,0;0,0;4,9
CSSI;CLINICA MEDICA ALA A;2026,0;5,0;4,0;61,0;12,0;0,3333333333333333;5,083333333333333
CSSI;CLINICA MEDICA ALA A;2026,0;6,0;2,0;125,0;8,0;0,25;15,625
CSSI;CLINICA MEDICA ALA A;2026,0;7,0;6,0;147,0;10,0;0,6;14,7
CSSI;CLINICA MEDICA ALA A;2026,0;8,0;4,0;80,0;9,0;0,4444444444444444;8,88888888888889
CSSI;CLÍNICA MÉDICA ALA B;2023,0;11,0;0,0;0,0;1,0;0,0;0,0
CSSI;CLÍNICA MÉDICA ALA B;2023,0;12,0;0,0;0,0;1,0;0,0;0,0
CSSI;CLÍNICA MÉDICA ALA B;2024,0;2,0;0,0;1,0;1,0;0,0;1,0
CSSI;CLÍNICA MÉDICA ALA B;2024,0;3,0;0,0;93,0;1,0;0,0;93,0
CSSI;CLÍNICA MÉDICA ALA B;2024,0;4,0;0,0;97,0;1,0;0,0;97,0
CSSI;CLÍNICA MÉDICA ALA B;2024,0;5,0;0,0;2,0;1,0;0,0;2,0
CSSI;CLÍNICA MÉDICA ALA B;2024,0;6,0;0,0;12,0;1,0;0,0;12,0
CSSI;CLÍNICA MÉDICA ALA B;2024,0;7,0;0,0;7,0;1,0;0,0;7,0
CSSI;CLÍNICA MÉDICA ALA B;2024,0;8,0;0,0;0,0;2,0;0,0;0,0
CSSI;CLÍNICA MÉDICA ALA B;2024,0;10,0;0,0;23,0;1,0;0,0;23,0
CSSI;CLÍNICA MÉDICA ALA B;2024,0;11,0;0,0;1,0;2,0;0,0;0,5
CSSI;CLÍNICA MÉDICA ALA B;2025,0;2,0;1,0;1,0;3,0;0,3333333333333333;0,3333333333333333
CSSI;CLÍNICA MÉDICA ALA B;2025,0;7,0;0,0;6,0;1,0;0,0;6,0
CSSI;CLÍNICA MÉDICA ALA B;2025,0;8,0;0,0;18,0;2,0;0,0;9,0
CSSI;CLÍNICA MÉDICA ALA B;2025,0;11,0;0,0;2,0;1,0;0,0;2,0
CSSI;CLÍNICA MÉDICA ALA B;2025,0;12,0;0,0;38,0;3,0;0,0;12,666666666666666
CSSI;CLÍNICA MÉDICA ALA B;2026,0;1,0;1,0;13,0;2,0;0,5;6,5
CSSI;CLÍNICA MÉDICA ALA B;2026,0;2,0;0,0;31,0;2,0;0,0;15,5
CSSI;CLÍNICA MÉDICA ALA B;2026,0;3,0;0,0;7,0;1,0;0,0;7,0
CSSI;CLÍNICA MÉDICA ALA B;2026,0;4,0;1,0;11,0;1,0;1,0;11,0
CSSI;CLÍNICA MÉDICA ALA B;2026,0;5,0;0,0;10,0;2,0;0,0;5,0
CSSI;CLÍNICA MÉDICA ALA C;2023,0;9,0;1,0;24,0;1,0;1,0;24,0
CSSI;CLÍNICA MÉDICA ALA C;2023,0;10,0;8,0;272,0;33,0;0,24242424242424243;8,242424242424242
CSSI;CLÍNICA MÉDICA ALA C;2023,0;11,0;8,0;325,0;32,0;0,25;10,15625
CSSI;CLÍNICA MÉDICA ALA C;2023,0;12,0;13,0;267,0;43,0;0,3023255813953488;6,209302325581396
CSSI;CLÍNICA MÉDICA ALA C;2024,0;1,0;11,0;330,0;37,0;0,2972972972972973;8,91891891891892
CSSI;CLÍNICA MÉDICA ALA C;2024,0;2,0;8,0;433,0;41,0;0,1951219512195122;10,560975609756097
CSSI;CLÍNICA MÉDICA ALA C;2024,0;3,0;18,0;553,0;44,0;0,4090909090909091;12,568181818181818
CSSI;CLÍNICA MÉDICA ALA C;2024,0;4,0;9,0;766,0;46,0;0,1956521739130435;16,652173913043477
CSSI;CLÍNICA MÉDICA ALA C;2024,0;5,0;19,0;837,0;69,0;0,2753623188405797;12,130434782608695
CSSI;CLÍNICA MÉDICA ALA C;2024,0;6,0;14,0;719,0;56,0;0,25;12,839285714285714
CSSI;CLÍNICA MÉDICA ALA C;2024,0;7,0;21,0;520,0;42,0;0,5;12,380952380952381
CSSI;CLÍNICA MÉDICA ALA C;2024,0;8,0;25,0;572,0;50,0;0,5;11,44
CSSI;CLÍNICA MÉDICA ALA C;2024,0;9,0;14,0;624,0;32,0;0,4375;19,5
CSSI;CLÍNICA MÉDICA ALA C;2024,0;10,0;28,0;506,0;42,0;0,6666666666666666;12,047619047619047
CSSI;CLÍNICA MÉDICA ALA C;2024,0;11,0;18,0;588,0;53,0;0,33962264150943394;11,09433962264151
CSSI;CLÍNICA MÉDICA ALA C;2024,0;12,0;24,0;543,0;59,0;0,4067796610169492;9,203389830508474
CSSI;CLÍNICA MÉDICA ALA C;2025,0;1,0;9,0;761,0;44,0;0,20454545454545456;17,295454545454547
CSSI;CLÍNICA MÉDICA ALA C;2025,0;2,0;23,0;681,0;41,0;0,5609756097560976;16,609756097560975
CSSI;CLÍNICA MÉDICA ALA C;2025,0;3,0;20,0;701,0;54,0;0,37037037037037035;12,981481481481481
CSSI;CLÍNICA MÉDICA ALA C;2025,0;4,0;14,0;612,0;47,0;0,2978723404255319;13,02127659574468
CSSI;CLÍNICA MÉDICA ALA C;2025,0;5,0;11,0;431,0;42,0;0,2619047619047619;10,261904761904763
CSSI;CLÍNICA MÉDICA ALA C;2025,0;6,0;2,0;551,0;36,0;0,05555555555555555;15,305555555555555
CSSI;CLÍNICA MÉDICA ALA C;2025,0;7,0;0,0;325,0;34,0;0,0;9,558823529411764
CSSI;CLÍNICA MÉDICA ALA C;2025,0;8,0;3,0;253,0;15,0;0,2;16,866666666666667
CSSI;CLÍNICA MÉDICA ALA C;2025,0;9,0;11,0;326,0;23,0;0,4782608695652174;14,173913043478262
CSSI;CLÍNICA MÉDICA ALA C;2025,0;10,0;15,0;453,0;43,0;0,3488372093023256;10,534883720930232
CSSI;CLÍNICA MÉDICA ALA C;2025,0;11,0;15,0;483,0;32,0;0,46875;15,09375
CSSI;CLÍNICA MÉDICA ALA C;2025,0;12,0;26,0;707,0;37,0;0,7027027027027027;19,10810810810811
CSSI;CLÍNICA MÉDICA ALA C;2026,0;1,0;28,0;705,0;29,0;0,9655172413793104;24,310344827586206
CSSI;CLÍNICA MÉDICA ALA C;2026,0;2,0;37,0;781,0;38,0;0,9736842105263158;20,55263157894737
CSSI;CLÍNICA MÉDICA ALA C;2026,0;3,0;17,0;713,0;40,0;0,425;17,825
CSSI;CLÍNICA MÉDICA ALA C;2026,0;4,0;17,0;535,0;36,0;0,4722222222222222;14,86111111111111
CSSI;CLÍNICA MÉDICA ALA C;2026,0;5,0;35,0;606,0;28,0;1,25;21,642857142857142
CSSI;CLÍNICA MÉDICA ALA C;2026,0;6,0;29,0;614,0;36,0;0,8055555555555556;17,055555555555557
CSSI;CLÍNICA MÉDICA ALA C;2026,0;7,0;40,0;639,0;30,0;1,3333333333333333;21,3
CSSI;CLÍNICA MÉDICA ALA C;2026,0;8,0;19,0;598,0;22,0;0,8636363636363636;27,181818181818183
CSSI;PRONTO ATENDIMENTO;2020,0;11,0;5,0;54,0;11,0;0,45454545454545453;4,909090909090909
CSSI;PRONTO ATENDIMENTO;2020,0;12,0;38,0;383,0;43,0;0,8837209302325582;8,906976744186046
CSSI;PRONTO ATENDIMENTO;2021,0;1,0;28,0;356,0;35,0;0,8;10,17142857142857
CSSI;PRONTO ATENDIMENTO;2021,0;2,0;41,0;586,0;53,0;0,7735849056603774;11,056603773584905
CSSI;PRONTO ATENDIMENTO;2021,0;3,0;13,0;193,0;23,0;0,5652173913043478;8,391304347826088
CSSI;UNIDADE DE CUIDADOS CONTINUADOS INTEGRADOS;2021,0;6,0;0,0;32,0;4,0;0,0;8,0
CSSI;UNIDADE DE CUIDADOS CONTINUADOS INTEGRADOS;2021,0;7,0;0,0;54,0;10,0;0,0;5,4
CSSI;UNIDADE DE CUIDADOS CONTINUADOS INTEGRADOS;2021,0;8,0;1,0;91,0;5,0;0,2;18,2
CSSI;UNIDADE DE CUIDADOS CONTINUADOS INTEGRADOS;2021,0;9,0;1,0;43,0;6,0;0,16666666666666666;7,166666666666667
CSSI;UNIDADE DE CUIDADOS CONTINUADOS INTEGRADOS;2021,0;10,0;0,0;41,0;9,0;0,0;4,555555555555555
CSSI;UNIDADE DE CUIDADOS CONTINUADOS INTEGRADOS;2021,0;11,0;0,0;21,0;3,0;0,0;7,0
CSSI;UNIDADE DE CUIDADOS CONTINUADOS INTEGRADOS;2021,0;12,0;3,0;82,0;11,0;0,2727272727272727;7,454545454545454
CSSI;UNIDADE DE CUIDADOS CONTINUADOS INTEGRADOS;2022,0;1,0;7,0;44,0;6,0;1,1666666666666667;7,333333333333333
CSSI;UNIDADE DE CUIDADOS CONTINUADOS INTEGRADOS;2022,0;2,0;2,0;24,0;6,0;0,3333333333333333;4,0
CSSI;UNIDADE DE CUIDADOS CONTINUADOS INTEGRADOS;2022,0;3,0;3,0;108,0;9,0;0,3333333333333333;12,0
CSSI;UNIDADE DE CUIDADOS CONTINUADOS INTEGRADOS;2022,0;4,0;4,0;141,0;15,0;0,26666666666666666;9,4
CSSI;UNIDADE DE CUIDADOS CONTINUADOS INTEGRADOS;2022,0;5,0;4,0;130,0;10,0;0,4;13,0
CSSI;UNIDADE DE CUIDADOS CONTINUADOS INTEGRADOS;2022,0;6,0;5,0;74,0;9,0;0,5555555555555556;8,222222222222221
CSSI;UNIDADE DE CUIDADOS CONTINUADOS INTEGRADOS;2022,0;7,0;2,0;98,0;12,0;0,16666666666666666;8,166666666666666
CSSI;UNIDADE DE CUIDADOS CONTINUADOS INTEGRADOS;2022,0;8,0;1,0;118,0;8,0;0,125;14,75
CSSI;UNIDADE DE CUIDADOS CONTINUADOS INTEGRADOS;2022,0;9,0;7,0;165,0;14,0;0,5;11,785714285714286
CSSI;UNIDADE DE CUIDADOS CONTINUADOS INTEGRADOS;2022,0;10,0;11,0;152,0;6,0;1,8333333333333333;25,333333333333332
CSSI;UNIDADE DE CUIDADOS CONTINUADOS INTEGRADOS;2022,0;11,0;5,0;174,0;7,0;0,7142857142857143;24,857142857142858
CSSI;UNIDADE DE CUIDADOS CONTINUADOS INTEGRADOS;2022,0;12,0;7,0;250,0;7,0;1,0;35,714285714285715
CSSI;UNIDADE DE CUIDADOS CONTINUADOS INTEGRADOS;2023,0;1,0;8,0;138,0;7,0;1,1428571428571428;19,714285714285715
CSSI;UNIDADE DE CUIDADOS CONTINUADOS INTEGRADOS;2023,0;2,0;2,0;137,0;6,0;0,3333333333333333;22,833333333333332
CSSI;UNIDADE DE CUIDADOS CONTINUADOS INTEGRADOS;2023,0;3,0;12,0;270,0;13,0;0,9230769230769231;20,76923076923077
CSSI;UNIDADE DE CUIDADOS CONTINUADOS INTEGRADOS;2023,0;4,0;17,0;205,0;6,0;2,8333333333333335;34,166666666666664
CSSI;UNIDADE DE CUIDADOS CONTINUADOS INTEGRADOS;2023,0;5,0;8,0;148,0;5,0;1,6;29,6
CSSI;UNIDADE DE CUIDADOS CONTINUADOS INTEGRADOS;2023,0;6,0;15,0;152,0;5,0;3,0;30,4
CSSI;UNIDADE DE CUIDADOS CONTINUADOS INTEGRADOS;2023,0;7,0;19,0;286,0;9,0;2,111111111111111;31,77777777777778
CSSI;UNIDADE DE CUIDADOS CONTINUADOS INTEGRADOS;2023,0;8,0;17,0;263,0;11,0;1,5454545454545454;23,90909090909091
CSSI;UNIDADE DE CUIDADOS CONTINUADOS INTEGRADOS;2023,0;9,0;18,0;238,0;11,0;1,6363636363636365;21,636363636363637
CSSI;UNIDADE DE CUIDADOS PROLONGADOS - ALA A;2024,0;5,0;0,0;48,0;6,0;0,0;8,0
CSSI;UNIDADE DE CUIDADOS PROLONGADOS - ALA A;2024,0;6,0;3,0;191,0;9,0;0,3333333333333333;21,22222222222222
CSSI;UNIDADE DE CUIDADOS PROLONGADOS - ALA A;2024,0;7,0;3,0;64,0;10,0;0,3;6,4
CSSI;UNIDADE DE CUIDADOS PROLONGADOS - ALA A;2024,0;8,0;8,0;78,0;11,0;0,7272727272727273;7,090909090909091
CSSI;UNIDADE DE CUIDADOS PROLONGADOS - ALA A;2024,0;9,0;5,0;49,0;14,0;0,35714285714285715;3,5
CSSI;UNIDADE DE CUIDADOS PROLONGADOS - ALA A;2024,0;10,0;5,0;99,0;7,0;0,7142857142857143;14,142857142857142
CSSI;UNIDADE DE CUIDADOS PROLONGADOS - ALA A;2024,0;11,0;1,0;78,0;7,0;0,14285714285714285;11,142857142857142
CSSI;UNIDADE DE CUIDADOS PROLONGADOS - ALA A;2024,0;12,0;1,0;73,0;7,0;0,14285714285714285;10,428571428571429
CSSI;UNIDADE DE CUIDADOS PROLONGADOS - ALA A;2025,0;1,0;2,0;66,0;8,0;0,25;8,25
CSSI;UNIDADE DE CUIDADOS PROLONGADOS - ALA A;2025,0;2,0;4,0;56,0;3,0;1,3333333333333333;18,666666666666668
CSSI;UNIDADE DE CUIDADOS PROLONGADOS - ALA A;2025,0;3,0;3,0;115,0;9,0;0,3333333333333333;12,777777777777779
CSSI;UNIDADE DE CUIDADOS PROLONGADOS - ALA A;2025,0;4,0;3,0;129,0;7,0;0,42857142857142855;18,428571428571427
CSSI;UNIDADE DE CUIDADOS PROLONGADOS - ALA A;2025,0;6,0;3,0;65,0;8,0;0,375;8,125
CSSI;UNIDADE DE CUIDADOS PROLONGADOS - ALA A;2025,0;7,0;1,0;111,0;6,0;0,16666666666666666;18,5
CSSI;UNIDADE DE CUIDADOS PROLONGADOS - ALA A;2025,0;8,0;0,0;81,0;1,0;0,0;81,0
CSSI;UNIDADE DE CUIDADOS PROLONGADOS - ALA A;2025,0;9,0;0,0;51,0;3,0;0,0;17,0
CSSI;UNIDADE DE CUIDADOS PROLONGADOS - ALA A;2025,0;10,0;2,0;127,0;6,0;0,3333333333333333;21,166666666666668
CSSI;UNIDADE DE CUIDADOS PROLONGADOS - ALA A;2025,0;11,0;0,0;59,0;9,0;0,0;6,555555555555555
CSSI;UNIDADE DE CUIDADOS PROLONGADOS - ALA A;2025,0;12,0;0,0;38,0;1,0;0,0;38,0
CSSI;UNIDADE DE CUIDADOS PROLONGADOS - ALA A;2026,0;1,0;1,0;55,0;5,0;0,2;11,0
CSSI;UNIDADE DE CUIDADOS PROLONGADOS - ALA A;2026,0;2,0;5,0;90,0;2,0;2,5;45,0
CSSI;UNIDADE DE CUIDADOS PROLONGADOS - ALA A;2026,0;3,0;12,0;188,0;7,0;1,7142857142857142;26,857142857142858
CSSI;UNIDADE DE CUIDADOS PROLONGADOS - ALA A;2026,0;4,0;4,0;79,0;5,0;0,8;15,8
CSSI;UNIDADE DE CUIDADOS PROLONGADOS - ALA A;2026,0;5,0;1,0;27,0;3,0;0,3333333333333333;9,0
CSSI;UNIDADE DE CUIDADOS PROLONGADOS - ALA A;2026,0;6,0;2,0;54,0;8,0;0,25;6,75
CSSI;UNIDADE DE CUIDADOS PROLONGADOS - ALA A;2026,0;7,0;11,0;59,0;3,0;3,6666666666666665;19,666666666666668
CSSI;UNIDADE DE CUIDADOS PROLONGADOS - ALA A;2026,0;8,0;6,0;98,0;5,0;1,2;19,6
CSSI;UNIDADE DE CUIDADOS PROLONGADOS - ALA B;2023,0;9,0;0,0;26,0;3,0;0,0;8,666666666666666
CSSI;UNIDADE DE CUIDADOS PROLONGADOS - ALA B;2023,0;10,0;1,0;205,0;9,0;0,1111111111111111;22,77777777777778
CSSI;UNIDADE DE CUIDADOS PROLONGADOS - ALA B;2023,0;11,0;5,0;55,0;9,0;0,5555555555555556;6,111111111111111
CSSI;UNIDADE DE CUIDADOS PROLONGADOS - ALA B;2023,0;12,0;0,0;22,0;3,0;0,0;7,333333333333333
CSSI;UNIDADE DE CUIDADOS PROLONGADOS - ALA B;2024,0;1,0;2,0;26,0;3,0;0,6666666666666666;8,666666666666666
CSSI;UNIDADE DE CUIDADOS PROLONGADOS - ALA B;2024,0;2,0;0,0;45,0;13,0;0,0;3,4615384615384617
CSSI;UNIDADE DE CUIDADOS PROLONGADOS - ALA B;2024,0;3,0;1,0;157,0;6,0;0,16666666666666666;26,166666666666668
CSSI;UNIDADE DE CUIDADOS PROLONGADOS - ALA B;2024,0;4,0;0,0;19,0;5,0;0,0;3,8
CSSI;UNIDADE DE CUIDADOS PROLONGADOS - ALA B;2024,0;5,0;0,0;42,0;5,0;0,0;8,4
CSSI;UNIDADE DE CUIDADOS PROLONGADOS - ALA B;2024,0;6,0;9,0;111,0;3,0;3,0;37,0
CSSI;UNIDADE DE CUIDADOS PROLONGADOS - ALA B;2024,0;7,0;6,0;70,0;7,0;0,8571428571428571;10,0
CSSI;UNIDADE DE CUIDADOS PROLONGADOS - ALA B;2024,0;8,0;3,0;76,0;9,0;0,3333333333333333;8,444444444444445
CSSI;UNIDADE DE CUIDADOS PROLONGADOS - ALA B;2024,0;9,0;5,0;68,0;10,0;0,5;6,8
CSSI;UNIDADE DE CUIDADOS PROLONGADOS - ALA B;2024,0;10,0;3,0;70,0;10,0;0,3;7,0
CSSI;UNIDADE DE CUIDADOS PROLONGADOS - ALA B;2024,0;11,0;0,0;10,0;9,0;0,0;1,1111111111111112
CSSI;UNIDADE DE CUIDADOS PROLONGADOS - ALA B;2024,0;12,0;3,0;65,0;10,0;0,3;6,5
CSSI;UNIDADE DE CUIDADOS PROLONGADOS - ALA B;2025,0;1,0;0,0;47,0;4,0;0,0;11,75
CSSI;UNIDADE DE CUIDADOS PROLONGADOS - ALA B;2025,0;2,0;3,0;79,0;5,0;0,6;15,8
CSSI;UNIDADE DE CUIDADOS PROLONGADOS - ALA B;2025,0;3,0;0,0;28,0;1,0;0,0;28,0
CSSI;UNIDADE DE CUIDADOS PROLONGADOS - ALA B;2025,0;4,0;1,0;41,0;6,0;0,16666666666666666;6,833333333333333
CSSI;UNIDADE DE CUIDADOS PROLONGADOS - ALA B;2025,0;5,0;1,0;82,0;8,0;0,125;10,25
CSSI;UNIDADE DE CUIDADOS PROLONGADOS - ALA B;2025,0;6,0;1,0;36,0;6,0;0,16666666666666666;6,0
CSSI;UNIDADE DE CUIDADOS PROLONGADOS - ALA B;2025,0;7,0;1,0;188,0;6,0;0,16666666666666666;31,333333333333332
CSSI;UNIDADE DE CUIDADOS PROLONGADOS - ALA B;2025,0;8,0;3,0;112,0;9,0;0,3333333333333333;12,444444444444445
CSSI;UNIDADE DE CUIDADOS PROLONGADOS - ALA B;2025,0;9,0;3,0;36,0;9,0;0,3333333333333333;4,0
CSSI;UNIDADE DE CUIDADOS PROLONGADOS - ALA B;2025,0;10,0;0,0;0,0;5,0;0,0;0,0
CSSI;UNIDADE DE CUIDADOS PROLONGADOS - ALA B;2025,0;11,0;5,0;17,0;4,0;1,25;4,25
CSSI;UNIDADE DE CUIDADOS PROLONGADOS - ALA B;2025,0;12,0;1,0;54,0;8,0;0,125;6,75
CSSI;UNIDADE DE CUIDADOS PROLONGADOS - ALA B;2026,0;1,0;3,0;33,0;4,0;0,75;8,25
CSSI;UNIDADE DE CUIDADOS PROLONGADOS - ALA B;2026,0;2,0;1,0;27,0;5,0;0,2;5,4
CSSI;UNIDADE DE CUIDADOS PROLONGADOS - ALA B;2026,0;3,0;3,0;28,0;3,0;1,0;9,333333333333334
CSSI;UNIDADE DE CUIDADOS PROLONGADOS - ALA B;2026,0;4,0;1,0;38,0;6,0;0,16666666666666666;6,333333333333333
CSSI;UNIDADE DE CUIDADOS PROLONGADOS - ALA B;2026,0;5,0;1,0;38,0;8,0;0,125;4,75
CSSI;UNIDADE DE CUIDADOS PROLONGADOS - ALA B;2026,0;6,0;2,0;80,0;6,0;0,3333333333333333;13,333333333333334
CSSI;UNIDADE DE CUIDADOS PROLONGADOS - ALA B;2026,0;7,0;4,0;29,0;5,0;0,8;5,8
CSSI;UNIDADE DE CUIDADOS PROLONGADOS - ALA B;2026,0;8,0;3,0;44,0;4,0;0,75;11,0
CSSI;UNIDADE INTERNAÇÃO - CLINICA MÉDICA ALA A;2020,0;11,0;3,0;32,0;2,0;1,5;16,0
CSSI;UNIDADE INTERNAÇÃO - CLINICA MÉDICA ALA A;2020,0;12,0;20,0;207,0;24,0;0,8333333333333334;8,625
CSSI;UNIDADE INTERNAÇÃO - CLINICA MÉDICA ALA A;2021,0;1,0;12,0;162,0;18,0;0,6666666666666666;9,0
CSSI;UNIDADE INTERNAÇÃO - CLINICA MÉDICA ALA A;2021,0;2,0;4,0;33,0;2,0;2,0;16,5
CSSI;UNIDADE INTERNAÇÃO - CLINICA MÉDICA ALA A;2021,0;3,0;14,0;115,0;19,0;0,7368421052631579;6,052631578947368
CSSI;UNIDADE INTERNAÇÃO - CLINICA MÉDICA ALA A;2021,0;4,0;20,0;262,0;18,0;1,1111111111111112;14,555555555555555
CSSI;UNIDADE INTERNAÇÃO - CLINICA MÉDICA ALA A;2021,0;5,0;11,0;129,0;4,0;2,75;32,25
CSSI;UNIDADE INTERNAÇÃO - CLINICA MÉDICA ALA A;2021,0;6,0;17,0;108,0;2,0;8,5;54,0
CSSI;UNIDADE INTERNAÇÃO - CLINICA MÉDICA ALA A;2021,0;7,0;18,0;167,0;1,0;18,0;167,0
CSSI;UNIDADE INTERNAÇÃO - CLINICA MÉDICA ALA A;2021,0;8,0;9,0;183,0;2,0;4,5;91,5
CSSI;UNIDADE INTERNAÇÃO - CLINICA MÉDICA ALA A;2021,0;9,0;4,0;73,0;4,0;1,0;18,25
CSSI;UNIDADE INTERNAÇÃO - CLINICA MÉDICA ALA A;2021,0;10,0;4,0;79,0;1,0;4,0;79,0
CSSI;UNIDADE INTERNAÇÃO - CLINICA MÉDICA ALA A;2021,0;11,0;10,0;141,0;5,0;2,0;28,2
CSSI;UNIDADE INTERNAÇÃO - CLINICA MÉDICA ALA A;2021,0;12,0;11,0;194,0;6,0;1,8333333333333333;32,333333333333336
CSSI;UNIDADE INTERNAÇÃO - CLINICA MÉDICA ALA A;2022,0;1,0;11,0;100,0;6,0;1,8333333333333333;16,666666666666668
CSSI;UNIDADE INTERNAÇÃO - CLINICA MÉDICA ALA A;2022,0;2,0;9,0;83,0;15,0;0,6;5,533333333333333
CSSI;UNIDADE INTERNAÇÃO - CLINICA MÉDICA ALA A;2022,0;3,0;7,0;211,0;21,0;0,3333333333333333;10,047619047619047
CSSI;UNIDADE INTERNAÇÃO - CLINICA MÉDICA ALA A;2022,0;4,0;12,0;220,0;22,0;0,5454545454545454;10,0
CSSI;UNIDADE INTERNAÇÃO - CLINICA MÉDICA ALA A;2022,0;5,0;5,0;158,0;24,0;0,20833333333333334;6,583333333333333
CSSI;UNIDADE INTERNAÇÃO - CLINICA MÉDICA ALA A;2022,0;6,0;14,0;229,0;21,0;0,6666666666666666;10,904761904761905
CSSI;UNIDADE INTERNAÇÃO - CLINICA MÉDICA ALA A;2022,0;7,0;13,0;187,0;17,0;0,7647058823529411;11,0
CSSI;UNIDADE INTERNAÇÃO - CLINICA MÉDICA ALA A;2022,0;8,0;7,0;203,0;28,0;0,25;7,25
CSSI;UNIDADE INTERNAÇÃO - CLINICA MÉDICA ALA A;2022,0;9,0;11,0;201,0;24,0;0,4583333333333333;8,375
CSSI;UNIDADE INTERNAÇÃO - CLINICA MÉDICA ALA A;2022,0;10,0;12,0;238,0;21,0;0,5714285714285714;11,333333333333334
CSSI;UNIDADE INTERNAÇÃO - CLINICA MÉDICA ALA A;2022,0;11,0;6,0;158,0;18,0;0,3333333333333333;8,777777777777779
CSSI;UNIDADE INTERNAÇÃO - CLINICA MÉDICA ALA A;2022,0;12,0;3,0;58,0;3,0;1,0;19,333333333333332
CSSI;UNIDADE INTERNAÇÃO - CLINICA MÉDICA ALA A;2023,0;1,0;22,0;299,0;18,0;1,2222222222222223;16,61111111111111
CSSI;UNIDADE INTERNAÇÃO - CLINICA MÉDICA ALA A;2023,0;2,0;11,0;208,0;19,0;0,5789473684210527;10,947368421052632
CSSI;UNIDADE INTERNAÇÃO - CLINICA MÉDICA ALA A;2023,0;3,0;2,0;108,0;14,0;0,14285714285714285;7,714285714285714
CSSI;UNIDADE INTERNAÇÃO - CLINICA MÉDICA ALA A;2023,0;4,0;13,0;174,0;23,0;0,5652173913043478;7,565217391304348
CSSI;UNIDADE INTERNAÇÃO - CLINICA MÉDICA ALA A;2023,0;5,0;20,0;194,0;19,0;1,0526315789473684;10,210526315789474
CSSI;UNIDADE INTERNAÇÃO - CLINICA MÉDICA ALA A;2023,0;6,0;15,0;174,0;21,0;0,7142857142857143;8,285714285714286
CSSI;UNIDADE INTERNAÇÃO - CLINICA MÉDICA ALA A;2023,0;7,0;13,0;211,0;22,0;0,5909090909090909;9,590909090909092
CSSI;UNIDADE INTERNAÇÃO - CLINICA MÉDICA ALA A;2023,0;8,0;10,0;243,0;20,0;0,5;12,15
CSSI;UNIDADE INTERNAÇÃO - CLINICA MÉDICA ALA A;2023,0;9,0;8,0;130,0;16,0;0,5;8,125
CSSI;UNIDADE INTERNAÇÃO - CLINICA MÉDICA ALA B;2020,0;11,0;1,0;27,0;6,0;0,16666666666666666;4,5
CSSI;UNIDADE INTERNAÇÃO - CLINICA MÉDICA ALA B;2020,0;12,0;12,0;155,0;19,0;0,631578947368421;8,157894736842104
CSSI;UNIDADE INTERNAÇÃO - CLINICA MÉDICA ALA B;2021,0;1,0;3,0;83,0;16,0;0,1875;5,1875
CSSI;UNIDADE INTERNAÇÃO - CLINICA MÉDICA ALA B;2021,0;2,0;10,0;159,0;27,0;0,37037037037037035;5,888888888888889
CSSI;UNIDADE INTERNAÇÃO - CLINICA MÉDICA ALA B;2021,0;3,0;21,0;272,0;30,0;0,7;9,066666666666666
CSSI;UNIDADE INTERNAÇÃO - CLINICA MÉDICA ALA B;2021,0;4,0;20,0;203,0;22,0;0,9090909090909091;9,227272727272727
CSSI;UNIDADE INTERNAÇÃO - CLINICA MÉDICA ALA B;2021,0;5,0;10,0;125,0;17,0;0,5882352941176471;7,352941176470588
CSSI;UNIDADE INTERNAÇÃO - CLINICA MÉDICA ALA B;2021,0;6,0;10,0;152,0;22,0;0,45454545454545453;6,909090909090909
CSSI;UNIDADE INTERNAÇÃO - CLINICA MÉDICA ALA B;2021,0;7,0;5,0;118,0;27,0;0,18518518518518517;4,37037037037037
CSSI;UNIDADE INTERNAÇÃO - CLINICA MÉDICA ALA B;2021,0;8,0;4,0;74,0;18,0;0,2222222222222222;4,111111111111111
CSSI;UNIDADE INTERNAÇÃO - CLINICA MÉDICA ALA B;2021,0;9,0;7,0;193,0;20,0;0,35;9,65
CSSI;UNIDADE INTERNAÇÃO - CLINICA MÉDICA ALA B;2021,0;10,0;13,0;257,0;29,0;0,4482758620689655;8,862068965517242
CSSI;UNIDADE INTERNAÇÃO - CLINICA MÉDICA ALA B;2021,0;11,0;22,0;176,0;29,0;0,7586206896551724;6,068965517241379
CSSI;UNIDADE INTERNAÇÃO - CLINICA MÉDICA ALA B;2021,0;12,0;11,0;163,0;27,0;0,4074074074074074;6,037037037037037
CSSI;UNIDADE INTERNAÇÃO - CLINICA MÉDICA ALA B;2022,0;1,0;18,0;217,0;30,0;0,6;7,233333333333333
CSSI;UNIDADE INTERNAÇÃO - CLINICA MÉDICA ALA B;2022,0;2,0;5,0;95,0;20,0;0,25;4,75
CSSI;UNIDADE INTERNAÇÃO - CLINICA MÉDICA ALA B;2022,0;3,0;12,0;187,0;11,0;1,0909090909090908;17,0
CSSI;UNIDADE INTERNAÇÃO - CLINICA MÉDICA ALA B;2022,0;4,0;14,0;208,0;21,0;0,6666666666666666;9,904761904761905
CSSI;UNIDADE INTERNAÇÃO - CLINICA MÉDICA ALA B;2022,0;5,0;10,0;180,0;15,0;0,6666666666666666;12,0
CSSI;UNIDADE INTERNAÇÃO - CLINICA MÉDICA ALA B;2022,0;6,0;17,0;240,0;24,0;0,7083333333333334;10,0
CSSI;UNIDADE INTERNAÇÃO - CLINICA MÉDICA ALA B;2022,0;7,0;12,0;145,0;20,0;0,6;7,25
CSSI;UNIDADE INTERNAÇÃO - CLINICA MÉDICA ALA B;2022,0;8,0;7,0;204,0;12,0;0,5833333333333334;17,0
CSSI;UNIDADE INTERNAÇÃO - CLINICA MÉDICA ALA B;2022,0;9,0;10,0;284,0;17,0;0,5882352941176471;16,705882352941178
CSSI;UNIDADE INTERNAÇÃO - CLINICA MÉDICA ALA B;2022,0;10,0;7,0;206,0;21,0;0,3333333333333333;9,80952380952381
CSSI;UNIDADE INTERNAÇÃO - CLINICA MÉDICA ALA B;2022,0;11,0;14,0;234,0;22,0;0,6363636363636364;10,636363636363637
CSSI;UNIDADE INTERNAÇÃO - CLINICA MÉDICA ALA B;2022,0;12,0;9,0;289,0;19,0;0,47368421052631576;15,210526315789474
CSSI;UNIDADE INTERNAÇÃO - CLINICA MÉDICA ALA B;2023,0;1,0;6,0;232,0;16,0;0,375;14,5
CSSI;UNIDADE INTERNAÇÃO - CLINICA MÉDICA ALA B;2023,0;2,0;1,0;107,0;15,0;0,06666666666666667;7,133333333333334
CSSI;UNIDADE INTERNAÇÃO - CLINICA MÉDICA ALA B;2023,0;3,0;10,0;107,0;15,0;0,6666666666666666;7,133333333333334
CSSI;UNIDADE INTERNAÇÃO - CLINICA MÉDICA ALA B;2023,0;4,0;12,0;181,0;15,0;0,8;12,066666666666666
CSSI;UNIDADE INTERNAÇÃO - CLINICA MÉDICA ALA B;2023,0;5,0;13,0;177,0;14,0;0,9285714285714286;12,642857142857142
CSSI;UNIDADE INTERNAÇÃO - CLINICA MÉDICA ALA B;2023,0;6,0;7,0;102,0;15,0;0,4666666666666667;6,8
CSSI;UNIDADE INTERNAÇÃO - CLINICA MÉDICA ALA B;2023,0;7,0;16,0;170,0;21,0;0,7619047619047619;8,095238095238095
CSSI;UNIDADE INTERNAÇÃO - CLINICA MÉDICA ALA B;2023,0;8,0;7,0;309,0;21,0;0,3333333333333333;14,714285714285714
CSSI;UNIDADE INTERNAÇÃO - CLINICA MÉDICA ALA B;2023,0;9,0;11,0;110,0;8,0;1,375;13,75
CSSI;UNIDADE INTERNAÇÃO - CLÍNICA MÉDICA FEMININA;2019,0;1,0;21,0;190,0;37,0;0,5675675675675675;5,135135135135135
CSSI;UNIDADE INTERNAÇÃO - CLÍNICA MÉDICA FEMININA;2019,0;2,0;10,0;204,0;28,0;0,35714285714285715;7,285714285714286
CSSI;UNIDADE INTERNAÇÃO - CLÍNICA MÉDICA FEMININA;2019,0;3,0;15,0;139,0;33,0;0,45454545454545453;4,212121212121212
CSSI;UNIDADE INTERNAÇÃO - CLÍNICA MÉDICA FEMININA;2019,0;4,0;17,0;239,0;24,0;0,7083333333333334;9,958333333333334
CSSI;UNIDADE INTERNAÇÃO - CLÍNICA MÉDICA FEMININA;2019,0;5,0;20,0;145,0;27,0;0,7407407407407407;5,37037037037037
CSSI;UNIDADE INTERNAÇÃO - CLÍNICA MÉDICA FEMININA;2019,0;6,0;12,0;170,0;33,0;0,36363636363636365;5,151515151515151
CSSI;UNIDADE INTERNAÇÃO - CLÍNICA MÉDICA FEMININA;2019,0;7,0;11,0;173,0;25,0;0,44;6,92
CSSI;UNIDADE INTERNAÇÃO - CLÍNICA MÉDICA FEMININA;2019,0;8,0;15,0;128,0;21,0;0,7142857142857143;6,095238095238095
CSSI;UNIDADE INTERNAÇÃO - CLÍNICA MÉDICA FEMININA;2019,0;9,0;8,0;146,0;21,0;0,38095238095238093;6,9523809523809526
CSSI;UNIDADE INTERNAÇÃO - CLÍNICA MÉDICA FEMININA;2019,0;10,0;9,0;160,0;25,0;0,36;6,4
CSSI;UNIDADE INTERNAÇÃO - CLÍNICA MÉDICA FEMININA;2019,0;11,0;7,0;90,0;19,0;0,3684210526315789;4,7368421052631575
CSSI;UNIDADE INTERNAÇÃO - CLÍNICA MÉDICA FEMININA;2019,0;12,0;13,0;153,0;23,0;0,5652173913043478;6,6521739130434785
CSSI;UNIDADE INTERNAÇÃO - CLÍNICA MÉDICA FEMININA;2020,0;1,0;20,0;217,0;24,0;0,8333333333333334;9,041666666666666
CSSI;UNIDADE INTERNAÇÃO - CLÍNICA MÉDICA FEMININA;2020,0;2,0;18,0;126,0;18,0;1,0;7,0
CSSI;UNIDADE INTERNAÇÃO - CLÍNICA MÉDICA FEMININA;2020,0;3,0;10,0;124,0;20,0;0,5;6,2
CSSI;UNIDADE INTERNAÇÃO - CLÍNICA MÉDICA FEMININA;2020,0;4,0;13,0;138,0;18,0;0,7222222222222222;7,666666666666667
CSSI;UNIDADE INTERNAÇÃO - CLÍNICA MÉDICA FEMININA;2020,0;5,0;11,0;204,0;13,0;0,8461538461538461;15,692307692307692
CSSI;UNIDADE INTERNAÇÃO - CLÍNICA MÉDICA FEMININA;2020,0;6,0;9,0;170,0;19,0;0,47368421052631576;8,947368421052632
CSSI;UNIDADE INTERNAÇÃO - CLÍNICA MÉDICA FEMININA;2020,0;7,0;10,0;169,0;18,0;0,5555555555555556;9,38888888888889
CSSI;UNIDADE INTERNAÇÃO - CLÍNICA MÉDICA FEMININA;2020,0;8,0;14,0;229,0;20,0;0,7;11,45
CSSI;UNIDADE INTERNAÇÃO - CLÍNICA MÉDICA FEMININA;2020,0;9,0;9,0;63,0;5,0;1,8;12,6
CSSI;UNIDADE INTERNAÇÃO - CLÍNICA MÉDICA FEMININA;2020,0;10,0;12,0;93,0;14,0;0,8571428571428571;6,642857142857143
CSSI;UNIDADE INTERNAÇÃO - CLÍNICA MÉDICA FEMININA;2020,0;11,0;7,0;108,0;10,0;0,7;10,8
CSSI;UNIDADE INTERNAÇÃO - CLÍNICA MÉDICA FEMININA;2022,0;2,0;0,0;0,0;1,0;0,0;0,0
CSSI;UNIDADE INTERNAÇÃO - CLINICA MÉDICA MASCULINA;2019,0;1,0;19,0;228,0;32,0;0,59375;7,125
CSSI;UNIDADE INTERNAÇÃO - CLINICA MÉDICA MASCULINA;2019,0;2,0;15,0;133,0;20,0;0,75;6,65
CSSI;UNIDADE INTERNAÇÃO - CLINICA MÉDICA MASCULINA;2019,0;3,0;17,0;168,0;29,0;0,5862068965517241;5,793103448275862
CSSI;UNIDADE INTERNAÇÃO - CLINICA MÉDICA MASCULINA;2019,0;4,0;10,0;199,0;25,0;0,4;7,96
CSSI;UNIDADE INTERNAÇÃO - CLINICA MÉDICA MASCULINA;2019,0;5,0;12,0;204,0;34,0;0,35294117647058826;6,0
CSSI;UNIDADE INTERNAÇÃO - CLINICA MÉDICA MASCULINA;2019,0;6,0;3,0;153,0;26,0;0,11538461538461539;5,884615384615385
CSSI;UNIDADE INTERNAÇÃO - CLINICA MÉDICA MASCULINA;2019,0;7,0;13,0;137,0;23,0;0,5652173913043478;5,956521739130435
CSSI;UNIDADE INTERNAÇÃO - CLINICA MÉDICA MASCULINA;2019,0;8,0;16,0;254,0;24,0;0,6666666666666666;10,583333333333334
CSSI;UNIDADE INTERNAÇÃO - CLINICA MÉDICA MASCULINA;2019,0;9,0;10,0;226,0;24,0;0,4166666666666667;9,416666666666666
CSSI;UNIDADE INTERNAÇÃO - CLINICA MÉDICA MASCULINA;2019,0;10,0;10,0;184,0;22,0;0,45454545454545453;8,363636363636363
CSSI;UNIDADE INTERNAÇÃO - CLINICA MÉDICA MASCULINA;2019,0;11,0;5,0;90,0;10,0;0,5;9,0
CSSI;UNIDADE INTERNAÇÃO - CLINICA MÉDICA MASCULINA;2019,0;12,0;13,0;144,0;19,0;0,6842105263157895;7,578947368421052
CSSI;UNIDADE INTERNAÇÃO - CLINICA MÉDICA MASCULINA;2020,0;1,0;9,0;128,0;15,0;0,6;8,533333333333333
CSSI;UNIDADE INTERNAÇÃO - CLINICA MÉDICA MASCULINA;2020,0;2,0;10,0;198,0;25,0;0,4;7,92
CSSI;UNIDADE INTERNAÇÃO - CLINICA MÉDICA MASCULINA;2020,0;3,0;8,0;103,0;16,0;0,5;6,4375
CSSI;UNIDADE INTERNAÇÃO - CLINICA MÉDICA MASCULINA;2020,0;4,0;1,0;28,0;4,0;0,25;7,0
CSSI;UNIDADE INTERNAÇÃO - CLINICA MÉDICA MASCULINA;2020,0;5,0;3,0;49,0;5,0;0,6;9,8
CSSI;UNIDADE INTERNAÇÃO - CLINICA MÉDICA MASCULINA;2020,0;6,0;2,0;26,0;11,0;0,18181818181818182;2,3636363636363638
CSSI;UNIDADE INTERNAÇÃO - CLINICA MÉDICA MASCULINA;2020,0;7,0;7,0;139,0;16,0;0,4375;8,6875
CSSI;UNIDADE INTERNAÇÃO - CLINICA MÉDICA MASCULINA;2020,0;8,0;6,0;52,0;14,0;0,42857142857142855;3,7142857142857144
CSSI;UNIDADE INTERNAÇÃO - CLINICA MÉDICA MASCULINA;2020,0;9,0;9,0;86,0;16,0;0,5625;5,375
CSSI;UNIDADE INTERNAÇÃO - CLINICA MÉDICA MASCULINA;2020,0;10,0;7,0;99,0;11,0;0,6363636363636364;9,0
CSSI;UNIDADE INTERNAÇÃO - CLINICA MÉDICA MASCULINA;2020,0;11,0;1,0;24,0;5,0;0,2;4,8
CSSI;UNIDADE URGENCIA/EMERGENCIA;2019,0;1,0;114,0;750,0;44,0;2,590909090909091;17,045454545454547
CSSI;UNIDADE URGENCIA/EMERGENCIA;2019,0;2,0;120,0;787,0;36,0;3,3333333333333335;21,86111111111111
CSSI;UNIDADE URGENCIA/EMERGENCIA;2019,0;3,0;92,0;987,0;30,0;3,066666666666667;32,9
CSSI;UNIDADE URGENCIA/EMERGENCIA;2019,0;4,0;113,0;1096,0;42,0;2,6904761904761907;26,095238095238095
CSSI;UNIDADE URGENCIA/EMERGENCIA;2019,0;5,0;122,0;940,0;53,0;2,30188679245283;17,735849056603772
CSSI;UNIDADE URGENCIA/EMERGENCIA;2019,0;6,0;97,0;765,0;34,0;2,8529411764705883;22,5
CSSI;UNIDADE URGENCIA/EMERGENCIA;2019,0;7,0;87,0;666,0;32,0;2,71875;20,8125
CSSI;UNIDADE URGENCIA/EMERGENCIA;2019,0;8,0;71,0;702,0;34,0;2,088235294117647;20,647058823529413
CSSI;UNIDADE URGENCIA/EMERGENCIA;2019,0;9,0;97,0;745,0;26,0;3,730769230769231;28,653846153846153
CSSI;UNIDADE URGENCIA/EMERGENCIA;2019,0;10,0;102,0;795,0;35,0;2,914285714285714;22,714285714285715
CSSI;UNIDADE URGENCIA/EMERGENCIA;2019,0;11,0;54,0;394,0;27,0;2,0;14,592592592592593
CSSI;UNIDADE URGENCIA/EMERGENCIA;2019,0;12,0;105,0;851,0;30,0;3,5;28,366666666666667
CSSI;UNIDADE URGENCIA/EMERGENCIA;2020,0;1,0;114,0;992,0;40,0;2,85;24,8
CSSI;UNIDADE URGENCIA/EMERGENCIA;2020,0;2,0;84,0;837,0;44,0;1,9090909090909092;19,022727272727273
CSSI;UNIDADE URGENCIA/EMERGENCIA;2020,0;3,0;73,0;685,0;36,0;2,0277777777777777;19,02777777777778
CSSI;UNIDADE URGENCIA/EMERGENCIA;2020,0;4,0;97,0;608,0;36,0;2,6944444444444446;16,88888888888889
CSSI;UNIDADE URGENCIA/EMERGENCIA;2020,0;5,0;76,0;755,0;34,0;2,235294117647059;22,205882352941178
CSSI;UNIDADE URGENCIA/EMERGENCIA;2020,0;6,0;77,0;859,0;30,0;2,566666666666667;28,633333333333333
CSSI;UNIDADE URGENCIA/EMERGENCIA;2020,0;7,0;76,0;737,0;28,0;2,7142857142857144;26,321428571428573
CSSI;UNIDADE URGENCIA/EMERGENCIA;2020,0;8,0;91,0;719,0;29,0;3,1379310344827585;24,79310344827586
CSSI;UNIDADE URGENCIA/EMERGENCIA;2020,0;9,0;109,0;941,0;48,0;2,2708333333333335;19,604166666666668
CSSI;UNIDADE URGENCIA/EMERGENCIA;2020,0;10,0;104,0;1007,0;53,0;1,9622641509433962;19,0
CSSI;UNIDADE URGENCIA/EMERGENCIA;2020,0;11,0;134,0;943,0;45,0;2,977777777777778;20,955555555555556
CSSI;UNIDADE URGENCIA/EMERGENCIA;2021,0;3,0;169,0;1137,0;41,0;4,121951219512195;27,73170731707317
CSSI;UNIDADE URGENCIA/EMERGENCIA;2021,0;4,0;100,0;923,0;46,0;2,1739130434782608;20,065217391304348
CSSI;UNIDADE URGENCIA/EMERGENCIA;2021,0;5,0;93,0;929,0;44,0;2,1136363636363638;21,113636363636363
CSSI;UNIDADE URGENCIA/EMERGENCIA;2021,0;6,0;121,0;1011,0;47,0;2,574468085106383;21,51063829787234
CSSI;UNIDADE URGENCIA/EMERGENCIA;2021,0;7,0;123,0;902,0;51,0;2,411764705882353;17,686274509803923
CSSI;UNIDADE URGENCIA/EMERGENCIA;2021,0;8,0;89,0;1169,0;47,0;1,8936170212765957;24,872340425531913
CSSI;UNIDADE URGENCIA/EMERGENCIA;2021,0;9,0;85,0;1205,0;44,0;1,9318181818181819;27,386363636363637
CSSI;UNIDADE URGENCIA/EMERGENCIA;2021,0;10,0;128,0;1460,0;37,0;3,4594594594594597;39,45945945945946
CSSI;UNIDADE URGENCIA/EMERGENCIA;2021,0;11,0;136,0;1140,0;34,0;4,0;33,529411764705884
CSSI;UNIDADE URGENCIA/EMERGENCIA;2021,0;12,0;152,0;1238,0;45,0;3,3777777777777778;27,511111111111113
CSSI;UNIDADE URGENCIA/EMERGENCIA;2022,0;1,0;97,0;944,0;33,0;2,9393939393939394;28,606060606060606
CSSI;UNIDADE URGENCIA/EMERGENCIA;2022,0;2,0;109,0;1171,0;43,0;2,5348837209302326;27,232558139534884
CSSI;UNIDADE URGENCIA/EMERGENCIA;2022,0;3,0;87,0;1023,0;28,0;3,107142857142857;36,535714285714285
CSSI;UNIDADE URGENCIA/EMERGENCIA;2022,0;4,0;127,0;1376,0;37,0;3,4324324324324325;37,189189189189186
CSSI;UNIDADE URGENCIA/EMERGENCIA;2022,0;5,0;111,0;855,0;23,0;4,826086956521739;37,17391304347826
CSSI;UNIDADE URGENCIA/EMERGENCIA;2022,0;6,0;118,0;1047,0;19,0;6,2105263157894735;55,10526315789474
CSSI;UNIDADE URGENCIA/EMERGENCIA;2022,0;7,0;105,0;1119,0;26,0;4,038461538461538;43,03846153846154
CSSI;UNIDADE URGENCIA/EMERGENCIA;2022,0;8,0;125,0;1114,0;27,0;4,62962962962963;41,25925925925926
CSSI;UNIDADE URGENCIA/EMERGENCIA;2022,0;9,0;116,0;1423,0;29,0;4,0;49,06896551724138
CSSI;UNIDADE URGENCIA/EMERGENCIA;2022,0;10,0;123,0;1292,0;25,0;4,92;51,68
CSSI;UNIDADE URGENCIA/EMERGENCIA;2022,0;11,0;95,0;1262,0;25,0;3,8;50,48
CSSI;UNIDADE URGENCIA/EMERGENCIA;2022,0;12,0;105,0;1206,0;32,0;3,28125;37,6875
CSSI;UNIDADE URGENCIA/EMERGENCIA;2023,0;1,0;111,0;1299,0;26,0;4,269230769230769;49,96153846153846
CSSI;UNIDADE URGENCIA/EMERGENCIA;2023,0;2,0;84,0;980,0;22,0;3,8181818181818183;44,54545454545455
CSSI;UNIDADE URGENCIA/EMERGENCIA;2023,0;3,0;107,0;1076,0;31,0;3,4516129032258065;34,70967741935484
CSSI;UNIDADE URGENCIA/EMERGENCIA;2023,0;4,0;107,0;1038,0;30,0;3,566666666666667;34,6
CSSI;UNIDADE URGENCIA/EMERGENCIA;2023,0;5,0;108,0;1089,0;30,0;3,6;36,3
CSSI;UNIDADE URGENCIA/EMERGENCIA;2023,0;6,0;158,0;1175,0;38,0;4,157894736842105;30,92105263157895
CSSI;UNIDADE URGENCIA/EMERGENCIA;2023,0;7,0;139,0;1030,0;24,0;5,791666666666667;42,916666666666664
CSSI;UNIDADE URGENCIA/EMERGENCIA;2023,0;8,0;124,0;1183,0;28,0;4,428571428571429;42,25
CSSI;UNIDADE URGENCIA/EMERGENCIA;2023,0;9,0;82,0;737,0;25,0;3,28;29,48
CSSI;UNIDADE URGÊNCIA/EMERGÊNCIA - OBSERVAÇÃO;2023,0;9,0;0,0;0,0;1,0;0,0;0,0
CSSI;UNIDADE URGÊNCIA/EMERGÊNCIA - OBSERVAÇÃO;2023,0;10,0;0,0;4,0;1,0;0,0;4,0
CSSI;UNIDADE URGÊNCIA/EMERGÊNCIA - OBSERVAÇÃO;2023,0;11,0;0,0;9,0;1,0;0,0;9,0
CSSI;UNIDADE URGÊNCIA/EMERGÊNCIA - OBSERVAÇÃO;2023,0;12,0;0,0;6,0;2,0;0,0;3,0
CSSI;UNIDADE URGÊNCIA/EMERGÊNCIA - OBSERVAÇÃO;2024,0;1,0;1,0;25,0;1,0;1,0;25,0
CSSI;UNIDADE URGÊNCIA/EMERGÊNCIA - OBSERVAÇÃO;2024,0;2,0;2,0;18,0;3,0;0,6666666666666666;6,0
CSSI;UNIDADE URGÊNCIA/EMERGÊNCIA - OBSERVAÇÃO;2024,0;3,0;3,0;80,0;2,0;1,5;40,0
CSSI;UNIDADE URGÊNCIA/EMERGÊNCIA - OBSERVAÇÃO;2024,0;4,0;3,0;113,0;2,0;1,5;56,5
CSSI;UNIDADE URGÊNCIA/EMERGÊNCIA - OBSERVAÇÃO;2024,0;5,0;0,0;69,0;3,0;0,0;23,0
CSSI;UNIDADE URGÊNCIA/EMERGÊNCIA - OBSERVAÇÃO;2024,0;6,0;0,0;17,0;1,0;0,0;17,0
CSSI;UNIDADE URGÊNCIA/EMERGÊNCIA - OBSERVAÇÃO;2024,0;11,0;0,0;51,0;1,0;0,0;51,0
CSSI;UNIDADE URGÊNCIA/EMERGÊNCIA - OBSERVAÇÃO;2024,0;12,0;0,0;8,0;1,0;0,0;8,0
CSSI;UNIDADE URGÊNCIA/EMERGÊNCIA - OBSERVAÇÃO;2025,0;1,0;2,0;51,0;3,0;0,6666666666666666;17,0
CSSI;UNIDADE URGÊNCIA/EMERGÊNCIA - OBSERVAÇÃO;2025,0;2,0;1,0;72,0;6,0;0,16666666666666666;12,0
CSSI;UNIDADE URGÊNCIA/EMERGÊNCIA - OBSERVAÇÃO;2025,0;3,0;2,0;100,0;9,0;0,2222222222222222;11,11111111111111
CSSI;UNIDADE URGÊNCIA/EMERGÊNCIA - OBSERVAÇÃO;2025,0;4,0;0,0;25,0;3,0;0,0;8,333333333333334
CSSI;UNIDADE URGÊNCIA/EMERGÊNCIA - OBSERVAÇÃO;2025,0;6,0;0,0;30,0;3,0;0,0;10,0
CSSI;UNIDADE URGÊNCIA/EMERGÊNCIA - OBSERVAÇÃO;2025,0;7,0;0,0;14,0;2,0;0,0;7,0
CSSI;UNIDADE URGÊNCIA/EMERGÊNCIA - OBSERVAÇÃO;2025,0;8,0;2,0;63,0;3,0;0,6666666666666666;21,0
CSSI;UNIDADE URGÊNCIA/EMERGÊNCIA - OBSERVAÇÃO;2025,0;9,0;7,0;156,0;3,0;2,3333333333333335;52,0
CSSI;UNIDADE URGÊNCIA/EMERGÊNCIA - OBSERVAÇÃO;2025,0;10,0;12,0;201,0;3,0;4,0;67,0
CSSI;UNIDADE URGÊNCIA/EMERGÊNCIA - OBSERVAÇÃO;2025,0;11,0;5,0;72,0;2,0;2,5;36,0
CSSI;UNIDADE URGÊNCIA/EMERGÊNCIA - OBSERVAÇÃO;2025,0;12,0;0,0;69,0;1,0;0,0;69,0
CSSI;UNIDADE URGÊNCIA/EMERGÊNCIA - OBSERVAÇÃO;2026,0;1,0;3,0;116,0;5,0;0,6;23,2
CSSI;UNIDADE URGÊNCIA/EMERGÊNCIA - OBSERVAÇÃO;2026,0;2,0;1,0;132,0;6,0;0,16666666666666666;22,0
CSSI;UNIDADE URGÊNCIA/EMERGÊNCIA - OBSERVAÇÃO;2026,0;3,0;2,0;50,0;6,0;0,3333333333333333;8,333333333333334
CSSI;UNIDADE URGÊNCIA/EMERGÊNCIA - OBSERVAÇÃO;2026,0;4,0;7,0;86,0;7,0;1,0;12,285714285714286
CSSI;UNIDADE URGÊNCIA/EMERGÊNCIA - OBSERVAÇÃO;2026,0;5,0;8,0;55,0;5,0;1,6;11,0
CSSI;UNIDADE URGÊNCIA/EMERGÊNCIA - OBSERVAÇÃO;2026,0;6,0;1,0;83,0;3,0;0,3333333333333333;27,666666666666668
CSSI;UNIDADE URGÊNCIA/EMERGÊNCIA - OBSERVAÇÃO;2026,0;7,0;4,0;153,0;11,0;0,36363636363636365;13,909090909090908
CSSI;UNIDADE URGÊNCIA/EMERGÊNCIA - OBSERVAÇÃO;2026,0;8,0;3,0;32,0;2,0;1,5;16,0
CSSI;UNIDADES DE CUIDADOS PROLONGADOS - UCP;2023,0;9,0;1,0;24,0;1,0;1,0;24,0
CSSI;UNIDADES DE CUIDADOS PROLONGADOS - UCP;2023,0;10,0;7,0;243,0;11,0;0,6363636363636364;22,09090909090909
CSSI;UNIDADES DE CUIDADOS PROLONGADOS - UCP;2023,0;11,0;12,0;164,0;12,0;1,0;13,666666666666666
CSSI;UNIDADES DE CUIDADOS PROLONGADOS - UCP;2023,0;12,0;1,0;141,0;14,0;0,07142857142857142;10,071428571428571
CSSI;UNIDADES DE CUIDADOS PROLONGADOS - UCP;2024,0;1,0;4,0;131,0;7,0;0,5714285714285714;18,714285714285715
CSSI;UNIDADES DE CUIDADOS PROLONGADOS - UCP;2024,0;2,0;6,0;291,0;13,0;0,46153846153846156;22,384615384615383
CSSI;UNIDADES DE CUIDADOS PROLONGADOS - UCP;2024,0;3,0;3,0;711,0;15,0;0,2;47,4
CSSI;UNIDADES DE CUIDADOS PROLONGADOS - UCP;2024,0;4,0;8,0;763,0;14,0;0,5714285714285714;54,5
CSSI;UNIDADES DE CUIDADOS PROLONGADOS - UCP;2024,0;5,0;3,0;962,0;18,0;0,16666666666666666;53,44444444444444
CSSI;UNIDADES DE CUIDADOS PROLONGADOS - UCP;2024,0;6,0;7,0;652,0;16,0;0,4375;40,75
CSSI;UNIDADES DE CUIDADOS PROLONGADOS - UCP;2024,0;7,0;5,0;284,0;18,0;0,2777777777777778;15,777777777777779
CSSI;UNIDADES DE CUIDADOS PROLONGADOS - UCP;2024,0;8,0;8,0;142,0;16,0;0,5;8,875
CSSI;UNIDADES DE CUIDADOS PROLONGADOS - UCP;2024,0;9,0;6,0;103,0;18,0;0,3333333333333333;5,722222222222222
CSSI;UNIDADES DE CUIDADOS PROLONGADOS - UCP;2024,0;10,0;11,0;207,0;13,0;0,8461538461538461;15,923076923076923
CSSI;UNIDADES DE CUIDADOS PROLONGADOS - UCP;2024,0;11,0;2,0;279,0;6,0;0,3333333333333333;46,5
CSSI;UNIDADES DE CUIDADOS PROLONGADOS - UCP;2024,0;12,0;9,0;192,0;10,0;0,9;19,2
CSSI;UNIDADES DE CUIDADOS PROLONGADOS - UCP;2025,0;1,0;11,0;301,0;11,0;1,0;27,363636363636363
CSSI;UNIDADES DE CUIDADOS PROLONGADOS - UCP;2025,0;2,0;4,0;242,0;10,0;0,4;24,2
CSSI;UNIDADES DE CUIDADOS PROLONGADOS - UCP;2025,0;3,0;3,0;252,0;9,0;0,3333333333333333;28,0
CSSI;UNIDADES DE CUIDADOS PROLONGADOS - UCP;2025,0;4,0;6,0;679,0;7,0;0,8571428571428571;97,0
CSSI;UNIDADES DE CUIDADOS PROLONGADOS - UCP;2025,0;5,0;8,0;445,0;11,0;0,7272727272727273;40,45454545454545
CSSI;UNIDADES DE CUIDADOS PROLONGADOS - UCP;2025,0;6,0;0,0;237,0;10,0;0,0;23,7
CSSI;UNIDADES DE CUIDADOS PROLONGADOS - UCP;2025,0;7,0;0,0;146,0;8,0;0,0;18,25
CSSI;UNIDADES DE CUIDADOS PROLONGADOS - UCP;2025,0;8,0;10,0;251,0;10,0;1,0;25,1
CSSI;UNIDADES DE CUIDADOS PROLONGADOS - UCP;2025,0;9,0;2,0;452,0;9,0;0,2222222222222222;50,22222222222222
CSSI;UNIDADES DE CUIDADOS PROLONGADOS - UCP;2025,0;10,0;2,0;210,0;9,0;0,2222222222222222;23,333333333333332
CSSI;UNIDADES DE CUIDADOS PROLONGADOS - UCP;2025,0;11,0;7,0;283,0;7,0;1,0;40,42857142857143
CSSI;UNIDADES DE CUIDADOS PROLONGADOS - UCP;2025,0;12,0;6,0;215,0;4,0;1,5;53,75
CSSI;UNIDADES DE CUIDADOS PROLONGADOS - UCP;2026,0;1,0;3,0;193,0;7,0;0,42857142857142855;27,571428571428573
CSSI;UNIDADES DE CUIDADOS PROLONGADOS - UCP;2026,0;2,0;12,0;207,0;6,0;2,0;34,5
CSSI;UNIDADES DE CUIDADOS PROLONGADOS - UCP;2026,0;3,0;7,0;632,0;7,0;1,0;90,28571428571429
CSSI;UNIDADES DE CUIDADOS PROLONGADOS - UCP;2026,0;4,0;2,0;187,0;8,0;0,25;23,375
CSSI;UNIDADES DE CUIDADOS PROLONGADOS - UCP;2026,0;5,0;3,0;187,0;7,0;0,42857142857142855;26,714285714285715
CSSI;UNIDADES DE CUIDADOS PROLONGADOS - UCP;2026,0;6,0;1,0;181,0;9,0;0,1111111111111111;20,11111111111111
CSSI;UNIDADES DE CUIDADOS PROLONGADOS - UCP;2026,0;7,0;10,0;237,0;6,0;1,6666666666666667;39,5
CSSI;UNIDADES DE CUIDADOS PROLONGADOS - UCP;2026,0;8,0;4,0;125,0;11,0;0,36363636363636365;11,363636363636363
HAC;AMBULATORIO - ESPECIALIDADES;2019,0;4,0;4,0;24,0;2,0;2,0;12,0
HAC;AMBULATORIO - ESPECIALIDADES;2019,0;5,0;1,0;17,0;2,0;0,5;8,5
HAC;AMBULATORIO - ESPECIALIDADES;2019,0;6,0;2,0;23,0;6,0;0,3333333333333333;3,8333333333333335
HAC;AMBULATORIO - ESPECIALIDADES;2019,0;7,0;0,0;0,0;1,0;0,0;0,0
HAC;AMBULATORIO - ESPECIALIDADES;2019,0;8,0;4,0;16,0;1,0;4,0;16,0
HAC;AMBULATORIO - ESPECIALIDADES;2019,0;9,0;0,0;0,0;1,0;0,0;0,0
HAC;AMBULATORIO - ESPECIALIDADES;2019,0;10,0;0,0;0,0;2,0;0,0;0,0
HAC;AMBULATORIO - ESPECIALIDADES;2019,0;11,0;0,0;5,0;1,0;0,0;5,0
HAC;AMBULATORIO - ESPECIALIDADES;2019,0;12,0;0,0;26,0;1,0;0,0;26,0
HAC;AMBULATORIO - ESPECIALIDADES;2020,0;2,0;2,0;9,0;1,0;2,0;9,0
HAC;AMBULATORIO - ESPECIALIDADES;2020,0;4,0;0,0;8,0;1,0;0,0;8,0
HAC;AMBULATORIO - ESPECIALIDADES;2020,0;6,0;0,0;0,0;2,0;0,0;0,0
HAC;AMBULATORIO - ESPECIALIDADES;2020,0;7,0;0,0;0,0;1,0;0,0;0,0
HAC;AMBULATORIO - ESPECIALIDADES;2020,0;8,0;0,0;7,0;1,0;0,0;7,0
HAC;AMBULATORIO - ESPECIALIDADES;2020,0;11,0;1,0;6,0;1,0;1,0;6,0
HAC;AMBULATORIO - ESPECIALIDADES;2020,0;12,0;6,0;12,0;1,0;6,0;12,0
HAC;AMBULATORIO - ESPECIALIDADES;2021,0;1,0;2,0;2,0;1,0;2,0;2,0
HAC;AMBULATORIO - ESPECIALIDADES;2021,0;2,0;2,0;12,0;1,0;2,0;12,0
HAC;AMBULATORIO - ESPECIALIDADES;2021,0;3,0;0,0;0,0;1,0;0,0;0,0
HAC;AMBULATORIO - ESPECIALIDADES;2021,0;6,0;2,0;30,0;1,0;2,0;30,0
HAC;AMBULATORIO - ESPECIALIDADES;2021,0;7,0;1,0;0,0;3,0;0,3333333333333333;0,0
HAC;AMBULATORIO - ESPECIALIDADES;2021,0;8,0;0,0;0,0;1,0;0,0;0,0
HAC;AMBULATORIO - ESPECIALIDADES;2021,0;11,0;0,0;0,0;2,0;0,0;0,0
HAC;AMBULATORIO - ESPECIALIDADES;2021,0;12,0;0,0;0,0;1,0;0,0;0,0
HAC;AMBULATORIO - ESPECIALIDADES;2022,0;1,0;0,0;0,0;2,0;0,0;0,0
HAC;AMBULATORIO - ESPECIALIDADES;2022,0;2,0;0,0;6,0;1,0;0,0;6,0
HAC;AMBULATORIO - ESPECIALIDADES;2022,0;4,0;1,0;4,0;3,0;0,3333333333333333;1,3333333333333333
HAC;AMBULATORIO - ESPECIALIDADES;2022,0;5,0;0,0;0,0;2,0;0,0;0,0
HAC;AMBULATORIO - ESPECIALIDADES;2022,0;8,0;0,0;0,0;3,0;0,0;0,0
HAC;AMBULATORIO - ESPECIALIDADES;2022,0;9,0;0,0;4,0;5,0;0,0;0,8
HAC;AMBULATORIO - ESPECIALIDADES;2022,0;10,0;2,0;16,0;1,0;2,0;16,0
HAC;AMBULATORIO - ESPECIALIDADES;2022,0;11,0;0,0;0,0;1,0;0,0;0,0
HAC;AMBULATORIO - ESPECIALIDADES;2022,0;12,0;0,0;0,0;2,0;0,0;0,0
HAC;AMBULATORIO - ESPECIALIDADES;2023,0;1,0;0,0;0,0;1,0;0,0;0,0
HAC;AMBULATORIO - ESPECIALIDADES;2023,0;2,0;0,0;0,0;1,0;0,0;0,0
HAC;AMBULATORIO - ESPECIALIDADES;2023,0;5,0;2,0;10,0;1,0;2,0;10,0
HAC;AMBULATORIO - ESPECIALIDADES;2023,0;8,0;0,0;0,0;1,0;0,0;0,0
HAC;AMBULATORIO - ESPECIALIDADES;2023,0;9,0;1,0;40,0;3,0;0,3333333333333333;13,333333333333334
HAC;AMBULATORIO - ESPECIALIDADES;2023,0;10,0;0,0;0,0;2,0;0,0;0,0
HAC;AMBULATORIO - ESPECIALIDADES;2023,0;11,0;1,0;60,0;3,0;0,3333333333333333;20,0
HAC;AMBULATORIO - ESPECIALIDADES;2023,0;12,0;0,0;1,0;2,0;0,0;0,5
HAC;AMBULATORIO - ESPECIALIDADES;2024,0;1,0;2,0;3,0;1,0;2,0;3,0
HAC;AMBULATORIO - ESPECIALIDADES;2024,0;2,0;0,0;15,0;2,0;0,0;7,5
HAC;AMBULATORIO - ESPECIALIDADES;2024,0;3,0;0,0;16,0;3,0;0,0;5,333333333333333
HAC;AMBULATORIO - ESPECIALIDADES;2024,0;4,0;1,0;0,0;4,0;0,25;0,0
HAC;AMBULATORIO - ESPECIALIDADES;2024,0;5,0;1,0;13,0;1,0;1,0;13,0
HAC;AMBULATORIO - ESPECIALIDADES;2024,0;6,0;3,0;29,0;1,0;3,0;29,0
HAC;AMBULATORIO - ESPECIALIDADES;2024,0;7,0;0,0;58,0;2,0;0,0;29,0
HAC;AMBULATORIO - ESPECIALIDADES;2024,0;8,0;2,0;25,0;2,0;1,0;12,5
HAC;AMBULATORIO - ESPECIALIDADES;2024,0;9,0;0,0;24,0;2,0;0,0;12,0
HAC;AMBULATORIO - ESPECIALIDADES;2024,0;12,0;0,0;18,0;2,0;0,0;9,0
HAC;AMBULATORIO - ESPECIALIDADES;2025,0;2,0;1,0;16,0;2,0;0,5;8,0
HAC;AMBULATORIO - ESPECIALIDADES;2025,0;3,0;2,0;54,0;1,0;2,0;54,0
HAC;AMBULATORIO - ESPECIALIDADES;2025,0;4,0;1,0;6,0;2,0;0,5;3,0
HAC;AMBULATORIO - ESPECIALIDADES;2025,0;6,0;0,0;0,0;1,0;0,0;0,0
HAC;AMBULATORIO - ESPECIALIDADES;2025,0;7,0;2,0;14,0;3,0;0,6666666666666666;4,666666666666667
HAC;AMBULATORIO - ESPECIALIDADES;2025,0;8,0;2,0;32,0;1,0;2,0;32,0
HAC;AMBULATORIO - ESPECIALIDADES;2025,0;9,0;0,0;32,0;1,0;0,0;32,0
HAC;AMBULATORIO DE ONCOLOGIA CLINICA;2022,0;5,0;0,0;12,0;2,0;0,0;6,0
HAC;AMBULATORIO DE ONCOLOGIA CLINICA;2023,0;2,0;0,0;3,0;1,0;0,0;3,0
HAC;AMBULATORIO DE ONCOLOGIA CLINICA;2023,0;3,0;0,0;6,0;1,0;0,0;6,0
HAC;AMBULATORIO DE ONCOLOGIA CLINICA;2023,0;7,0;0,0;0,0;1,0;0,0;0,0
HAC;AMBULATORIO DE ONCOLOGIA CLINICA;2023,0;9,0;0,0;4,0;1,0;0,0;4,0
HAC;AMBULATORIO DE ONCOLOGIA CLINICA;2024,0;2,0;0,0;0,0;1,0;0,0;0,0
HAC;AMBULATORIO DE ONCOLOGIA CLINICA;2024,0;7,0;0,0;13,0;1,0;0,0;13,0
HAC;AMBULATORIO DE ONCOLOGIA CLINICA;2024,0;8,0;0,0;0,0;1,0;0,0;0,0
HAC;AMBULATORIO DE ONCOLOGIA CLINICA;2025,0;1,0;0,0;13,0;1,0;0,0;13,0
HAC;AMBULATORIO DE ONCOLOGIA CLINICA;2025,0;5,0;2,0;16,0;1,0;2,0;16,0
HAC;AMBULATORIO DE ONCOLOGIA CLINICA;2025,0;8,0;0,0;65,0;4,0;0,0;16,25
HAC;AMBULATORIO DE ONCOLOGIA CLINICA;2025,0;10,0;1,0;23,0;1,0;1,0;23,0
HAC;AMBULATORIO DE ONCOLOGIA ESPECIALIDADES;2024,0;9,0;0,0;0,0;1,0;0,0;0,0
HAC;AMBULATORIO DE ONCOLOGIA ESPECIALIDADES;2024,0;11,0;0,0;2,0;1,0;0,0;2,0
HAC;AMBULATORIO DE ONCOLOGIA ESPECIALIDADES;2025,0;4,0;0,0;10,0;1,0;0,0;10,0
HAC;CTI ADULTO;2025,0;10,0;116,0;2183,0;7,0;16,571428571428573;311,85714285714283
HAC;CTI ADULTO;2025,0;11,0;217,0;4147,0;6,0;36,166666666666664;691,1666666666666
HAC;CTI ADULTO;2025,0;12,0;163,0;3802,0;7,0;23,285714285714285;543,1428571428571
HAC;CTI ADULTO;2026,0;1,0;150,0;4399,0;15,0;10,0;293,26666666666665
HAC;CTI ADULTO;2026,0;2,0;200,0;4185,0;8,0;25,0;523,125
HAC;CTI ADULTO;2026,0;3,0;199,0;4417,0;11,0;18,09090909090909;401,54545454545456
HAC;CTI ADULTO;2026,0;4,0;148,0;4038,0;12,0;12,333333333333334;336,5
HAC;CTI ADULTO;2026,0;5,0;166,0;4424,0;6,0;27,666666666666668;737,3333333333334
HAC;CTI ADULTO;2026,0;6,0;123,0;3490,0;7,0;17,571428571428573;498,57142857142856
HAC;CTI ADULTO;2026,0;7,0;132,0;3326,0;9,0;14,666666666666666;369,55555555555554
HAC;CTI ADULTO;2026,0;8,0;118,0;3139,0;5,0;23,6;627,8
HAC;QUIMIOTERAPIA;2019,0;2,0;1,0;62,0;1,0;1,0;62,0
HAC;QUIMIOTERAPIA;2019,0;5,0;2,0;58,0;1,0;2,0;58,0
HAC;QUIMIOTERAPIA;2019,0;7,0;8,0;27,0;1,0;8,0;27,0
HAC;QUIMIOTERAPIA;2019,0;8,0;7,0;77,0;1,0;7,0;77,0
HAC;QUIMIOTERAPIA;2019,0;10,0;11,0;134,0;2,0;5,5;67,0
HAC;QUIMIOTERAPIA;2019,0;12,0;0,0;42,0;1,0;0,0;42,0
HAC;QUIMIOTERAPIA;2020,0;2,0;5,0;65,0;2,0;2,5;32,5
HAC;QUIMIOTERAPIA;2020,0;3,0;2,0;79,0;2,0;1,0;39,5
HAC;QUIMIOTERAPIA;2020,0;4,0;0,0;89,0;1,0;0,0;89,0
HAC;QUIMIOTERAPIA;2020,0;5,0;7,0;101,0;1,0;7,0;101,0
HAC;QUIMIOTERAPIA;2020,0;6,0;3,0;34,0;1,0;3,0;34,0
HAC;QUIMIOTERAPIA;2020,0;8,0;0,0;32,0;1,0;0,0;32,0
HAC;QUIMIOTERAPIA;2020,0;9,0;3,0;42,0;1,0;3,0;42,0
HAC;QUIMIOTERAPIA;2020,0;10,0;2,0;11,0;1,0;2,0;11,0
HAC;QUIMIOTERAPIA;2021,0;3,0;1,0;115,0;1,0;1,0;115,0
HAC;QUIMIOTERAPIA;2021,0;6,0;2,0;62,0;1,0;2,0;62,0
HAC;QUIMIOTERAPIA;2021,0;7,0;0,0;41,0;1,0;0,0;41,0
HAC;QUIMIOTERAPIA;2021,0;10,0;2,0;3,0;1,0;2,0;3,0
HAC;QUIMIOTERAPIA;2021,0;11,0;1,0;24,0;3,0;0,3333333333333333;8,0
HAC;QUIMIOTERAPIA;2021,0;12,0;3,0;26,0;1,0;3,0;26,0
HAC;QUIMIOTERAPIA;2022,0;1,0;5,0;43,0;1,0;5,0;43,0
HAC;QUIMIOTERAPIA;2022,0;2,0;1,0;19,0;1,0;1,0;19,0
HAC;QUIMIOTERAPIA;2022,0;4,0;0,0;2,0;1,0;0,0;2,0
HAC;QUIMIOTERAPIA;2022,0;5,0;0,0;16,0;2,0;0,0;8,0
HAC;QUIMIOTERAPIA;2022,0;12,0;0,0;24,0;1,0;0,0;24,0
HAC;QUIMIOTERAPIA;2023,0;2,0;0,0;32,0;2,0;0,0;16,0
HAC;QUIMIOTERAPIA;2023,0;4,0;1,0;45,0;1,0;1,0;45,0
HAC;QUIMIOTERAPIA;2023,0;5,0;3,0;6,0;1,0;3,0;6,0
HAC;QUIMIOTERAPIA;2023,0;6,0;1,0;17,0;1,0;1,0;17,0
HAC;QUIMIOTERAPIA;2024,0;1,0;2,0;21,0;1,0;2,0;21,0
HAC;QUIMIOTERAPIA;2024,0;2,0;0,0;15,0;2,0;0,0;7,5
HAC;QUIMIOTERAPIA;2024,0;4,0;1,0;4,0;2,0;0,5;2,0
HAC;QUIMIOTERAPIA;2024,0;6,0;0,0;11,0;1,0;0,0;11,0
HAC;QUIMIOTERAPIA;2024,0;7,0;0,0;29,0;2,0;0,0;14,5
HAC;QUIMIOTERAPIA;2024,0;8,0;0,0;1,0;1,0;0,0;1,0
HAC;QUIMIOTERAPIA;2024,0;9,0;1,0;25,0;2,0;0,5;12,5
HAC;QUIMIOTERAPIA;2024,0;10,0;0,0;4,0;2,0;0,0;2,0
HAC;QUIMIOTERAPIA;2024,0;11,0;0,0;38,0;4,0;0,0;9,5
HAC;QUIMIOTERAPIA;2025,0;5,0;0,0;14,0;1,0;0,0;14,0
HAC;QUIMIOTERAPIA;2025,0;6,0;0,0;13,0;1,0;0,0;13,0
HAC;UDC - OBSERVAÇÃO;2025,0;10,0;6,0;103,0;8,0;0,75;12,875
HAC;UDC - OBSERVAÇÃO;2025,0;11,0;17,0;252,0;27,0;0,6296296296296297;9,333333333333334
HAC;UDC - OBSERVAÇÃO;2025,0;12,0;14,0;240,0;12,0;1,1666666666666667;20,0
HAC;UDC - OBSERVAÇÃO;2026,0;1,0;8,0;115,0;6,0;1,3333333333333333;19,166666666666668
HAC;UDC - OBSERVAÇÃO;2026,0;2,0;22,0;273,0;12,0;1,8333333333333333;22,75
HAC;UDC - OBSERVAÇÃO;2026,0;3,0;23,0;341,0;25,0;0,92;13,64
HAC;UDC - OBSERVAÇÃO;2026,0;4,0;14,0;258,0;19,0;0,7368421052631579;13,578947368421053
HAC;UDC - OBSERVAÇÃO;2026,0;5,0;17,0;354,0;19,0;0,8947368421052632;18,63157894736842
HAC;UDC - OBSERVAÇÃO;2026,0;6,0;23,0;307,0;21,0;1,0952380952380953;14,619047619047619
HAC;UDC - OBSERVAÇÃO;2026,0;7,0;29,0;472,0;22,0;1,3181818181818181;21,454545454545453
HAC;UDC - OBSERVAÇÃO;2026,0;8,0;47,0;501,0;28,0;1,6785714285714286;17,892857142857142
HAC;UNIDADE DE DECISAO CLINICA;2021,0;5,0;15,0;178,0;5,0;3,0;35,6
HAC;UNIDADE DE DECISAO CLINICA;2021,0;6,0;18,0;337,0;29,0;0,6206896551724138;11,620689655172415
HAC;UNIDADE DE DECISAO CLINICA;2021,0;7,0;49,0;551,0;15,0;3,2666666666666666;36,733333333333334
HAC;UNIDADE DE DECISAO CLINICA;2021,0;8,0;14,0;295,0;18,0;0,7777777777777778;16,38888888888889
HAC;UNIDADE DE DECISAO CLINICA;2021,0;9,0;33,0;468,0;13,0;2,5384615384615383;36,0
HAC;UNIDADE DE INTERNAÇÃO - CLÍNICA CIRÚRGICA;2025,0;10,0;32,0;1295,0;62,0;0,5161290322580645;20,887096774193548
HAC;UNIDADE DE INTERNAÇÃO - CLÍNICA CIRÚRGICA;2025,0;11,0;48,0;1998,0;96,0;0,5;20,8125
HAC;UNIDADE DE INTERNAÇÃO - CLÍNICA CIRÚRGICA;2025,0;12,0;62,0;2332,0;111,0;0,5585585585585585;21,00900900900901
HAC;UNIDADE DE INTERNAÇÃO - CLÍNICA CIRÚRGICA;2026,0;1,0;43,0;1870,0;96,0;0,4479166666666667;19,479166666666668
HAC;UNIDADE DE INTERNAÇÃO - CLÍNICA CIRÚRGICA;2026,0;2,0;49,0;2387,0;78,0;0,6282051282051282;30,602564102564102
HAC;UNIDADE DE INTERNAÇÃO - CLÍNICA CIRÚRGICA;2026,0;3,0;61,0;1956,0;124,0;0,49193548387096775;15,774193548387096
HAC;UNIDADE DE INTERNAÇÃO - CLÍNICA CIRÚRGICA;2026,0;4,0;58,0;1672,0;98,0;0,5918367346938775;17,06122448979592
HAC;UNIDADE DE INTERNAÇÃO - CLÍNICA CIRÚRGICA;2026,0;5,0;68,0;1924,0;96,0;0,7083333333333334;20,041666666666668
HAC;UNIDADE DE INTERNAÇÃO - CLÍNICA CIRÚRGICA;2026,0;6,0;66,0;1922,0;107,0;0,616822429906542;17,962616822429908
HAC;UNIDADE DE INTERNAÇÃO - CLÍNICA CIRÚRGICA;2026,0;7,0;73,0;1966,0;144,0;0,5069444444444444;13,652777777777779
HAC;UNIDADE DE INTERNAÇÃO - CLÍNICA CIRÚRGICA;2026,0;8,0;131,0;2798,0;104,0;1,2596153846153846;26,903846153846153
HAC;UNIDADE DE INTERNAÇÃO - CLÍNICA MÉDICA;2025,0;10,0;112,0;3835,0;121,0;0,9256198347107438;31,694214876033058
HAC;UNIDADE DE INTERNAÇÃO - CLÍNICA MÉDICA;2025,0;11,0;192,0;6586,0;175,0;1,0971428571428572;37,63428571428572
HAC;UNIDADE DE INTERNAÇÃO - CLÍNICA MÉDICA;2025,0;12,0;189,0;6851,0;167,0;1,1317365269461077;41,02395209580838
HAC;UNIDADE DE INTERNAÇÃO - CLÍNICA MÉDICA;2026,0;1,0;191,0;7300,0;170,0;1,1235294117647059;42,94117647058823
HAC;UNIDADE DE INTERNAÇÃO - CLÍNICA MÉDICA;2026,0;2,0;144,0;5755,0;160,0;0,9;35,96875
HAC;UNIDADE DE INTERNAÇÃO - CLÍNICA MÉDICA;2026,0;3,0;148,0;5551,0;168,0;0,8809523809523809;33,041666666666664
HAC;UNIDADE DE INTERNAÇÃO - CLÍNICA MÉDICA;2026,0;4,0;164,0;5080,0;192,0;0,8541666666666666;26,458333333333332
HAC;UNIDADE DE INTERNAÇÃO - CLÍNICA MÉDICA;2026,0;5,0;194,0;5531,0;199,0;0,9748743718592965;27,79396984924623
HAC;UNIDADE DE INTERNAÇÃO - CLÍNICA MÉDICA;2026,0;6,0;172,0;5371,0;194,0;0,8865979381443299;27,685567010309278
HAC;UNIDADE DE INTERNAÇÃO - CLÍNICA MÉDICA;2026,0;7,0;195,0;6603,0;200,0;0,975;33,015
HAC;UNIDADE DE INTERNAÇÃO - CLÍNICA MÉDICA;2026,0;8,0;326,0;6468,0;211,0;1,5450236966824644;30,654028436018958
HAC;UNIDADE INTERNAÇÃO - CIRURGIA GERAL;2019,0;1,0;115,0;2811,0;167,0;0,688622754491018;16,832335329341316
HAC;UNIDADE INTERNAÇÃO - CIRURGIA GERAL;2019,0;2,0;140,0;3179,0;178,0;0,7865168539325843;17,859550561797754
HAC;UNIDADE INTERNAÇÃO - CIRURGIA GERAL;2019,0;3,0;161,0;3982,0;163,0;0,9877300613496932;24,429447852760735
HAC;UNIDADE INTERNAÇÃO - CIRURGIA GERAL;2019,0;4,0;145,0;2631,0;190,0;0,7631578947368421;13,847368421052632
HAC;UNIDADE INTERNAÇÃO - CIRURGIA GERAL;2019,0;5,0;175,0;3560,0;187,0;0,9358288770053476;19,037433155080215
HAC;UNIDADE INTERNAÇÃO - CIRURGIA GERAL;2019,0;6,0;143,0;3377,0;188,0;0,7606382978723404;17,96276595744681
HAC;UNIDADE INTERNAÇÃO - CIRURGIA GERAL;2019,0;7,0;105,0;2652,0;168,0;0,625;15,785714285714286
HAC;UNIDADE INTERNAÇÃO - CIRURGIA GERAL;2019,0;8,0;121,0;3074,0;172,0;0,7034883720930233;17,872093023255815
HAC;UNIDADE INTERNAÇÃO - CIRURGIA GERAL;2019,0;9,0;98,0;2724,0;139,0;0,7050359712230215;19,597122302158272
HAC;UNIDADE INTERNAÇÃO - CIRURGIA GERAL;2019,0;10,0;154,0;3832,0;159,0;0,9685534591194969;24,10062893081761
HAC;UNIDADE INTERNAÇÃO - CIRURGIA GERAL;2019,0;11,0;118,0;2606,0;154,0;0,7662337662337663;16,92207792207792
HAC;UNIDADE INTERNAÇÃO - CIRURGIA GERAL;2019,0;12,0;88,0;2155,0;144,0;0,6111111111111112;14,965277777777779
HAC;UNIDADE INTERNAÇÃO - CIRURGIA GERAL;2020,0;1,0;140,0;2759,0;104,0;1,3461538461538463;26,528846153846153
HAC;UNIDADE INTERNAÇÃO - CIRURGIA GERAL;2020,0;2,0;119,0;3162,0;143,0;0,8321678321678322;22,111888111888113
HAC;UNIDADE INTERNAÇÃO - CIRURGIA GERAL;2020,0;3,0;135,0;2686,0;139,0;0,9712230215827338;19,323741007194243
HAC;UNIDADE INTERNAÇÃO - CIRURGIA GERAL;2020,0;4,0;139,0;3497,0;118,0;1,1779661016949152;29,635593220338983
HAC;UNIDADE INTERNAÇÃO - CIRURGIA GERAL;2020,0;5,0;155,0;3334,0;113,0;1,3716814159292035;29,504424778761063
HAC;UNIDADE INTERNAÇÃO - CIRURGIA GERAL;2020,0;6,0;132,0;3518,0;105,0;1,2571428571428571;33,50476190476191
HAC;UNIDADE INTERNAÇÃO - CIRURGIA GERAL;2020,0;7,0;129,0;3731,0;105,0;1,2285714285714286;35,53333333333333
HAC;UNIDADE INTERNAÇÃO - CIRURGIA GERAL;2020,0;8,0;121,0;2672,0;115,0;1,0521739130434782;23,234782608695653
HAC;UNIDADE INTERNAÇÃO - CIRURGIA GERAL;2020,0;9,0;129,0;3276,0;109,0;1,18348623853211;30,05504587155963
HAC;UNIDADE INTERNAÇÃO - CIRURGIA GERAL;2020,0;10,0;141,0;4021,0;120,0;1,175;33,50833333333333
HAC;UNIDADE INTERNAÇÃO - CIRURGIA GERAL;2020,0;11,0;121,0;3361,0;119,0;1,0168067226890756;28,243697478991596
HAC;UNIDADE INTERNAÇÃO - CIRURGIA GERAL;2020,0;12,0;134,0;3225,0;129,0;1,0387596899224807;25,0
HAC;UNIDADE INTERNAÇÃO - CIRURGIA GERAL;2021,0;1,0;122,0;2680,0;101,0;1,2079207920792079;26,534653465346533
HAC;UNIDADE INTERNAÇÃO - CIRURGIA GERAL;2021,0;2,0;135,0;3194,0;97,0;1,3917525773195876;32,92783505154639
HAC;UNIDADE INTERNAÇÃO - CIRURGIA GERAL;2021,0;3,0;186,0;3861,0;141,0;1,3191489361702127;27,382978723404257
HAC;UNIDADE INTERNAÇÃO - CIRURGIA GERAL;2021,0;4,0;155,0;3081,0;124,0;1,25;24,846774193548388
HAC;UNIDADE INTERNAÇÃO - CIRURGIA GERAL;2021,0;5,0;138,0;3083,0;144,0;0,9583333333333334;21,40972222222222
HAC;UNIDADE INTERNAÇÃO - CIRURGIA GERAL;2021,0;6,0;94,0;2665,0;133,0;0,706766917293233;20,037593984962406
HAC;UNIDADE INTERNAÇÃO - CIRURGIA GERAL;2021,0;7,0;106,0;3419,0;143,0;0,7412587412587412;23,90909090909091
HAC;UNIDADE INTERNAÇÃO - CIRURGIA GERAL;2021,0;8,0;94,0;2058,0;129,0;0,7286821705426356;15,953488372093023
HAC;UNIDADE INTERNAÇÃO - CIRURGIA GERAL;2021,0;9,0;55,0;2045,0;124,0;0,4435483870967742;16,491935483870968
HAC;UNIDADE INTERNAÇÃO - CIRURGIA GERAL;2021,0;10,0;61,0;1610,0;108,0;0,5648148148148148;14,907407407407407
HAC;UNIDADE INTERNAÇÃO - CIRURGIA GERAL;2021,0;11,0;82,0;2053,0;109,0;0,7522935779816514;18,834862385321102
HAC;UNIDADE INTERNAÇÃO - CIRURGIA GERAL;2021,0;12,0;79,0;2215,0;107,0;0,7383177570093458;20,700934579439252
HAC;UNIDADE INTERNAÇÃO - CIRURGIA GERAL;2022,0;1,0;49,0;1422,0;61,0;0,8032786885245902;23,311475409836067
HAC;UNIDADE INTERNAÇÃO - CIRURGIA GERAL;2022,0;2,0;42,0;1184,0;79,0;0,5316455696202531;14,987341772151899
HAC;UNIDADE INTERNAÇÃO - CIRURGIA GERAL;2022,0;3,0;88,0;2305,0;88,0;1,0;26,193181818181817
HAC;UNIDADE INTERNAÇÃO - CIRURGIA GERAL;2022,0;4,0;98,0;2153,0;90,0;1,0888888888888888;23,92222222222222
HAC;UNIDADE INTERNAÇÃO - CIRURGIA GERAL;2022,0;5,0;85,0;2329,0;116,0;0,7327586206896551;20,07758620689655
HAC;UNIDADE INTERNAÇÃO - CIRURGIA GERAL;2022,0;6,0;87,0;1896,0;117,0;0,7435897435897436;16,205128205128204
HAC;UNIDADE INTERNAÇÃO - CIRURGIA GERAL;2022,0;7,0;74,0;2175,0;105,0;0,7047619047619048;20,714285714285715
HAC;UNIDADE INTERNAÇÃO - CIRURGIA GERAL;2022,0;8,0;97,0;2025,0;126,0;0,7698412698412699;16,071428571428573
HAC;UNIDADE INTERNAÇÃO - CIRURGIA GERAL;2022,0;9,0;66,0;946,0;42,0;1,5714285714285714;22,523809523809526
HAC;UNIDADE INTERNAÇÃO - CLINICA CIRURGICA;2022,0;9,0;54,0;1283,0;60,0;0,9;21,383333333333333
HAC;UNIDADE INTERNAÇÃO - CLINICA CIRURGICA;2022,0;10,0;79,0;1936,0;121,0;0,6528925619834711;16,0
HAC;UNIDADE INTERNAÇÃO - CLINICA CIRURGICA;2022,0;11,0;71,0;1758,0;93,0;0,7634408602150538;18,903225806451612
HAC;UNIDADE INTERNAÇÃO - CLINICA CIRURGICA;2022,0;12,0;98,0;2781,0;109,0;0,8990825688073395;25,513761467889907
HAC;UNIDADE INTERNAÇÃO - CLINICA CIRURGICA;2023,0;1,0;132,0;2805,0;94,0;1,4042553191489362;29,840425531914892
HAC;UNIDADE INTERNAÇÃO - CLINICA CIRURGICA;2023,0;2,0;76,0;2104,0;114,0;0,6666666666666666;18,45614035087719
HAC;UNIDADE INTERNAÇÃO - CLINICA CIRURGICA;2023,0;3,0;99,0;2678,0;172,0;0,5755813953488372;15,569767441860465
HAC;UNIDADE INTERNAÇÃO - CLINICA CIRURGICA;2023,0;4,0;83,0;2692,0;133,0;0,6240601503759399;20,2406015037594
HAC;UNIDADE INTERNAÇÃO - CLINICA CIRURGICA;2023,0;5,0;112,0;2351,0;144,0;0,7777777777777778;16,32638888888889
HAC;UNIDADE INTERNAÇÃO - CLINICA CIRURGICA;2023,0;6,0;122,0;2502,0;154,0;0,7922077922077922;16,246753246753247
HAC;UNIDADE INTERNAÇÃO - CLINICA CIRURGICA;2023,0;7,0;102,0;1925,0;160,0;0,6375;12,03125
HAC;UNIDADE INTERNAÇÃO - CLINICA CIRURGICA;2023,0;8,0;86,0;2010,0;162,0;0,5308641975308642;12,407407407407407
HAC;UNIDADE INTERNAÇÃO - CLINICA CIRURGICA;2023,0;9,0;88,0;2426,0;138,0;0,6376811594202898;17,579710144927535
HAC;UNIDADE INTERNAÇÃO - CLINICA CIRURGICA;2023,0;10,0;96,0;2722,0;152,0;0,631578947368421;17,907894736842106
HAC;UNIDADE INTERNAÇÃO - CLINICA CIRURGICA;2023,0;11,0;112,0;2485,0;121,0;0,9256198347107438;20,537190082644628
HAC;UNIDADE INTERNAÇÃO - CLINICA CIRURGICA;2023,0;12,0;76,0;2435,0;143,0;0,5314685314685315;17,027972027972027
HAC;UNIDADE INTERNAÇÃO - CLINICA CIRURGICA;2024,0;1,0;80,0;1715,0;121,0;0,6611570247933884;14,173553719008265
HAC;UNIDADE INTERNAÇÃO - CLINICA CIRURGICA;2024,0;2,0;74,0;1254,0;132,0;0,5606060606060606;9,5
HAC;UNIDADE INTERNAÇÃO - CLINICA CIRURGICA;2024,0;3,0;57,0;1687,0;151,0;0,37748344370860926;11,172185430463577
HAC;UNIDADE INTERNAÇÃO - CLINICA CIRURGICA;2024,0;4,0;74,0;1868,0;142,0;0,5211267605633803;13,154929577464788
HAC;UNIDADE INTERNAÇÃO - CLINICA CIRURGICA;2024,0;5,0;74,0;2039,0;135,0;0,5481481481481482;15,103703703703705
HAC;UNIDADE INTERNAÇÃO - CLINICA CIRURGICA;2024,0;6,0;71,0;1442,0;138,0;0,5144927536231884;10,44927536231884
HAC;UNIDADE INTERNAÇÃO - CLINICA CIRURGICA;2024,0;7,0;72,0;1693,0;121,0;0,5950413223140496;13,991735537190083
HAC;UNIDADE INTERNAÇÃO - CLINICA CIRURGICA;2024,0;8,0;74,0;1456,0;134,0;0,5522388059701493;10,865671641791044
HAC;UNIDADE INTERNAÇÃO - CLINICA CIRURGICA;2024,0;9,0;56,0;1211,0;142,0;0,39436619718309857;8,528169014084508
HAC;UNIDADE INTERNAÇÃO - CLINICA CIRURGICA;2024,0;10,0;105,0;1754,0;158,0;0,6645569620253164;11,10126582278481
HAC;UNIDADE INTERNAÇÃO - CLINICA CIRURGICA;2024,0;11,0;63,0;1456,0;150,0;0,42;9,706666666666667
HAC;UNIDADE INTERNAÇÃO - CLINICA CIRURGICA;2024,0;12,0;69,0;1367,0;141,0;0,48936170212765956;9,695035460992909
HAC;UNIDADE INTERNAÇÃO - CLINICA CIRURGICA;2025,0;1,0;91,0;1944,0;131,0;0,6946564885496184;14,83969465648855
HAC;UNIDADE INTERNAÇÃO - CLINICA CIRURGICA;2025,0;2,0;85,0;1646,0;109,0;0,7798165137614679;15,100917431192661
HAC;UNIDADE INTERNAÇÃO - CLINICA CIRURGICA;2025,0;3,0;99,0;2476,0;119,0;0,8319327731092437;20,80672268907563
HAC;UNIDADE INTERNAÇÃO - CLINICA CIRURGICA;2025,0;4,0;102,0;2541,0;139,0;0,7338129496402878;18,280575539568346
HAC;UNIDADE INTERNAÇÃO - CLINICA CIRURGICA;2025,0;5,0;89,0;2385,0;122,0;0,7295081967213115;19,549180327868854
HAC;UNIDADE INTERNAÇÃO - CLINICA CIRURGICA;2025,0;6,0;113,0;2778,0;122,0;0,9262295081967213;22,770491803278688
HAC;UNIDADE INTERNAÇÃO - CLINICA CIRURGICA;2025,0;7,0;108,0;2978,0;101,0;1,0693069306930694;29,485148514851485
HAC;UNIDADE INTERNAÇÃO - CLINICA CIRURGICA;2025,0;8,0;115,0;2571,0;121,0;0,9504132231404959;21,24793388429752
HAC;UNIDADE INTERNAÇÃO - CLINICA CIRURGICA;2025,0;9,0;132,0;3214,0;106,0;1,2452830188679245;30,32075471698113
HAC;UNIDADE INTERNAÇÃO - CLINICA CIRURGICA;2025,0;10,0;61,0;1452,0;54,0;1,1296296296296295;26,88888888888889
HAC;UNIDADE INTERNAÇÃO - CLINICA MÉDICA;2019,0;1,0;310,0;5669,0;114,0;2,719298245614035;49,728070175438596
HAC;UNIDADE INTERNAÇÃO - CLINICA MÉDICA;2019,0;2,0;318,0;6251,0;112,0;2,8392857142857144;55,8125
HAC;UNIDADE INTERNAÇÃO - CLINICA MÉDICA;2019,0;3,0;317,0;4830,0;112,0;2,830357142857143;43,125
HAC;UNIDADE INTERNAÇÃO - CLINICA MÉDICA;2019,0;4,0;260,0;5860,0;104,0;2,5;56,34615384615385
HAC;UNIDADE INTERNAÇÃO - CLINICA MÉDICA;2019,0;5,0;316,0;6071,0;114,0;2,7719298245614037;53,25438596491228
HAC;UNIDADE INTERNAÇÃO - CLINICA MÉDICA;2019,0;6,0;271,0;5714,0;111,0;2,4414414414414414;51,47747747747748
HAC;UNIDADE INTERNAÇÃO - CLINICA MÉDICA;2019,0;7,0;336,0;5562,0;106,0;3,169811320754717;52,471698113207545
HAC;UNIDADE INTERNAÇÃO - CLINICA MÉDICA;2019,0;8,0;306,0;5205,0;108,0;2,8333333333333335;48,19444444444444
HAC;UNIDADE INTERNAÇÃO - CLINICA MÉDICA;2019,0;9,0;322,0;4859,0;111,0;2,900900900900901;43,77477477477478
HAC;UNIDADE INTERNAÇÃO - CLINICA MÉDICA;2019,0;10,0;334,0;5992,0;120,0;2,783333333333333;49,93333333333333
HAC;UNIDADE INTERNAÇÃO - CLINICA MÉDICA;2019,0;11,0;241,0;5032,0;115,0;2,0956521739130434;43,756521739130434
HAC;UNIDADE INTERNAÇÃO - CLINICA MÉDICA;2019,0;12,0;293,0;4751,0;133,0;2,2030075187969924;35,721804511278194
HAC;UNIDADE INTERNAÇÃO - CLINICA MÉDICA;2020,0;1,0;251,0;4138,0;124,0;2,024193548387097;33,37096774193548
HAC;UNIDADE INTERNAÇÃO - CLINICA MÉDICA;2020,0;2,0;283,0;5038,0;95,0;2,9789473684210526;53,03157894736842
HAC;UNIDADE INTERNAÇÃO - CLINICA MÉDICA;2020,0;3,0;313,0;5300,0;128,0;2,4453125;41,40625
HAC;UNIDADE INTERNAÇÃO - CLINICA MÉDICA;2020,0;4,0;272,0;5829,0;103,0;2,6407766990291264;56,592233009708735
HAC;UNIDADE INTERNAÇÃO - CLINICA MÉDICA;2020,0;5,0;310,0;5847,0;113,0;2,743362831858407;51,743362831858406
HAC;UNIDADE INTERNAÇÃO - CLINICA MÉDICA;2020,0;6,0;260,0;5309,0;124,0;2,096774193548387;42,814516129032256
HAC;UNIDADE INTERNAÇÃO - CLINICA MÉDICA;2020,0;7,0;287,0;6576,0;124,0;2,314516129032258;53,03225806451613
HAC;UNIDADE INTERNAÇÃO - CLINICA MÉDICA;2020,0;8,0;342,0;6668,0;117,0;2,923076923076923;56,99145299145299
HAC;UNIDADE INTERNAÇÃO - CLINICA MÉDICA;2020,0;9,0;324,0;6729,0;107,0;3,02803738317757;62,88785046728972
HAC;UNIDADE INTERNAÇÃO - CLINICA MÉDICA;2020,0;10,0;309,0;6940,0;116,0;2,663793103448276;59,827586206896555
HAC;UNIDADE INTERNAÇÃO - CLINICA MÉDICA;2020,0;11,0;360,0;6607,0;107,0;3,364485981308411;61,74766355140187
HAC;UNIDADE INTERNAÇÃO - CLINICA MÉDICA;2020,0;12,0;270,0;6079,0;117,0;2,3076923076923075;51,957264957264954
HAC;UNIDADE INTERNAÇÃO - CLINICA MÉDICA;2021,0;1,0;251,0;5739,0;97,0;2,5876288659793816;59,16494845360825
HAC;UNIDADE INTERNAÇÃO - CLINICA MÉDICA;2021,0;2,0;303,0;5417,0;90,0;3,3666666666666667;60,18888888888889
HAC;UNIDADE INTERNAÇÃO - CLINICA MÉDICA;2021,0;3,0;307,0;6331,0;104,0;2,951923076923077;60,875
HAC;UNIDADE INTERNAÇÃO - CLINICA MÉDICA;2021,0;4,0;307,0;6355,0;91,0;3,3736263736263736;69,83516483516483
HAC;UNIDADE INTERNAÇÃO - CLINICA MÉDICA;2021,0;5,0;353,0;6566,0;88,0;4,011363636363637;74,61363636363636
HAC;UNIDADE INTERNAÇÃO - CLINICA MÉDICA;2021,0;6,0;289,0;6055,0;91,0;3,1758241758241756;66,53846153846153
HAC;UNIDADE INTERNAÇÃO - CLINICA MÉDICA;2021,0;7,0;346,0;6921,0;88,0;3,9318181818181817;78,64772727272727
HAC;UNIDADE INTERNAÇÃO - CLINICA MÉDICA;2021,0;8,0;295,0;6419,0;106,0;2,7830188679245285;60,556603773584904
HAC;UNIDADE INTERNAÇÃO - CLINICA MÉDICA;2021,0;9,0;237,0;6074,0;123,0;1,9268292682926829;49,38211382113821
HAC;UNIDADE INTERNAÇÃO - CLINICA MÉDICA;2021,0;10,0;298,0;5455,0;150,0;1,9866666666666666;36,36666666666667
HAC;UNIDADE INTERNAÇÃO - CLINICA MÉDICA;2021,0;11,0;262,0;5427,0;104,0;2,519230769230769;52,18269230769231
HAC;UNIDADE INTERNAÇÃO - CLINICA MÉDICA;2021,0;12,0;243,0;5957,0;119,0;2,042016806722689;50,05882352941177
HAC;UNIDADE INTERNAÇÃO - CLINICA MÉDICA;2022,0;1,0;231,0;5325,0;134,0;1,7238805970149254;39,73880597014925
HAC;UNIDADE INTERNAÇÃO - CLINICA MÉDICA;2022,0;2,0;223,0;5220,0;100,0;2,23;52,2
HAC;UNIDADE INTERNAÇÃO - CLINICA MÉDICA;2022,0;3,0;263,0;4752,0;103,0;2,5533980582524274;46,13592233009709
HAC;UNIDADE INTERNAÇÃO - CLINICA MÉDICA;2022,0;4,0;247,0;5688,0;106,0;2,330188679245283;53,660377358490564
HAC;UNIDADE INTERNAÇÃO - CLINICA MÉDICA;2022,0;5,0;308,0;6705,0;120,0;2,566666666666667;55,875
HAC;UNIDADE INTERNAÇÃO - CLINICA MÉDICA;2022,0;6,0;258,0;5006,0;132,0;1,9545454545454546;37,92424242424242
HAC;UNIDADE INTERNAÇÃO - CLINICA MÉDICA;2022,0;7,0;295,0;5096,0;134,0;2,201492537313433;38,02985074626866
HAC;UNIDADE INTERNAÇÃO - CLINICA MÉDICA;2022,0;8,0;301,0;5197,0;108,0;2,787037037037037;48,120370370370374
HAC;UNIDADE INTERNAÇÃO - CLINICA MÉDICA;2022,0;9,0;245,0;4251,0;83,0;2,9518072289156625;51,21686746987952
HAC;UNIDADE INTERNAÇÃO - CLINICA MÉDICA;2022,0;10,0;285,0;4902,0;113,0;2,52212389380531;43,38053097345133
HAC;UNIDADE INTERNAÇÃO - CLINICA MÉDICA;2022,0;11,0;224,0;4767,0;90,0;2,488888888888889;52,96666666666667
HAC;UNIDADE INTERNAÇÃO - CLINICA MÉDICA;2022,0;12,0;283,0;5124,0;127,0;2,2283464566929134;40,346456692913385
HAC;UNIDADE INTERNAÇÃO - CLINICA MÉDICA;2023,0;1,0;243,0;5476,0;102,0;2,3823529411764706;53,68627450980392
HAC;UNIDADE INTERNAÇÃO - CLINICA MÉDICA;2023,0;2,0;247,0;4887,0;99,0;2,494949494949495;49,36363636363637
HAC;UNIDADE INTERNAÇÃO - CLINICA MÉDICA;2023,0;3,0;250,0;5299,0;115,0;2,1739130434782608;46,07826086956522
HAC;UNIDADE INTERNAÇÃO - CLINICA MÉDICA;2023,0;4,0;288,0;6111,0;117,0;2,4615384615384617;52,23076923076923
HAC;UNIDADE INTERNAÇÃO - CLINICA MÉDICA;2023,0;5,0;259,0;5254,0;107,0;2,4205607476635516;49,10280373831776
HAC;UNIDADE INTERNAÇÃO - CLINICA MÉDICA;2023,0;6,0;312,0;6033,0;113,0;2,7610619469026547;53,389380530973455
HAC;UNIDADE INTERNAÇÃO - CLINICA MÉDICA;2023,0;7,0;318,0;5820,0;100,0;3,18;58,2
HAC;UNIDADE INTERNAÇÃO - CLINICA MÉDICA;2023,0;8,0;244,0;6232,0;99,0;2,4646464646464645;62,94949494949495
HAC;UNIDADE INTERNAÇÃO - CLINICA MÉDICA;2023,0;9,0;247,0;6690,0;133,0;1,8571428571428572;50,30075187969925
HAC;UNIDADE INTERNAÇÃO - CLINICA MÉDICA;2023,0;10,0;239,0;6404,0;119,0;2,008403361344538;53,81512605042017
HAC;UNIDADE INTERNAÇÃO - CLINICA MÉDICA;2023,0;11,0;244,0;6516,0;103,0;2,3689320388349513;63,262135922330096
HAC;UNIDADE INTERNAÇÃO - CLINICA MÉDICA;2023,0;12,0;248,0;5831,0;112,0;2,2142857142857144;52,0625
HAC;UNIDADE INTERNAÇÃO - CLINICA MÉDICA;2024,0;1,0;318,0;6984,0;132,0;2,409090909090909;52,90909090909091
HAC;UNIDADE INTERNAÇÃO - CLINICA MÉDICA;2024,0;2,0;229,0;4969,0;149,0;1,5369127516778522;33,348993288590606
HAC;UNIDADE INTERNAÇÃO - CLINICA MÉDICA;2024,0;3,0;327,0;7564,0;147,0;2,2244897959183674;51,45578231292517
HAC;UNIDADE INTERNAÇÃO - CLINICA MÉDICA;2024,0;4,0;360,0;7078,0;170,0;2,1176470588235294;41,63529411764706
HAC;UNIDADE INTERNAÇÃO - CLINICA MÉDICA;2024,0;5,0;330,0;8046,0;165,0;2,0;48,763636363636365
HAC;UNIDADE INTERNAÇÃO - CLINICA MÉDICA;2024,0;6,0;351,0;7520,0;135,0;2,6;55,7037037037037
HAC;UNIDADE INTERNAÇÃO - CLINICA MÉDICA;2024,0;7,0;302,0;8555,0;158,0;1,9113924050632911;54,14556962025316
HAC;UNIDADE INTERNAÇÃO - CLINICA MÉDICA;2024,0;8,0;309,0;7286,0;174,0;1,7758620689655173;41,87356321839081
HAC;UNIDADE INTERNAÇÃO - CLINICA MÉDICA;2024,0;9,0;339,0;8052,0;137,0;2,4744525547445257;58,77372262773723
HAC;UNIDADE INTERNAÇÃO - CLINICA MÉDICA;2024,0;10,0;285,0;8377,0;159,0;1,7924528301886793;52,685534591194966
HAC;UNIDADE INTERNAÇÃO - CLINICA MÉDICA;2024,0;11,0;261,0;7254,0;164,0;1,5914634146341464;44,23170731707317
HAC;UNIDADE INTERNAÇÃO - CLINICA MÉDICA;2024,0;12,0;317,0;8135,0;144,0;2,201388888888889;56,49305555555556
HAC;UNIDADE INTERNAÇÃO - CLINICA MÉDICA;2025,0;1,0;363,0;7925,0;177,0;2,0508474576271185;44,77401129943503
HAC;UNIDADE INTERNAÇÃO - CLINICA MÉDICA;2025,0;2,0;295,0;7666,0;156,0;1,891025641025641;49,14102564102564
HAC;UNIDADE INTERNAÇÃO - CLINICA MÉDICA;2025,0;3,0;328,0;8081,0;198,0;1,6565656565656566;40,813131313131315
HAC;UNIDADE INTERNAÇÃO - CLINICA MÉDICA;2025,0;4,0;338,0;9154,0;180,0;1,8777777777777778;50,855555555555554
HAC;UNIDADE INTERNAÇÃO - CLINICA MÉDICA;2025,0;5,0;358,0;9744,0;190,0;1,8842105263157896;51,28421052631579
HAC;UNIDADE INTERNAÇÃO - CLINICA MÉDICA;2025,0;6,0;299,0;7027,0;176,0;1,6988636363636365;39,92613636363637
HAC;UNIDADE INTERNAÇÃO - CLINICA MÉDICA;2025,0;7,0;377,0;8289,0;214,0;1,7616822429906542;38,73364485981308
HAC;UNIDADE INTERNAÇÃO - CLINICA MÉDICA;2025,0;8,0;370,0;9034,0;173,0;2,138728323699422;52,21965317919075
HAC;UNIDADE INTERNAÇÃO - CLINICA MÉDICA;2025,0;9,0;417,0;10907,0;195,0;2,1384615384615384;55,93333333333333
HAC;UNIDADE INTERNAÇÃO - CLINICA MÉDICA;2025,0;10,0;131,0;4176,0;81,0;1,617283950617284;51,55555555555556
HAC;UNIDADE URGENCIA/EMERGENCIA;2019,0;1,0;296,0;4731,0;34,0;8,705882352941176;139,14705882352942
HAC;UNIDADE URGENCIA/EMERGENCIA;2019,0;2,0;355,0;4629,0;49,0;7,244897959183674;94,46938775510205
HAC;UNIDADE URGENCIA/EMERGENCIA;2019,0;3,0;423,0;5370,0;50,0;8,46;107,4
HAC;UNIDADE URGENCIA/EMERGENCIA;2019,0;4,0;511,0;5449,0;61,0;8,37704918032787;89,32786885245902
HAC;UNIDADE URGENCIA/EMERGENCIA;2019,0;5,0;387,0;5027,0;61,0;6,344262295081967;82,40983606557377
HAC;UNIDADE URGENCIA/EMERGENCIA;2019,0;6,0;423,0;4963,0;40,0;10,575;124,075
HAC;UNIDADE URGENCIA/EMERGENCIA;2019,0;7,0;447,0;4516,0;36,0;12,416666666666666;125,44444444444444
HAC;UNIDADE URGENCIA/EMERGENCIA;2019,0;8,0;464,0;5480,0;38,0;12,210526315789474;144,21052631578948
HAC;UNIDADE URGENCIA/EMERGENCIA;2019,0;9,0;256,0;2950,0;29,0;8,827586206896552;101,72413793103448
HAC;UNIDADE URGENCIA/EMERGENCIA;2019,0;10,0;213,0;3126,0;30,0;7,1;104,2
HAC;UNIDADE URGENCIA/EMERGENCIA;2019,0;11,0;205,0;2709,0;36,0;5,694444444444445;75,25
HAC;UNIDADE URGENCIA/EMERGENCIA;2019,0;12,0;221,0;3342,0;31,0;7,129032258064516;107,80645161290323
HAC;UNIDADE URGENCIA/EMERGENCIA;2020,0;1,0;232,0;2987,0;44,0;5,2727272727272725;67,88636363636364
HAC;UNIDADE URGENCIA/EMERGENCIA;2020,0;2,0;254,0;3501,0;27,0;9,407407407407407;129,66666666666666
HAC;UNIDADE URGENCIA/EMERGENCIA;2020,0;3,0;182,0;2501,0;23,0;7,913043478260869;108,73913043478261
HAC;UNIDADE URGENCIA/EMERGENCIA;2020,0;4,0;78,0;1435,0;8,0;9,75;179,375
HAC;UNIDADE URGENCIA/EMERGENCIA;2020,0;5,0;101,0;1755,0;14,0;7,214285714285714;125,35714285714286
HAC;UNIDADE URGENCIA/EMERGENCIA;2020,0;6,0;145,0;2224,0;15,0;9,666666666666666;148,26666666666668
HAC;UNIDADE URGENCIA/EMERGENCIA;2020,0;7,0;118,0;1823,0;21,0;5,619047619047619;86,80952380952381
HAC;UNIDADE URGENCIA/EMERGENCIA;2020,0;8,0;142,0;2231,0;41,0;3,4634146341463414;54,41463414634146
HAC;UNIDADE URGENCIA/EMERGENCIA;2020,0;9,0;163,0;2039,0;35,0;4,6571428571428575;58,25714285714286
HAC;UNIDADE URGENCIA/EMERGENCIA;2020,0;10,0;113,0;1869,0;32,0;3,53125;58,40625
HAC;UNIDADE URGENCIA/EMERGENCIA;2020,0;11,0;105,0;1290,0;39,0;2,6923076923076925;33,07692307692308
HAC;UNIDADE URGENCIA/EMERGENCIA;2020,0;12,0;116,0;1726,0;27,0;4,296296296296297;63,925925925925924
HAC;UNIDADE URGENCIA/EMERGENCIA;2021,0;1,0;123,0;1814,0;37,0;3,324324324324324;49,027027027027025
HAC;UNIDADE URGENCIA/EMERGENCIA;2021,0;2,0;122,0;1869,0;29,0;4,206896551724138;64,44827586206897
HAC;UNIDADE URGENCIA/EMERGENCIA;2021,0;3,0;157,0;2775,0;27,0;5,814814814814815;102,77777777777777
HAC;UNIDADE URGENCIA/EMERGENCIA;2021,0;4,0;222,0;4418,0;29,0;7,655172413793103;152,3448275862069
HAC;UNIDADE URGENCIA/EMERGENCIA;2021,0;5,0;126,0;2311,0;18,0;7,0;128,38888888888889
HAC;UTI;2019,0;1,0;173,0;2752,0;9,0;19,22222222222222;305,77777777777777
HAC;UTI;2019,0;2,0;179,0;2701,0;4,0;44,75;675,25
HAC;UTI;2019,0;3,0;249,0;3214,0;7,0;35,57142857142857;459,14285714285717
HAC;UTI;2019,0;4,0;227,0;3141,0;5,0;45,4;628,2
HAC;UTI;2019,0;5,0;226,0;3010,0;12,0;18,833333333333332;250,83333333333334
HAC;UTI;2019,0;6,0;193,0;2853,0;5,0;38,6;570,6
HAC;UTI;2019,0;7,0;209,0;2974,0;7,0;29,857142857142858;424,85714285714283
HAC;UTI;2019,0;8,0;247,0;3210,0;7,0;35,285714285714285;458,57142857142856
HAC;UTI;2019,0;9,0;218,0;3577,0;8,0;27,25;447,125
HAC;UTI;2019,0;10,0;158,0;3177,0;7,0;22,571428571428573;453,85714285714283
HAC;UTI;2019,0;11,0;213,0;3005,0;4,0;53,25;751,25
HAC;UTI;2019,0;12,0;224,0;3132,0;5,0;44,8;626,4
HAC;UTI;2020,0;1,0;234,0;3264,0;3,0;78,0;1088,0
HAC;UTI;2020,0;2,0;232,0;3073,0;8,0;29,0;384,125
HAC;UTI;2020,0;3,0;165,0;2856,0;10,0;16,5;285,6
HAC;UTI;2020,0;4,0;215,0;3721,0;11,0;19,545454545454547;338,27272727272725
HAC;UTI;2020,0;5,0;209,0;3490,0;9,0;23,22222222222222;387,77777777777777
HAC;UTI;2020,0;6,0;180,0;2989,0;7,0;25,714285714285715;427,0
HAC;UTI;2020,0;7,0;173,0;3345,0;10,0;17,3;334,5
HAC;UTI;2020,0;8,0;202,0;3077,0;3,0;67,33333333333333;1025,6666666666667
HAC;UTI;2020,0;9,0;192,0;3196,0;4,0;48,0;799,0
HAC;UTI;2020,0;10,0;135,0;2455,0;8,0;16,875;306,875
HAC;UTI;2020,0;11,0;125,0;2270,0;3,0;41,666666666666664;756,6666666666666
HAC;UTI;2020,0;12,0;131,0;2318,0;3,0;43,666666666666664;772,6666666666666
HAC;UTI;2021,0;1,0;135,0;2451,0;7,0;19,285714285714285;350,14285714285717
HAC;UTI;2021,0;2,0;99,0;2162,0;7,0;14,142857142857142;308,85714285714283
HAC;UTI;2021,0;3,0;163,0;3602,0;5,0;32,6;720,4
HAC;UTI;2021,0;4,0;219,0;3876,0;10,0;21,9;387,6
HAC;UTI;2021,0;5,0;42,0;679,0;3,0;14,0;226,33333333333334
HAC;UTI - ADULTO;2021,0;5,0;191,0;3301,0;1,0;191,0;3301,0
HAC;UTI - ADULTO;2021,0;6,0;213,0;3767,0;12,0;17,75;313,9166666666667
HAC;UTI - ADULTO;2021,0;7,0;256,0;3790,0;7,0;36,57142857142857;541,4285714285714
HAC;UTI - ADULTO;2021,0;8,0;175,0;3231,0;9,0;19,444444444444443;359,0
HAC;UTI - ADULTO;2021,0;9,0;135,0;2699,0;6,0;22,5;449,8333333333333
HAC;UTI - ADULTO;2021,0;10,0;118,0;2585,0;10,0;11,8;258,5
HAC;UTI - ADULTO;2021,0;11,0;170,0;3176,0;12,0;14,166666666666666;264,6666666666667
HAC;UTI - ADULTO;2021,0;12,0;156,0;3048,0;13,0;12,0;234,46153846153845
HAC;UTI - ADULTO;2022,0;1,0;170,0;3056,0;5,0;34,0;611,2
HAC;UTI - ADULTO;2022,0;2,0;162,0;2847,0;4,0;40,5;711,75
HAC;UTI - ADULTO;2022,0;3,0;186,0;3255,0;6,0;31,0;542,5
HAC;UTI - ADULTO;2022,0;4,0;233,0;3388,0;7,0;33,285714285714285;484,0
HAC;UTI - ADULTO;2022,0;5,0;217,0;2512,0;13,0;16,692307692307693;193,23076923076923
HAC;UTI - ADULTO;2022,0;6,0;158,0;2656,0;8,0;19,75;332,0
HAC;UTI - ADULTO;2022,0;7,0;124,0;2586,0;6,0;20,666666666666668;431,0
HAC;UTI - ADULTO;2022,0;8,0;131,0;3161,0;15,0;8,733333333333333;210,73333333333332
HAC;UTI - ADULTO;2022,0;9,0;163,0;3152,0;7,0;23,285714285714285;450,2857142857143
HAC;UTI - ADULTO;2022,0;10,0;202,0;3558,0;8,0;25,25;444,75
HAC;UTI - ADULTO;2022,0;11,0;172,0;2891,0;11,0;15,636363636363637;262,8181818181818
HAC;UTI - ADULTO;2022,0;12,0;191,0;3254,0;10,0;19,1;325,4
HAC;UTI - ADULTO;2023,0;1,0;222,0;3739,0;7,0;31,714285714285715;534,1428571428571
HAC;UTI - ADULTO;2023,0;2,0;173,0;3097,0;7,0;24,714285714285715;442,42857142857144
HAC;UTI - ADULTO;2023,0;3,0;189,0;3071,0;10,0;18,9;307,1
HAC;UTI - ADULTO;2023,0;4,0;247,0;3512,0;7,0;35,285714285714285;501,7142857142857
HAC;UTI - ADULTO;2023,0;5,0;195,0;4000,0;12,0;16,25;333,3333333333333
HAC;UTI - ADULTO;2023,0;6,0;223,0;3838,0;9,0;24,77777777777778;426,44444444444446
HAC;UTI - ADULTO;2023,0;7,0;167,0;3229,0;10,0;16,7;322,9
HAC;UTI - ADULTO;2023,0;8,0;222,0;3925,0;13,0;17,076923076923077;301,9230769230769
HAC;UTI - ADULTO;2023,0;9,0;160,0;3527,0;8,0;20,0;440,875
HAC;UTI - ADULTO;2023,0;10,0;225,0;4341,0;5,0;45,0;868,2
HAC;UTI - ADULTO;2023,0;11,0;198,0;3642,0;8,0;24,75;455,25
HAC;UTI - ADULTO;2023,0;12,0;206,0;3743,0;8,0;25,75;467,875
HAC;UTI - ADULTO;2024,0;1,0;221,0;3727,0;7,0;31,571428571428573;532,4285714285714
HAC;UTI - ADULTO;2024,0;2,0;133,0;3270,0;5,0;26,6;654,0
HAC;UTI - ADULTO;2024,0;3,0;186,0;3859,0;6,0;31,0;643,1666666666666
HAC;UTI - ADULTO;2024,0;4,0;137,0;3479,0;9,0;15,222222222222221;386,55555555555554
HAC;UTI - ADULTO;2024,0;5,0;225,0;3828,0;10,0;22,5;382,8
HAC;UTI - ADULTO;2024,0;6,0;262,0;4111,0;5,0;52,4;822,2
HAC;UTI - ADULTO;2024,0;7,0;181,0;4155,0;7,0;25,857142857142858;593,5714285714286
HAC;UTI - ADULTO;2024,0;8,0;206,0;4374,0;12,0;17,166666666666668;364,5
HAC;UTI - ADULTO;2024,0;9,0;181,0;4099,0;9,0;20,11111111111111;455,44444444444446
HAC;UTI - ADULTO;2024,0;10,0;180,0;4249,0;6,0;30,0;708,1666666666666
HAC;UTI - ADULTO;2024,0;11,0;216,0;4489,0;11,0;19,636363636363637;408,09090909090907
HAC;UTI - ADULTO;2024,0;12,0;159,0;4162,0;8,0;19,875;520,25
HAC;UTI - ADULTO;2025,0;1,0;219,0;4219,0;9,0;24,333333333333332;468,77777777777777
HAC;UTI - ADULTO;2025,0;2,0;152,0;3576,0;8,0;19,0;447,0
HAC;UTI - ADULTO;2025,0;3,0;230,0;4486,0;5,0;46,0;897,2
HAC;UTI - ADULTO;2025,0;4,0;164,0;3977,0;7,0;23,428571428571427;568,1428571428571
HAC;UTI - ADULTO;2025,0;5,0;232,0;4414,0;14,0;16,571428571428573;315,2857142857143
HAC;UTI - ADULTO;2025,0;6,0;197,0;4171,0;6,0;32,833333333333336;695,1666666666666
HAC;UTI - ADULTO;2025,0;7,0;290,0;4894,0;8,0;36,25;611,75
HAC;UTI - ADULTO;2025,0;8,0;264,0;4632,0;12,0;22,0;386,0
HAC;UTI - ADULTO;2025,0;9,0;258,0;4368,0;8,0;32,25;546,0
HAC;UTI - ADULTO;2025,0;10,0;107,0;1804,0;5,0;21,4;360,8
HCM;AMBULATORIO - ESPECIALIDADES;2019,0;8,0;0,0;2,0;1,0;0,0;2,0
HCM;AMBULATORIO - ESPECIALIDADES;2019,0;11,0;0,0;0,0;1,0;0,0;0,0
HCM;BLOCO CIRURGICO;2019,0;3,0;0,0;11,0;1,0;0,0;11,0
HCM;BLOCO CIRURGICO;2019,0;6,0;0,0;0,0;1,0;0,0;0,0
HCM;BLOCO CIRURGICO;2019,0;10,0;0,0;3,0;2,0;0,0;1,5
HCM;BLOCO CIRURGICO;2019,0;11,0;1,0;9,0;1,0;1,0;9,0
HCM;BLOCO CIRURGICO;2023,0;7,0;0,0;0,0;1,0;0,0;0,0
HCM;BLOCO CIRURGICO;2025,0;9,0;0,0;0,0;2,0;0,0;0,0
HCM;BLOCO CIRURGICO;2025,0;11,0;0,0;0,0;2,0;0,0;0,0
HCM;UCC - ALA C;2025,0;11,0;0,0;12,0;5,0;0,0;2,4
HCM;UCC - ALA C;2025,0;12,0;0,0;2,0;9,0;0,0;0,2222222222222222
HCM;UCC - ALA C;2026,0;1,0;0,0;0,0;12,0;0,0;0,0
HCM;UCC - ALA C;2026,0;2,0;0,0;0,0;22,0;0,0;0,0
HCM;UCC - ALA C;2026,0;3,0;0,0;0,0;40,0;0,0;0,0
HCM;UCC - ALA C;2026,0;4,0;0,0;0,0;52,0;0,0;0,0
HCM;UCC - ALA C;2026,0;5,0;0,0;2,0;43,0;0,0;0,046511627906976744
HCM;UCC - ALA C;2026,0;6,0;0,0;6,0;57,0;0,0;0,10526315789473684
HCM;UCC - ALA C;2026,0;7,0;0,0;4,0;72,0;0,0;0,05555555555555555
HCM;UCC - ALA C;2026,0;8,0;0,0;5,0;78,0;0,0;0,0641025641025641
HCM;UICP - ALA A;2025,0;11,0;1,0;77,0;3,0;0,3333333333333333;25,666666666666668
HCM;UICP - ALA A;2025,0;12,0;37,0;401,0;4,0;9,25;100,25
HCM;UICP - ALA A;2026,0;1,0;17,0;336,0;3,0;5,666666666666667;112,0
HCM;UICP - ALA A;2026,0;2,0;8,0;335,0;2,0;4,0;167,5
HCM;UICP - ALA A;2026,0;3,0;11,0;253,0;4,0;2,75;63,25
HCM;UICP - ALA A;2026,0;4,0;20,0;272,0;4,0;5,0;68,0
HCM;UICP - ALA A;2026,0;5,0;15,0;290,0;5,0;3,0;58,0
HCM;UICP - ALA A;2026,0;6,0;21,0;308,0;7,0;3,0;44,0
HCM;UICP - ALA A;2026,0;7,0;8,0;282,0;4,0;2,0;70,5
HCM;UICP - ALA A;2026,0;8,0;19,0;284,0;8,0;2,375;35,5
HCM;UICP - ALA B;2025,0;11,0;1,0;0,0;1,0;1,0;0,0
HCM;UICP - ALA B;2025,0;12,0;18,0;263,0;4,0;4,5;65,75
HCM;UICP - ALA B;2026,0;1,0;4,0;172,0;1,0;4,0;172,0
HCM;UICP - ALA B;2026,0;2,0;8,0;279,0;3,0;2,6666666666666665;93,0
HCM;UICP - ALA B;2026,0;3,0;7,0;273,0;4,0;1,75;68,25
HCM;UICP - ALA B;2026,0;4,0;8,0;213,0;3,0;2,6666666666666665;71,0
HCM;UICP - ALA B;2026,0;5,0;9,0;251,0;2,0;4,5;125,5
HCM;UICP - ALA B;2026,0;6,0;9,0;407,0;1,0;9,0;407,0
HCM;UICP - ALA B;2026,0;7,0;17,0;341,0;2,0;8,5;170,5
HCM;UICP - ALA B;2026,0;8,0;19,0;221,0;4,0;4,75;55,25
HCM;UICP - ALA C;2025,0;12,0;5,0;75,0;1,0;5,0;75,0
HCM;UICP - ALA C;2026,0;6,0;0,0;0,0;2,0;0,0;0,0
HCM;UNIDADE DE CUIDADOS CONTINUADOS INTEGRADOS;2021,0;6,0;53,0;336,0;2,0;26,5;168,0
HCM;UNIDADE DE CUIDADOS CONTINUADOS INTEGRADOS;2021,0;7,0;62,0;425,0;7,0;8,857142857142858;60,714285714285715
HCM;UNIDADE DE CUIDADOS CONTINUADOS INTEGRADOS;2021,0;8,0;45,0;346,0;7,0;6,428571428571429;49,42857142857143
HCM;UNIDADE DE CUIDADOS CONTINUADOS INTEGRADOS;2021,0;9,0;53,0;160,0;3,0;17,666666666666668;53,333333333333336
HCM;UNIDADE DE CUIDADOS CONTINUADOS INTEGRADOS;2021,0;10,0;42,0;230,0;4,0;10,5;57,5
HCM;UNIDADE DE CUIDADOS CONTINUADOS INTEGRADOS;2021,0;11,0;61,0;200,0;5,0;12,2;40,0
HCM;UNIDADE DE CUIDADOS CONTINUADOS INTEGRADOS;2021,0;12,0;58,0;341,0;7,0;8,285714285714286;48,714285714285715
HCM;UNIDADE DE CUIDADOS CONTINUADOS INTEGRADOS;2022,0;1,0;54,0;236,0;4,0;13,5;59,0
HCM;UNIDADE DE CUIDADOS CONTINUADOS INTEGRADOS;2022,0;2,0;40,0;114,0;4,0;10,0;28,5
HCM;UNIDADE DE CUIDADOS CONTINUADOS INTEGRADOS;2022,0;3,0;72,0;315,0;7,0;10,285714285714286;45,0
HCM;UNIDADE DE CUIDADOS CONTINUADOS INTEGRADOS;2022,0;4,0;51,0;407,0;4,0;12,75;101,75
HCM;UNIDADE DE CUIDADOS CONTINUADOS INTEGRADOS;2022,0;5,0;55,0;458,0;7,0;7,857142857142857;65,42857142857143
HCM;UNIDADE DE CUIDADOS CONTINUADOS INTEGRADOS;2022,0;6,0;21,0;277,0;3,0;7,0;92,33333333333333
HCM;UNIDADE DE CUIDADOS CONTINUADOS INTEGRADOS;2022,0;7,0;37,0;387,0;4,0;9,25;96,75
HCM;UNIDADE DE CUIDADOS CONTINUADOS INTEGRADOS;2022,0;8,0;38,0;118,0;3,0;12,666666666666666;39,333333333333336
HCM;UNIDADE DE CUIDADOS CONTINUADOS INTEGRADOS;2022,0;9,0;33,0;376,0;6,0;5,5;62,666666666666664
HCM;UNIDADE DE CUIDADOS CONTINUADOS INTEGRADOS;2022,0;10,0;41,0;515,0;5,0;8,2;103,0
HCM;UNIDADE DE CUIDADOS CONTINUADOS INTEGRADOS;2022,0;11,0;46,0;412,0;1,0;46,0;412,0
HCM;UNIDADE DE CUIDADOS CONTINUADOS INTEGRADOS;2022,0;12,0;68,0;427,0;5,0;13,6;85,4
HCM;UNIDADE DE CUIDADOS CONTINUADOS INTEGRADOS;2023,0;1,0;51,0;194,0;4,0;12,75;48,5
HCM;UNIDADE DE CUIDADOS CONTINUADOS INTEGRADOS;2023,0;2,0;41,0;232,0;1,0;41,0;232,0
HCM;UNIDADE DE CUIDADOS CONTINUADOS INTEGRADOS;2023,0;3,0;48,0;274,0;1,0;48,0;274,0
HCM;UNIDADE DE CUIDADOS CONTINUADOS INTEGRADOS;2023,0;4,0;43,0;264,0;2,0;21,5;132,0
HCM;UNIDADE DE CUIDADOS CONTINUADOS INTEGRADOS;2023,0;5,0;45,0;259,0;4,0;11,25;64,75
HCM;UNIDADE DE CUIDADOS CONTINUADOS INTEGRADOS;2023,0;6,0;66,0;329,0;5,0;13,2;65,8
HCM;UNIDADE DE CUIDADOS CONTINUADOS INTEGRADOS;2023,0;7,0;55,0;486,0;1,0;55,0;486,0
HCM;UNIDADE DE CUIDADOS CONTINUADOS INTEGRADOS;2023,0;8,0;59,0;303,0;5,0;11,8;60,6
HCM;UNIDADE DE CUIDADOS CONTINUADOS INTEGRADOS;2023,0;9,0;72,0;325,0;4,0;18,0;81,25
HCM;UNIDADE DE CUIDADOS CONTINUADOS INTEGRADOS;2023,0;10,0;49,0;295,0;4,0;12,25;73,75
HCM;UNIDADE DE CUIDADOS CONTINUADOS INTEGRADOS;2023,0;11,0;50,0;472,0;8,0;6,25;59,0
HCM;UNIDADE DE CUIDADOS CONTINUADOS INTEGRADOS;2023,0;12,0;22,0;147,0;4,0;5,5;36,75
HCM;UNIDADE DE CUIDADOS CONTINUADOS INTEGRADOS;2024,0;1,0;23,0;107,0;3,0;7,666666666666667;35,666666666666664
HCM;UNIDADE DE CUIDADOS CONTINUADOS INTEGRADOS;2024,0;2,0;42,0;329,0;7,0;6,0;47,0
HCM;UNIDADE DE CUIDADOS CONTINUADOS INTEGRADOS;2024,0;3,0;38,0;618,0;23,0;1,6521739130434783;26,869565217391305
HCM;UNIDADE DE CUIDADOS CONTINUADOS INTEGRADOS;2024,0;4,0;44,0;1155,0;57,0;0,7719298245614035;20,263157894736842
HCM;UNIDADE DE CUIDADOS CONTINUADOS INTEGRADOS;2024,0;5,0;50,0;523,0;30,0;1,6666666666666667;17,433333333333334
HCM;UNIDADE DE CUIDADOS CONTINUADOS INTEGRADOS;2024,0;6,0;36,0;401,0;13,0;2,769230769230769;30,846153846153847
HCM;UNIDADE DE CUIDADOS CONTINUADOS INTEGRADOS;2024,0;7,0;33,0;400,0;14,0;2,357142857142857;28,571428571428573
HCM;UNIDADE DE CUIDADOS CONTINUADOS INTEGRADOS;2024,0;8,0;46,0;336,0;3,0;15,333333333333334;112,0
HCM;UNIDADE DE CUIDADOS CONTINUADOS INTEGRADOS;2024,0;9,0;28,0;194,0;5,0;5,6;38,8
HCM;UNIDADE DE CUIDADOS CONTINUADOS INTEGRADOS;2024,0;10,0;42,0;315,0;2,0;21,0;157,5
HCM;UNIDADE DE CUIDADOS CONTINUADOS INTEGRADOS;2024,0;11,0;52,0;376,0;5,0;10,4;75,2
HCM;UNIDADE DE CUIDADOS CONTINUADOS INTEGRADOS;2024,0;12,0;38,0;343,0;10,0;3,8;34,3
HCM;UNIDADE DE CUIDADOS CONTINUADOS INTEGRADOS;2025,0;1,0;32,0;422,0;4,0;8,0;105,5
HCM;UNIDADE DE CUIDADOS CONTINUADOS INTEGRADOS;2025,0;2,0;33,0;380,0;10,0;3,3;38,0
HCM;UNIDADE DE CUIDADOS CONTINUADOS INTEGRADOS;2025,0;3,0;64,0;614,0;7,0;9,142857142857142;87,71428571428571
HCM;UNIDADE DE CUIDADOS CONTINUADOS INTEGRADOS;2025,0;4,0;32,0;472,0;10,0;3,2;47,2
HCM;UNIDADE DE CUIDADOS CONTINUADOS INTEGRADOS;2025,0;5,0;39,0;471,0;6,0;6,5;78,5
HCM;UNIDADE DE CUIDADOS CONTINUADOS INTEGRADOS;2025,0;6,0;51,0;885,0;7,0;7,285714285714286;126,42857142857143
HCM;UNIDADE DE CUIDADOS CONTINUADOS INTEGRADOS;2025,0;7,0;48,0;773,0;12,0;4,0;64,41666666666667
HCM;UNIDADE DE CUIDADOS CONTINUADOS INTEGRADOS;2025,0;8,0;78,0;719,0;9,0;8,666666666666666;79,88888888888889
HCM;UNIDADE DE CUIDADOS CONTINUADOS INTEGRADOS;2025,0;9,0;69,0;990,0;11,0;6,2727272727272725;90,0
HCM;UNIDADE DE CUIDADOS CONTINUADOS INTEGRADOS;2025,0;10,0;35,0;692,0;6,0;5,833333333333333;115,33333333333333
HCM;UNIDADE DE CUIDADOS CONTINUADOS INTEGRADOS;2025,0;11,0;22,0;452,0;5,0;4,4;90,4
HCM;UNIDADE INTERNAÇÃO - CLINICA CIRURGICA;2019,0;1,0;2,0;23,0;26,0;0,07692307692307693;0,8846153846153846
HCM;UNIDADE INTERNAÇÃO - CLINICA CIRURGICA;2019,0;2,0;0,0;26,0;38,0;0,0;0,6842105263157895
HCM;UNIDADE INTERNAÇÃO - CLINICA CIRURGICA;2019,0;3,0;0,0;19,0;25,0;0,0;0,76
HCM;UNIDADE INTERNAÇÃO - CLINICA CIRURGICA;2019,0;4,0;10,0;84,0;25,0;0,4;3,36
HCM;UNIDADE INTERNAÇÃO - CLINICA CIRURGICA;2019,0;5,0;1,0;44,0;23,0;0,043478260869565216;1,9130434782608696
HCM;UNIDADE INTERNAÇÃO - CLINICA CIRURGICA;2019,0;6,0;2,0;27,0;44,0;0,045454545454545456;0,6136363636363636
HCM;UNIDADE INTERNAÇÃO - CLINICA CIRURGICA;2019,0;7,0;1,0;28,0;39,0;0,02564102564102564;0,717948717948718
HCM;UNIDADE INTERNAÇÃO - CLINICA CIRURGICA;2019,0;8,0;6,0;57,0;51,0;0,11764705882352941;1,1176470588235294
HCM;UNIDADE INTERNAÇÃO - CLINICA CIRURGICA;2019,0;9,0;9,0;71,0;51,0;0,17647058823529413;1,392156862745098
HCM;UNIDADE INTERNAÇÃO - CLINICA CIRURGICA;2019,0;10,0;4,0;36,0;62,0;0,06451612903225806;0,5806451612903226
HCM;UNIDADE INTERNAÇÃO - CLINICA CIRURGICA;2019,0;11,0;4,0;5,0;64,0;0,0625;0,078125
HCM;UNIDADE INTERNAÇÃO - CLINICA CIRURGICA;2019,0;12,0;0,0;10,0;56,0;0,0;0,17857142857142858
HCM;UNIDADE INTERNAÇÃO - CLINICA CIRURGICA;2020,0;1,0;2,0;66,0;55,0;0,03636363636363636;1,2
HCM;UNIDADE INTERNAÇÃO - CLINICA CIRURGICA;2020,0;2,0;0,0;0,0;17,0;0,0;0,0
HCM;UNIDADE INTERNAÇÃO - CLINICA CIRURGICA;2020,0;3,0;0,0;0,0;1,0;0,0;0,0
HCM;UNIDADE INTERNAÇÃO - CLINICA CIRURGICA;2022,0;6,0;19,0;136,0;1,0;19,0;136,0
HCM;UNIDADE INTERNAÇÃO - CLINICA CIRURGICA;2025,0;9,0;0,0;0,0;6,0;0,0;0,0
HCM;UNIDADE INTERNAÇÃO - CLINICA CIRURGICA;2025,0;10,0;0,0;0,0;6,0;0,0;0,0
HCM;UNIDADE INTERNAÇÃO - CLINICA CIRURGICA;2025,0;11,0;0,0;0,0;8,0;0,0;0,0
HCM;UNIDADE INTERNAÇÃO - CUIDADOS PROLONGADOS;2019,0;1,0;41,0;359,0;8,0;5,125;44,875
HCM;UNIDADE INTERNAÇÃO - CUIDADOS PROLONGADOS;2019,0;2,0;30,0;261,0;3,0;10,0;87,0
HCM;UNIDADE INTERNAÇÃO - CUIDADOS PROLONGADOS;2019,0;3,0;28,0;241,0;1,0;28,0;241,0
HCM;UNIDADE INTERNAÇÃO - CUIDADOS PROLONGADOS;2019,0;4,0;38,0;366,0;5,0;7,6;73,2
HCM;UNIDADE INTERNAÇÃO - CUIDADOS PROLONGADOS;2019,0;5,0;32,0;273,0;5,0;6,4;54,6
HCM;UNIDADE INTERNAÇÃO - CUIDADOS PROLONGADOS;2019,0;6,0;14,0;280,0;4,0;3,5;70,0
HCM;UNIDADE INTERNAÇÃO - CUIDADOS PROLONGADOS;2019,0;7,0;30,0;292,0;9,0;3,3333333333333335;32,44444444444444
HCM;UNIDADE INTERNAÇÃO - CUIDADOS PROLONGADOS;2019,0;8,0;43,0;281,0;3,0;14,333333333333334;93,66666666666667
HCM;UNIDADE INTERNAÇÃO - CUIDADOS PROLONGADOS;2019,0;10,0;29,0;229,0;2,0;14,5;114,5
HCM;UNIDADE INTERNAÇÃO - CUIDADOS PROLONGADOS;2019,0;11,0;35,0;265,0;2,0;17,5;132,5
HCM;UNIDADE INTERNAÇÃO - CUIDADOS PROLONGADOS;2019,0;12,0;45,0;249,0;3,0;15,0;83,0
HCM;UNIDADE INTERNAÇÃO - CUIDADOS PROLONGADOS;2020,0;1,0;63,0;475,0;2,0;31,5;237,5
HCM;UNIDADE INTERNAÇÃO - CUIDADOS PROLONGADOS;2020,0;2,0;57,0;328,0;2,0;28,5;164,0
HCM;UNIDADE INTERNAÇÃO - CUIDADOS PROLONGADOS;2020,0;3,0;30,0;466,0;7,0;4,285714285714286;66,57142857142857
HCM;UNIDADE INTERNAÇÃO - CUIDADOS PROLONGADOS;2020,0;4,0;46,0;300,0;6,0;7,666666666666667;50,0
HCM;UNIDADE INTERNAÇÃO - CUIDADOS PROLONGADOS;2020,0;5,0;45,0;267,0;5,0;9,0;53,4
HCM;UNIDADE INTERNAÇÃO - CUIDADOS PROLONGADOS;2020,0;6,0;37,0;124,0;4,0;9,25;31,0
HCM;UNIDADE INTERNAÇÃO - CUIDADOS PROLONGADOS;2020,0;7,0;61,0;443,0;6,0;10,166666666666666;73,83333333333333
HCM;UNIDADE INTERNAÇÃO - CUIDADOS PROLONGADOS;2020,0;8,0;69,0;396,0;11,0;6,2727272727272725;36,0
HCM;UNIDADE INTERNAÇÃO - CUIDADOS PROLONGADOS;2020,0;9,0;62,0;305,0;4,0;15,5;76,25
HCM;UNIDADE INTERNAÇÃO - CUIDADOS PROLONGADOS;2020,0;10,0;55,0;263,0;5,0;11,0;52,6
HCM;UNIDADE INTERNAÇÃO - CUIDADOS PROLONGADOS;2020,0;11,0;66,0;226,0;11,0;6,0;20,545454545454547
HCM;UNIDADE INTERNAÇÃO - CUIDADOS PROLONGADOS;2020,0;12,0;74,0;309,0;4,0;18,5;77,25
HCM;UNIDADE INTERNAÇÃO - CUIDADOS PROLONGADOS;2021,0;1,0;37,0;115,0;3,0;12,333333333333334;38,333333333333336
HCM;UNIDADE INTERNAÇÃO - CUIDADOS PROLONGADOS;2021,0;2,0;50,0;238,0;5,0;10,0;47,6
HCM;UNIDADE INTERNAÇÃO - CUIDADOS PROLONGADOS;2021,0;3,0;83,0;369,0;7,0;11,857142857142858;52,714285714285715
HCM;UNIDADE INTERNAÇÃO - CUIDADOS PROLONGADOS;2021,0;4,0;78,0;597,0;12,0;6,5;49,75
HCM;UNIDADE INTERNAÇÃO - CUIDADOS PROLONGADOS;2021,0;5,0;54,0;398,0;10,0;5,4;39,8
HCM;UNIDADE INTERNAÇÃO - CUIDADOS PROLONGADOS;2021,0;6,0;14,0;68,0;1,0;14,0;68,0
HEM;ALA A;2025,0;6,0;62,0;2272,0;41,0;1,5121951219512195;55,41463414634146
HEM;ALA A;2025,0;7,0;133,0;4486,0;81,0;1,6419753086419753;55,382716049382715
HEM;ALA A;2025,0;8,0;116,0;4541,0;65,0;1,7846153846153847;69,86153846153846
HEM;ALA A;2025,0;9,0;148,0;4543,0;79,0;1,8734177215189873;57,50632911392405
HEM;ALA A;2025,0;10,0;147,0;4926,0;76,0;1,9342105263157894;64,8157894736842
HEM;ALA A;2025,0;11,0;129,0;4869,0;59,0;2,1864406779661016;82,52542372881356
HEM;ALA A;2025,0;12,0;124,0;4204,0;67,0;1,8507462686567164;62,74626865671642
HEM;ALA A;2026,0;1,0;151,0;4810,0;62,0;2,435483870967742;77,58064516129032
HEM;ALA A;2026,0;2,0;157,0;5521,0;64,0;2,453125;86,265625
HEM;ALA A;2026,0;3,0;133,0;4282,0;82,0;1,6219512195121952;52,21951219512195
HEM;ALA A;2026,0;4,0;222,0;5584,0;64,0;3,46875;87,25
HEM;ALA A;2026,0;5,0;185,0;4336,0;68,0;2,7205882352941178;63,76470588235294
HEM;ALA A;2026,0;6,0;138,0;4482,0;69,0;2,0;64,95652173913044
HEM;ALA A;2026,0;7,0;173,0;4135,0;73,0;2,3698630136986303;56,64383561643836
HEM;ALA A;2026,0;8,0;162,0;4779,0;61,0;2,6557377049180326;78,34426229508196
HEM;ALA C;2025,0;6,0;92,0;2676,0;49,0;1,8775510204081634;54,61224489795919
HEM;ALA C;2025,0;7,0;136,0;4579,0;77,0;1,7662337662337662;59,467532467532465
HEM;ALA C;2025,0;8,0;126,0;4748,0;72,0;1,75;65,94444444444444
HEM;ALA C;2025,0;9,0;166,0;5221,0;79,0;2,10126582278481;66,0886075949367
HEM;ALA C;2025,0;10,0;158,0;4369,0;81,0;1,9506172839506173;53,93827160493827
HEM;ALA C;2025,0;11,0;153,0;5106,0;70,0;2,1857142857142855;72,94285714285714
HEM;ALA C;2025,0;12,0;123,0;5028,0;70,0;1,7571428571428571;71,82857142857142
HEM;ALA C;2026,0;1,0;136,0;4632,0;63,0;2,1587301587301586;73,52380952380952
HEM;ALA C;2026,0;2,0;156,0;4764,0;52,0;3,0;91,61538461538461
HEM;ALA C;2026,0;3,0;149,0;5449,0;75,0;1,9866666666666666;72,65333333333334
HEM;ALA C;2026,0;4,0;177,0;5335,0;73,0;2,4246575342465753;73,08219178082192
HEM;ALA C;2026,0;5,0;156,0;4778,0;86,0;1,813953488372093;55,55813953488372
HEM;ALA C;2026,0;6,0;134,0;4134,0;81,0;1,654320987654321;51,03703703703704
HEM;ALA C;2026,0;7,0;156,0;4621,0;74,0;2,108108108108108;62,445945945945944
HEM;ALA C;2026,0;8,0;194,0;5264,0;67,0;2,8955223880597014;78,56716417910448
HEM;ALA D;2025,0;6,0;73,0;1719,0;14,0;5,214285714285714;122,78571428571429
HEM;ALA D;2025,0;7,0;90,0;3200,0;16,0;5,625;200,0
HEM;ALA D;2025,0;8,0;84,0;2603,0;14,0;6,0;185,92857142857142
HEM;ALA D;2025,0;9,0;118,0;2712,0;13,0;9,076923076923077;208,6153846153846
HEM;ALA D;2025,0;10,0;100,0;3251,0;22,0;4,545454545454546;147,77272727272728
HEM;ALA D;2025,0;11,0;123,0;3314,0;12,0;10,25;276,1666666666667
HEM;ALA D;2025,0;12,0;92,0;2800,0;23,0;4,0;121,73913043478261
HEM;ALA D;2026,0;1,0;102,0;3005,0;16,0;6,375;187,8125
HEM;ALA D;2026,0;2,0;93,0;3103,0;18,0;5,166666666666667;172,38888888888889
HEM;ALA D;2026,0;3,0;126,0;3174,0;17,0;7,411764705882353;186,7058823529412
HEM;ALA D;2026,0;4,0;101,0;2685,0;17,0;5,9411764705882355;157,94117647058823
HEM;ALA D;2026,0;5,0;132,0;2775,0;23,0;5,739130434782608;120,65217391304348
HEM;ALA D;2026,0;6,0;116,0;2976,0;17,0;6,823529411764706;175,05882352941177
HEM;ALA D;2026,0;7,0;116,0;2769,0;18,0;6,444444444444445;153,83333333333334
HEM;ALA D;2026,0;8,0;119,0;2418,0;17,0;7,0;142,23529411764707
HEM;AMBULATORIO - DERMATOLOGIA E INFECTOLOGIA;2019,0;6,0;20,0;747,0;1,0;20,0;747,0
HEM;AMBULATORIO DE INFECTOLOGIA;2022,0;10,0;14,0;280,0;1,0;14,0;280,0
HEM;AMBULATORIO DE INFECTOLOGIA;2023,0;1,0;21,0;460,0;1,0;21,0;460,0
HEM;AMBULATORIO DE INFECTOLOGIA;2025,0;1,0;11,0;367,0;2,0;5,5;183,5
HEM;CTI - ADULTO;2025,0;6,0;167,0;3308,0;12,0;13,916666666666666;275,6666666666667
HEM;CTI - ADULTO;2025,0;7,0;280,0;5894,0;10,0;28,0;589,4
HEM;CTI - ADULTO;2025,0;8,0;286,0;6961,0;14,0;20,428571428571427;497,2142857142857
HEM;CTI - ADULTO;2025,0;9,0;242,0;4849,0;13,0;18,615384615384617;373,0
HEM;CTI - ADULTO;2025,0;10,0;172,0;4161,0;15,0;11,466666666666667;277,4
HEM;CTI - ADULTO;2025,0;11,0;162,0;4501,0;12,0;13,5;375,0833333333333
HEM;CTI - ADULTO;2025,0;12,0;179,0;3971,0;10,0;17,9;397,1
HEM;CTI - ADULTO;2026,0;1,0;188,0;4505,0;10,0;18,8;450,5
HEM;CTI - ADULTO;2026,0;2,0;151,0;3220,0;7,0;21,571428571428573;460,0
HEM;CTI - ADULTO;2026,0;3,0;240,0;5095,0;12,0;20,0;424,5833333333333
HEM;CTI - ADULTO;2026,0;4,0;184,0;3740,0;9,0;20,444444444444443;415,55555555555554
HEM;CTI - ADULTO;2026,0;5,0;191,0;4419,0;13,0;14,692307692307692;339,9230769230769
HEM;CTI - ADULTO;2026,0;6,0;237,0;4684,0;7,0;33,857142857142854;669,1428571428571
HEM;CTI - ADULTO;2026,0;7,0;217,0;4332,0;14,0;15,5;309,42857142857144
HEM;CTI - ADULTO;2026,0;8,0;224,0;4895,0;9,0;24,88888888888889;543,8888888888889
HEM;HOSPITAL DIA;2022,0;7,0;0,0;0,0;1,0;0,0;0,0
HEM;HOSPITAL DIA;2024,0;3,0;2,0;32,0;1,0;2,0;32,0
HEM;UNIDADE INTERNAÇÃO - DOENÇAS INFECTO-CONTAGIOSAS E PARASITÁRIAS DOENÇAS INFECTO CONTAGIOSAS;2019,0;1,0;311,0;7981,0;86,0;3,616279069767442;92,80232558139535
HEM;UNIDADE INTERNAÇÃO - DOENÇAS INFECTO-CONTAGIOSAS E PARASITÁRIAS DOENÇAS INFECTO CONTAGIOSAS;2019,0;2,0;249,0;7812,0;107,0;2,3271028037383177;73,00934579439253
HEM;UNIDADE INTERNAÇÃO - DOENÇAS INFECTO-CONTAGIOSAS E PARASITÁRIAS DOENÇAS INFECTO CONTAGIOSAS;2019,0;3,0;324,0;9740,0;122,0;2,6557377049180326;79,8360655737705
HEM;UNIDADE INTERNAÇÃO - DOENÇAS INFECTO-CONTAGIOSAS E PARASITÁRIAS DOENÇAS INFECTO CONTAGIOSAS;2019,0;4,0;390,0;10326,0;177,0;2,2033898305084745;58,33898305084746
HEM;UNIDADE INTERNAÇÃO - DOENÇAS INFECTO-CONTAGIOSAS E PARASITÁRIAS DOENÇAS INFECTO CONTAGIOSAS;2019,0;5,0;423,0;10820,0;190,0;2,2263157894736842;56,94736842105263
HEM;UNIDADE INTERNAÇÃO - DOENÇAS INFECTO-CONTAGIOSAS E PARASITÁRIAS DOENÇAS INFECTO CONTAGIOSAS;2019,0;6,0;296,0;9845,0;162,0;1,8271604938271604;60,77160493827161
HEM;UNIDADE INTERNAÇÃO - DOENÇAS INFECTO-CONTAGIOSAS E PARASITÁRIAS DOENÇAS INFECTO CONTAGIOSAS;2019,0;7,0;347,0;9575,0;115,0;3,017391304347826;83,26086956521739
HEM;UNIDADE INTERNAÇÃO - DOENÇAS INFECTO-CONTAGIOSAS E PARASITÁRIAS DOENÇAS INFECTO CONTAGIOSAS;2019,0;8,0;330,0;11364,0;111,0;2,972972972972973;102,37837837837837
HEM;UNIDADE INTERNAÇÃO - DOENÇAS INFECTO-CONTAGIOSAS E PARASITÁRIAS DOENÇAS INFECTO CONTAGIOSAS;2019,0;9,0;289,0;10330,0;102,0;2,8333333333333335;101,27450980392157
HEM;UNIDADE INTERNAÇÃO - DOENÇAS INFECTO-CONTAGIOSAS E PARASITÁRIAS DOENÇAS INFECTO CONTAGIOSAS;2019,0;10,0;283,0;9416,0;106,0;2,669811320754717;88,83018867924528
HEM;UNIDADE INTERNAÇÃO - DOENÇAS INFECTO-CONTAGIOSAS E PARASITÁRIAS DOENÇAS INFECTO CONTAGIOSAS;2019,0;11,0;320,0;10056,0;104,0;3,076923076923077;96,6923076923077
HEM;UNIDADE INTERNAÇÃO - DOENÇAS INFECTO-CONTAGIOSAS E PARASITÁRIAS DOENÇAS INFECTO CONTAGIOSAS;2019,0;12,0;272,0;9256,0;114,0;2,3859649122807016;81,19298245614036
HEM;UNIDADE INTERNAÇÃO - DOENÇAS INFECTO-CONTAGIOSAS E PARASITÁRIAS DOENÇAS INFECTO CONTAGIOSAS;2020,0;1,0;274,0;9633,0;94,0;2,9148936170212765;102,47872340425532
HEM;UNIDADE INTERNAÇÃO - DOENÇAS INFECTO-CONTAGIOSAS E PARASITÁRIAS DOENÇAS INFECTO CONTAGIOSAS;2020,0;2,0;239,0;8762,0;95,0;2,5157894736842104;92,23157894736842
HEM;UNIDADE INTERNAÇÃO - DOENÇAS INFECTO-CONTAGIOSAS E PARASITÁRIAS DOENÇAS INFECTO CONTAGIOSAS;2020,0;3,0;284,0;6253,0;116,0;2,4482758620689653;53,9051724137931
HEM;UNIDADE INTERNAÇÃO - DOENÇAS INFECTO-CONTAGIOSAS E PARASITÁRIAS DOENÇAS INFECTO CONTAGIOSAS;2020,0;4,0;370,0;6738,0;142,0;2,6056338028169015;47,45070422535211
HEM;UNIDADE INTERNAÇÃO - DOENÇAS INFECTO-CONTAGIOSAS E PARASITÁRIAS DOENÇAS INFECTO CONTAGIOSAS;2020,0;5,0;428,0;8306,0;159,0;2,691823899371069;52,23899371069182
HEM;UNIDADE INTERNAÇÃO - DOENÇAS INFECTO-CONTAGIOSAS E PARASITÁRIAS DOENÇAS INFECTO CONTAGIOSAS;2020,0;6,0;362,0;8184,0;141,0;2,5673758865248226;58,04255319148936
HEM;UNIDADE INTERNAÇÃO - DOENÇAS INFECTO-CONTAGIOSAS E PARASITÁRIAS DOENÇAS INFECTO CONTAGIOSAS;2020,0;7,0;435,0;7832,0;202,0;2,1534653465346536;38,772277227722775
HEM;UNIDADE INTERNAÇÃO - DOENÇAS INFECTO-CONTAGIOSAS E PARASITÁRIAS DOENÇAS INFECTO CONTAGIOSAS;2020,0;8,0;235,0;6483,0;136,0;1,7279411764705883;47,669117647058826
HEM;UNIDADE INTERNAÇÃO - DOENÇAS INFECTO-CONTAGIOSAS E PARASITÁRIAS DOENÇAS INFECTO CONTAGIOSAS;2020,0;9,0;262,0;6813,0;107,0;2,4485981308411215;63,67289719626168
HEM;UNIDADE INTERNAÇÃO - DOENÇAS INFECTO-CONTAGIOSAS E PARASITÁRIAS DOENÇAS INFECTO CONTAGIOSAS;2020,0;10,0;330,0;6900,0;129,0;2,558139534883721;53,48837209302326
HEM;UNIDADE INTERNAÇÃO - DOENÇAS INFECTO-CONTAGIOSAS E PARASITÁRIAS DOENÇAS INFECTO CONTAGIOSAS;2020,0;11,0;319,0;6464,0;130,0;2,453846153846154;49,723076923076924
HEM;UNIDADE INTERNAÇÃO - DOENÇAS INFECTO-CONTAGIOSAS E PARASITÁRIAS DOENÇAS INFECTO CONTAGIOSAS;2020,0;12,0;312,0;6296,0;172,0;1,813953488372093;36,604651162790695
HEM;UNIDADE INTERNAÇÃO - DOENÇAS INFECTO-CONTAGIOSAS E PARASITÁRIAS DOENÇAS INFECTO CONTAGIOSAS;2021,0;1,0;324,0;7385,0;163,0;1,9877300613496933;45,306748466257666
HEM;UNIDADE INTERNAÇÃO - DOENÇAS INFECTO-CONTAGIOSAS E PARASITÁRIAS DOENÇAS INFECTO CONTAGIOSAS;2021,0;2,0;317,0;7163,0;127,0;2,4960629921259843;56,40157480314961
HEM;UNIDADE INTERNAÇÃO - DOENÇAS INFECTO-CONTAGIOSAS E PARASITÁRIAS DOENÇAS INFECTO CONTAGIOSAS;2021,0;3,0;705,0;13027,0;240,0;2,9375;54,27916666666667
HEM;UNIDADE INTERNAÇÃO - DOENÇAS INFECTO-CONTAGIOSAS E PARASITÁRIAS DOENÇAS INFECTO CONTAGIOSAS;2021,0;4,0;523,0;10234,0;203,0;2,5763546798029555;50,41379310344828
HEM;UNIDADE INTERNAÇÃO - DOENÇAS INFECTO-CONTAGIOSAS E PARASITÁRIAS DOENÇAS INFECTO CONTAGIOSAS;2021,0;5,0;534,0;9519,0;206,0;2,592233009708738;46,20873786407767
HEM;UNIDADE INTERNAÇÃO - DOENÇAS INFECTO-CONTAGIOSAS E PARASITÁRIAS DOENÇAS INFECTO CONTAGIOSAS;2021,0;6,0;421,0;7031,0;163,0;2,5828220858895707;43,13496932515337
HEM;UNIDADE INTERNAÇÃO - DOENÇAS INFECTO-CONTAGIOSAS E PARASITÁRIAS DOENÇAS INFECTO CONTAGIOSAS;2021,0;7,0;417,0;8020,0;163,0;2,558282208588957;49,20245398773006
HEM;UNIDADE INTERNAÇÃO - DOENÇAS INFECTO-CONTAGIOSAS E PARASITÁRIAS DOENÇAS INFECTO CONTAGIOSAS;2021,0;8,0;362,0;9605,0;149,0;2,4295302013422817;64,46308724832215
HEM;UNIDADE INTERNAÇÃO - DOENÇAS INFECTO-CONTAGIOSAS E PARASITÁRIAS DOENÇAS INFECTO CONTAGIOSAS;2021,0;9,0;283,0;7581,0;125,0;2,264;60,648
HEM;UNIDADE INTERNAÇÃO - DOENÇAS INFECTO-CONTAGIOSAS E PARASITÁRIAS DOENÇAS INFECTO CONTAGIOSAS;2021,0;10,0;438,0;9753,0;132,0;3,3181818181818183;73,88636363636364
HEM;UNIDADE INTERNAÇÃO - DOENÇAS INFECTO-CONTAGIOSAS E PARASITÁRIAS DOENÇAS INFECTO CONTAGIOSAS;2021,0;11,0;437,0;8479,0;151,0;2,8940397350993377;56,152317880794705
HEM;UNIDADE INTERNAÇÃO - DOENÇAS INFECTO-CONTAGIOSAS E PARASITÁRIAS DOENÇAS INFECTO CONTAGIOSAS;2021,0;12,0;445,0;8232,0;144,0;3,0902777777777777;57,166666666666664
HEM;UNIDADE INTERNAÇÃO - DOENÇAS INFECTO-CONTAGIOSAS E PARASITÁRIAS DOENÇAS INFECTO CONTAGIOSAS;2022,0;1,0;652,0;11413,0;180,0;3,6222222222222222;63,40555555555556
HEM;UNIDADE INTERNAÇÃO - DOENÇAS INFECTO-CONTAGIOSAS E PARASITÁRIAS DOENÇAS INFECTO CONTAGIOSAS;2022,0;2,0;360,0;8708,0;118,0;3,0508474576271185;73,79661016949153
HEM;UNIDADE INTERNAÇÃO - DOENÇAS INFECTO-CONTAGIOSAS E PARASITÁRIAS DOENÇAS INFECTO CONTAGIOSAS;2022,0;3,0;308,0;8311,0;98,0;3,142857142857143;84,8061224489796
HEM;UNIDADE INTERNAÇÃO - DOENÇAS INFECTO-CONTAGIOSAS E PARASITÁRIAS DOENÇAS INFECTO CONTAGIOSAS;2022,0;4,0;333,0;8544,0;105,0;3,1714285714285713;81,37142857142857
HEM;UNIDADE INTERNAÇÃO - DOENÇAS INFECTO-CONTAGIOSAS E PARASITÁRIAS DOENÇAS INFECTO CONTAGIOSAS;2022,0;5,0;455,0;9703,0;127,0;3,5826771653543306;76,4015748031496
HEM;UNIDADE INTERNAÇÃO - DOENÇAS INFECTO-CONTAGIOSAS E PARASITÁRIAS DOENÇAS INFECTO CONTAGIOSAS;2022,0;6,0;506,0;9612,0;162,0;3,123456790123457;59,333333333333336
HEM;UNIDADE INTERNAÇÃO - DOENÇAS INFECTO-CONTAGIOSAS E PARASITÁRIAS DOENÇAS INFECTO CONTAGIOSAS;2022,0;7,0;481,0;11780,0;145,0;3,317241379310345;81,24137931034483
HEM;UNIDADE INTERNAÇÃO - DOENÇAS INFECTO-CONTAGIOSAS E PARASITÁRIAS DOENÇAS INFECTO CONTAGIOSAS;2022,0;8,0;447,0;11795,0;138,0;3,239130434782609;85,47101449275362
HEM;UNIDADE INTERNAÇÃO - DOENÇAS INFECTO-CONTAGIOSAS E PARASITÁRIAS DOENÇAS INFECTO CONTAGIOSAS;2022,0;9,0;552,0;13490,0;176,0;3,1363636363636362;76,64772727272727
HEM;UNIDADE INTERNAÇÃO - DOENÇAS INFECTO-CONTAGIOSAS E PARASITÁRIAS DOENÇAS INFECTO CONTAGIOSAS;2022,0;10,0;463,0;12622,0;157,0;2,949044585987261;80,39490445859873
HEM;UNIDADE INTERNAÇÃO - DOENÇAS INFECTO-CONTAGIOSAS E PARASITÁRIAS DOENÇAS INFECTO CONTAGIOSAS;2022,0;11,0;526,0;13271,0;171,0;3,0760233918128654;77,60818713450293
HEM;UNIDADE INTERNAÇÃO - DOENÇAS INFECTO-CONTAGIOSAS E PARASITÁRIAS DOENÇAS INFECTO CONTAGIOSAS;2022,0;12,0;519,0;13786,0;188,0;2,7606382978723403;73,32978723404256
HEM;UNIDADE INTERNAÇÃO - DOENÇAS INFECTO-CONTAGIOSAS E PARASITÁRIAS DOENÇAS INFECTO CONTAGIOSAS;2023,0;1,0;514,0;11777,0;145,0;3,5448275862068965;81,22068965517241
HEM;UNIDADE INTERNAÇÃO - DOENÇAS INFECTO-CONTAGIOSAS E PARASITÁRIAS DOENÇAS INFECTO CONTAGIOSAS;2023,0;2,0;475,0;12831,0;143,0;3,3216783216783217;89,72727272727273
HEM;UNIDADE INTERNAÇÃO - DOENÇAS INFECTO-CONTAGIOSAS E PARASITÁRIAS DOENÇAS INFECTO CONTAGIOSAS;2023,0;3,0;473,0;12807,0;148,0;3,195945945945946;86,53378378378379
HEM;UNIDADE INTERNAÇÃO - DOENÇAS INFECTO-CONTAGIOSAS E PARASITÁRIAS DOENÇAS INFECTO CONTAGIOSAS;2023,0;4,0;486,0;12553,0;146,0;3,328767123287671;85,97945205479452
HEM;UNIDADE INTERNAÇÃO - DOENÇAS INFECTO-CONTAGIOSAS E PARASITÁRIAS DOENÇAS INFECTO CONTAGIOSAS;2023,0;5,0;462,0;14701,0;133,0;3,473684210526316;110,53383458646617
HEM;UNIDADE INTERNAÇÃO - DOENÇAS INFECTO-CONTAGIOSAS E PARASITÁRIAS DOENÇAS INFECTO CONTAGIOSAS;2023,0;6,0;376,0;11614,0;159,0;2,3647798742138364;73,04402515723271
HEM;UNIDADE INTERNAÇÃO - DOENÇAS INFECTO-CONTAGIOSAS E PARASITÁRIAS DOENÇAS INFECTO CONTAGIOSAS;2023,0;7,0;403,0;11866,0;122,0;3,30327868852459;97,26229508196721
HEM;UNIDADE INTERNAÇÃO - DOENÇAS INFECTO-CONTAGIOSAS E PARASITÁRIAS DOENÇAS INFECTO CONTAGIOSAS;2023,0;8,0;488,0;12607,0;165,0;2,9575757575757575;76,4060606060606
HEM;UNIDADE INTERNAÇÃO - DOENÇAS INFECTO-CONTAGIOSAS E PARASITÁRIAS DOENÇAS INFECTO CONTAGIOSAS;2023,0;9,0;359,0;10584,0;124,0;2,8951612903225805;85,35483870967742
HEM;UNIDADE INTERNAÇÃO - DOENÇAS INFECTO-CONTAGIOSAS E PARASITÁRIAS DOENÇAS INFECTO CONTAGIOSAS;2023,0;10,0;325,0;9962,0;115,0;2,8260869565217392;86,62608695652175
HEM;UNIDADE INTERNAÇÃO - DOENÇAS INFECTO-CONTAGIOSAS E PARASITÁRIAS DOENÇAS INFECTO CONTAGIOSAS;2023,0;11,0;330,0;10513,0;125,0;2,64;84,104
HEM;UNIDADE INTERNAÇÃO - DOENÇAS INFECTO-CONTAGIOSAS E PARASITÁRIAS DOENÇAS INFECTO CONTAGIOSAS;2023,0;12,0;385,0;12250,0;123,0;3,130081300813008;99,59349593495935
HEM;UNIDADE INTERNAÇÃO - DOENÇAS INFECTO-CONTAGIOSAS E PARASITÁRIAS DOENÇAS INFECTO CONTAGIOSAS;2024,0;1,0;454,0;13909,0;237,0;1,9156118143459915;58,687763713080166
HEM;UNIDADE INTERNAÇÃO - DOENÇAS INFECTO-CONTAGIOSAS E PARASITÁRIAS DOENÇAS INFECTO CONTAGIOSAS;2024,0;2,0;501,0;16126,0;367,0;1,3651226158038148;43,940054495912804
HEM;UNIDADE INTERNAÇÃO - DOENÇAS INFECTO-CONTAGIOSAS E PARASITÁRIAS DOENÇAS INFECTO CONTAGIOSAS;2024,0;3,0;780,0;19526,0;411,0;1,897810218978102;47,50851581508516
HEM;UNIDADE INTERNAÇÃO - DOENÇAS INFECTO-CONTAGIOSAS E PARASITÁRIAS DOENÇAS INFECTO CONTAGIOSAS;2024,0;4,0;749,0;18717,0;365,0;2,052054794520548;51,27945205479452
HEM;UNIDADE INTERNAÇÃO - DOENÇAS INFECTO-CONTAGIOSAS E PARASITÁRIAS DOENÇAS INFECTO CONTAGIOSAS;2024,0;5,0;542,0;13472,0;245,0;2,2122448979591836;54,987755102040815
HEM;UNIDADE INTERNAÇÃO - DOENÇAS INFECTO-CONTAGIOSAS E PARASITÁRIAS DOENÇAS INFECTO CONTAGIOSAS;2024,0;6,0;458,0;14250,0;150,0;3,0533333333333332;95,0
HEM;UNIDADE INTERNAÇÃO - DOENÇAS INFECTO-CONTAGIOSAS E PARASITÁRIAS DOENÇAS INFECTO CONTAGIOSAS;2024,0;7,0;296,0;13982,0;157,0;1,8853503184713376;89,05732484076434
HEM;UNIDADE INTERNAÇÃO - DOENÇAS INFECTO-CONTAGIOSAS E PARASITÁRIAS DOENÇAS INFECTO CONTAGIOSAS;2024,0;8,0;342,0;12809,0;133,0;2,5714285714285716;96,30827067669173
HEM;UNIDADE INTERNAÇÃO - DOENÇAS INFECTO-CONTAGIOSAS E PARASITÁRIAS DOENÇAS INFECTO CONTAGIOSAS;2024,0;9,0;339,0;10618,0;143,0;2,370629370629371;74,25174825174825
HEM;UNIDADE INTERNAÇÃO - DOENÇAS INFECTO-CONTAGIOSAS E PARASITÁRIAS DOENÇAS INFECTO CONTAGIOSAS;2024,0;10,0;353,0;11634,0;142,0;2,4859154929577465;81,92957746478874
HEM;UNIDADE INTERNAÇÃO - DOENÇAS INFECTO-CONTAGIOSAS E PARASITÁRIAS DOENÇAS INFECTO CONTAGIOSAS;2024,0;11,0;348,0;10421,0;138,0;2,5217391304347827;75,51449275362319
HEM;UNIDADE INTERNAÇÃO - DOENÇAS INFECTO-CONTAGIOSAS E PARASITÁRIAS DOENÇAS INFECTO CONTAGIOSAS;2024,0;12,0;335,0;10670,0;134,0;2,5;79,6268656716418
HEM;UNIDADE INTERNAÇÃO - DOENÇAS INFECTO-CONTAGIOSAS E PARASITÁRIAS DOENÇAS INFECTO CONTAGIOSAS;2025,0;1,0;318,0;13235,0;135,0;2,3555555555555556;98,03703703703704
HEM;UNIDADE INTERNAÇÃO - DOENÇAS INFECTO-CONTAGIOSAS E PARASITÁRIAS DOENÇAS INFECTO CONTAGIOSAS;2025,0;2,0;319,0;12090,0;123,0;2,5934959349593494;98,29268292682927
HEM;UNIDADE INTERNAÇÃO - DOENÇAS INFECTO-CONTAGIOSAS E PARASITÁRIAS DOENÇAS INFECTO CONTAGIOSAS;2025,0;3,0;427,0;13415,0;147,0;2,9047619047619047;91,25850340136054
HEM;UNIDADE INTERNAÇÃO - DOENÇAS INFECTO-CONTAGIOSAS E PARASITÁRIAS DOENÇAS INFECTO CONTAGIOSAS;2025,0;4,0;400,0;13288,0;159,0;2,5157232704402515;83,57232704402516
HEM;UNIDADE INTERNAÇÃO - DOENÇAS INFECTO-CONTAGIOSAS E PARASITÁRIAS DOENÇAS INFECTO CONTAGIOSAS;2025,0;5,0;460,0;14146,0;164,0;2,8048780487804876;86,2560975609756
HEM;UNIDADE INTERNAÇÃO - DOENÇAS INFECTO-CONTAGIOSAS E PARASITÁRIAS DOENÇAS INFECTO CONTAGIOSAS;2025,0;6,0;138,0;0,0;49,0;2,816326530612245;0,0
HEM;UTI;2019,0;1,0;120,0;4412,0;10,0;12,0;441,2
HEM;UTI;2019,0;2,0;100,0;3802,0;11,0;9,090909090909092;345,6363636363636
HEM;UTI;2019,0;3,0;142,0;5000,0;15,0;9,466666666666667;333,3333333333333
HEM;UTI;2019,0;4,0;160,0;4714,0;11,0;14,545454545454545;428,54545454545456
HEM;UTI;2019,0;5,0;143,0;5144,0;11,0;13,0;467,6363636363636
HEM;UTI;2019,0;6,0;113,0;5291,0;13,0;8,692307692307692;407,0
HEM;UTI;2019,0;7,0;122,0;4580,0;9,0;13,555555555555555;508,8888888888889
HEM;UTI;2019,0;8,0;140,0;4799,0;9,0;15,555555555555555;533,2222222222222
HEM;UTI;2019,0;9,0;129,0;4606,0;13,0;9,923076923076923;354,3076923076923
HEM;UTI;2019,0;10,0;149,0;4814,0;9,0;16,555555555555557;534,8888888888889
HEM;UTI;2019,0;11,0;116,0;4484,0;12,0;9,666666666666666;373,6666666666667
HEM;UTI;2019,0;12,0;163,0;4810,0;15,0;10,866666666666667;320,6666666666667
HEM;UTI;2020,0;1,0;126,0;4544,0;21,0;6,0;216,38095238095238
HEM;UTI;2020,0;2,0;120,0;4030,0;9,0;13,333333333333334;447,77777777777777
HEM;UTI;2020,0;3,0;192,0;5219,0;20,0;9,6;260,95
HEM;UTI;2020,0;4,0;239,0;8166,0;32,0;7,46875;255,1875
HEM;UTI;2020,0;5,0;373,0;11503,0;48,0;7,770833333333333;239,64583333333334
HEM;UTI;2020,0;6,0;461,0;13450,0;41,0;11,24390243902439;328,0487804878049
HEM;UTI;2020,0;7,0;487,0;13626,0;55,0;8,854545454545455;247,74545454545455
HEM;UTI;2020,0;8,0;333,0;10937,0;39,0;8,538461538461538;280,43589743589746
HEM;UTI;2020,0;9,0;324,0;10115,0;36,0;9,0;280,97222222222223
HEM;UTI;2020,0;10,0;288,0;8314,0;25,0;11,52;332,56
HEM;UTI;2020,0;11,0;300,0;9539,0;20,0;15,0;476,95
HEM;UTI;2020,0;12,0;405,0;13005,0;61,0;6,639344262295082;213,19672131147541
HEM;UTI;2021,0;1,0;401,0;13026,0;43,0;9,325581395348838;302,93023255813955
HEM;UTI;2021,0;2,0;316,0;11720,0;22,0;14,363636363636363;532,7272727272727
HEM;UTI;2021,0;3,0;466,0;15177,0;65,0;7,1692307692307695;233,4923076923077
HEM;UTI;2021,0;4,0;575,0;17200,0;63,0;9,126984126984127;273,015873015873
HEM;UTI;2021,0;5,0;403,0;10871,0;35,0;11,514285714285714;310,6
HEM;UTI;2021,0;6,0;334,0;7864,0;28,0;11,928571428571429;280,85714285714283
HEM;UTI;2021,0;7,0;384,0;8869,0;32,0;12,0;277,15625
HEM;UTI;2021,0;8,0;48,0;1163,0;1,0;48,0;1163,0
HEM;UTI - ADULTO;2021,0;8,0;286,0;6563,0;18,0;15,88888888888889;364,6111111111111
HEM;UTI - ADULTO;2021,0;9,0;205,0;4942,0;9,0;22,77777777777778;549,1111111111111
HEM;UTI - ADULTO;2021,0;10,0;255,0;6006,0;16,0;15,9375;375,375
HEM;UTI - ADULTO;2021,0;11,0;289,0;6825,0;19,0;15,210526315789474;359,2105263157895
HEM;UTI - ADULTO;2021,0;12,0;247,0;6441,0;21,0;11,761904761904763;306,7142857142857
HEM;UTI - ADULTO;2022,0;1,0;279,0;6190,0;25,0;11,16;247,6
HEM;UTI - ADULTO;2022,0;2,0;216,0;5279,0;21,0;10,285714285714286;251,38095238095238
HEM;UTI - ADULTO;2022,0;3,0;211,0;4831,0;21,0;10,047619047619047;230,04761904761904
HEM;UTI - ADULTO;2022,0;4,0;123,0;3137,0;16,0;7,6875;196,0625
HEM;UTI - ADULTO;2022,0;5,0;149,0;4084,0;19,0;7,842105263157895;214,94736842105263
HEM;UTI - ADULTO;2022,0;6,0;161,0;3531,0;12,0;13,416666666666666;294,25
HEM;UTI - ADULTO;2022,0;7,0;132,0;3449,0;18,0;7,333333333333333;191,61111111111111
HEM;UTI - ADULTO;2022,0;8,0;129,0;3374,0;11,0;11,727272727272727;306,72727272727275
HEM;UTI - ADULTO;2022,0;9,0;141,0;3134,0;12,0;11,75;261,1666666666667
HEM;UTI - ADULTO;2022,0;10,0;93,0;2912,0;4,0;23,25;728,0
HEM;UTI - ADULTO;2022,0;11,0;90,0;3036,0;5,0;18,0;607,2
HEM;UTI - ADULTO;2022,0;12,0;83,0;2868,0;12,0;6,916666666666667;239,0
HEM;UTI - ADULTO;2023,0;1,0;111,0;3020,0;13,0;8,538461538461538;232,30769230769232
HEM;UTI - ADULTO;2023,0;2,0;116,0;2972,0;10,0;11,6;297,2
HEM;UTI - ADULTO;2023,0;3,0;135,0;3630,0;14,0;9,642857142857142;259,2857142857143
HEM;UTI - ADULTO;2023,0;4,0;109,0;3826,0;4,0;27,25;956,5
HEM;UTI - ADULTO;2023,0;5,0;175,0;3814,0;13,0;13,461538461538462;293,38461538461536
HEM;UTI - ADULTO;2023,0;6,0;117,0;3687,0;3,0;39,0;1229,0
HEM;UTI - ADULTO;2023,0;7,0;136,0;3435,0;10,0;13,6;343,5
HEM;UTI - ADULTO;2023,0;8,0;135,0;3774,0;14,0;9,642857142857142;269,57142857142856
HEM;UTI - ADULTO;2023,0;9,0;148,0;3677,0;10,0;14,8;367,7
HEM;UTI - ADULTO;2023,0;10,0;186,0;3761,0;10,0;18,6;376,1
HEM;UTI - ADULTO;2023,0;11,0;112,0;3318,0;6,0;18,666666666666668;553,0
HEM;UTI - ADULTO;2023,0;12,0;102,0;3209,0;16,0;6,375;200,5625
HEM;UTI - ADULTO;2024,0;1,0;122,0;3537,0;12,0;10,166666666666666;294,75
HEM;UTI - ADULTO;2024,0;2,0;119,0;3378,0;9,0;13,222222222222221;375,3333333333333
HEM;UTI - ADULTO;2024,0;3,0;151,0;3795,0;11,0;13,727272727272727;345,0
HEM;UTI - ADULTO;2024,0;4,0;131,0;4303,0;12,0;10,916666666666666;358,5833333333333
HEM;UTI - ADULTO;2024,0;5,0;138,0;4011,0;11,0;12,545454545454545;364,6363636363636
HEM;UTI - ADULTO;2024,0;6,0;126,0;3492,0;14,0;9,0;249,42857142857142
HEM;UTI - ADULTO;2024,0;7,0;129,0;3899,0;2,0;64,5;1949,5
HEM;UTI - ADULTO;2024,0;8,0;147,0;4146,0;4,0;36,75;1036,5
HEM;UTI - ADULTO;2024,0;9,0;144,0;4066,0;13,0;11,076923076923077;312,7692307692308
HEM;UTI - ADULTO;2024,0;10,0;129,0;3823,0;3,0;43,0;1274,3333333333333
HEM;UTI - ADULTO;2024,0;11,0;120,0;3236,0;10,0;12,0;323,6
HEM;UTI - ADULTO;2024,0;12,0;105,0;3193,0;10,0;10,5;319,3
HEM;UTI - ADULTO;2025,0;1,0;133,0;4165,0;6,0;22,166666666666668;694,1666666666666
HEM;UTI - ADULTO;2025,0;2,0;122,0;3146,0;10,0;12,2;314,6
HEM;UTI - ADULTO;2025,0;3,0;178,0;3685,0;11,0;16,181818181818183;335,0
HEM;UTI - ADULTO;2025,0;4,0;161,0;4317,0;13,0;12,384615384615385;332,0769230769231
HEM;UTI - ADULTO;2025,0;5,0;154,0;4103,0;14,0;11,0;293,07142857142856
HEM;UTI - ADULTO;2025,0;6,0;72,0;1656,0;5,0;14,4;331,2
HIJPII;AMBULATORIO - ESPECIALIDADES;2019,0;1,0;18,0;58,0;1,0;18,0;58,0
HIJPII;AMBULATORIO - ESPECIALIDADES;2019,0;4,0;4,0;67,0;1,0;4,0;67,0
HIJPII;AMBULATORIO - ESPECIALIDADES;2019,0;7,0;5,0;49,0;1,0;5,0;49,0
HIJPII;AMBULATORIO - ESPECIALIDADES;2019,0;8,0;2,0;40,0;2,0;1,0;20,0
HIJPII;AMBULATORIO - ESPECIALIDADES;2019,0;10,0;20,0;58,0;2,0;10,0;29,0
HIJPII;AMBULATORIO - ESPECIALIDADES;2020,0;2,0;9,0;65,0;1,0;9,0;65,0
HIJPII;AMBULATORIO - ESPECIALIDADES;2020,0;3,0;11,0;29,0;1,0;11,0;29,0
HIJPII;AMBULATORIO - ESPECIALIDADES;2020,0;12,0;0,0;86,0;1,0;0,0;86,0
HIJPII;AMBULATORIO - ESPECIALIDADES;2021,0;3,0;8,0;89,0;1,0;8,0;89,0
HIJPII;AMBULATORIO - ESPECIALIDADES;2021,0;4,0;4,0;85,0;1,0;4,0;85,0
HIJPII;AMBULATORIO - ESPECIALIDADES;2021,0;6,0;4,0;49,0;1,0;4,0;49,0
HIJPII;AMBULATORIO - ESPECIALIDADES;2021,0;9,0;5,0;58,0;1,0;5,0;58,0
HIJPII;AMBULATORIO - ESPECIALIDADES;2022,0;6,0;4,0;45,0;1,0;4,0;45,0
HIJPII;AMBULATORIO - ESPECIALIDADES;2022,0;9,0;6,0;38,0;1,0;6,0;38,0
HIJPII;AMBULATORIO - ESPECIALIDADES;2024,0;5,0;12,0;147,0;2,0;6,0;73,5
HIJPII;AMBULATORIO - ESPECIALIDADES;2024,0;12,0;6,0;108,0;1,0;6,0;108,0
HIJPII;AMBULATORIO - ESPECIALIDADES;2025,0;3,0;2,0;53,0;1,0;2,0;53,0
HIJPII;AMBULATORIO - ESPECIALIDADES;2025,0;4,0;0,0;7,0;2,0;0,0;3,5
HIJPII;AMBULATORIO - ESPECIALIDADES;2025,0;5,0;2,0;46,0;1,0;2,0;46,0
HIJPII;AMBULATORIO - ESPECIALIDADES;2025,0;6,0;4,0;69,0;2,0;2,0;34,5
HIJPII;AMBULATORIO - ESPECIALIDADES;2025,0;10,0;4,0;53,0;1,0;4,0;53,0
HIJPII;AMBULATORIO - ESPECIALIDADES;2025,0;11,0;5,0;62,0;1,0;5,0;62,0
HIJPII;AMBULATORIO - ESPECIALIDADES;2026,0;5,0;5,0;117,0;2,0;2,5;58,5
HIJPII;AMBULATORIO ESPECIALIDADES MEDICAS;2024,0;10,0;0,0;0,0;1,0;0,0;0,0
HIJPII;ELETROENCEFALOGRAMA;2019,0;1,0;1,0;12,0;2,0;0,5;6,0
HIJPII;ELETROENCEFALOGRAMA;2019,0;4,0;1,0;0,0;1,0;1,0;0,0
HIJPII;ENDOSCOPIA;2021,0;6,0;0,0;0,0;1,0;0,0;0,0
HIJPII;RADIOLOGIA;2019,0;3,0;0,0;0,0;1,0;0,0;0,0
HIJPII;RADIOLOGIA;2019,0;5,0;2,0;19,0;1,0;2,0;19,0
HIJPII;RADIOLOGIA;2022,0;11,0;0,0;0,0;1,0;0,0;0,0
HIJPII;RADIOLOGIA;2024,0;3,0;0,0;0,0;1,0;0,0;0,0
HIJPII;ULTRASSONOGRAFIA;2019,0;2,0;1,0;21,0;1,0;1,0;21,0
HIJPII;ULTRASSONOGRAFIA;2019,0;4,0;0,0;3,0;1,0;0,0;3,0
HIJPII;UNIDADE INTERNAÇÃO - CLINICA PEDIÁTRICA;2019,0;1,0;295,0;2663,0;205,0;1,4390243902439024;12,990243902439024
HIJPII;UNIDADE INTERNAÇÃO - CLINICA PEDIÁTRICA;2019,0;2,0;295,0;2445,0;195,0;1,5128205128205128;12,538461538461538
HIJPII;UNIDADE INTERNAÇÃO - CLINICA PEDIÁTRICA;2019,0;3,0;388,0;2602,0;252,0;1,5396825396825398;10,325396825396826
HIJPII;UNIDADE INTERNAÇÃO - CLINICA PEDIÁTRICA;2019,0;4,0;317,0;2504,0;291,0;1,0893470790378006;8,604810996563574
HIJPII;UNIDADE INTERNAÇÃO - CLINICA PEDIÁTRICA;2019,0;5,0;320,0;2782,0;327,0;0,9785932721712538;8,507645259938839
HIJPII;UNIDADE INTERNAÇÃO - CLINICA PEDIÁTRICA;2019,0;6,0;348,0;2404,0;259,0;1,3436293436293436;9,281853281853282
HIJPII;UNIDADE INTERNAÇÃO - CLINICA PEDIÁTRICA;2019,0;7,0;392,0;2916,0;257,0;1,5252918287937742;11,346303501945526
HIJPII;UNIDADE INTERNAÇÃO - CLINICA PEDIÁTRICA;2019,0;8,0;328,0;3014,0;224,0;1,4642857142857142;13,455357142857142
HIJPII;UNIDADE INTERNAÇÃO - CLINICA PEDIÁTRICA;2019,0;9,0;318,0;2990,0;233,0;1,3648068669527897;12,832618025751072
HIJPII;UNIDADE INTERNAÇÃO - CLINICA PEDIÁTRICA;2019,0;10,0;332,0;3145,0;235,0;1,4127659574468086;13,382978723404255
HIJPII;UNIDADE INTERNAÇÃO - CLINICA PEDIÁTRICA;2019,0;11,0;339,0;2445,0;235,0;1,4425531914893617;10,404255319148936
HIJPII;UNIDADE INTERNAÇÃO - CLINICA PEDIÁTRICA;2019,0;12,0;319,0;2806,0;294,0;1,0850340136054422;9,54421768707483
HIJPII;UNIDADE INTERNAÇÃO - CLINICA PEDIÁTRICA;2020,0;1,0;327,0;2529,0;223,0;1,4663677130044843;11,340807174887892
HIJPII;UNIDADE INTERNAÇÃO - CLINICA PEDIÁTRICA;2020,0;2,0;323,0;2673,0;213,0;1,516431924882629;12,549295774647888
HIJPII;UNIDADE INTERNAÇÃO - CLINICA PEDIÁTRICA;2020,0;3,0;307,0;2877,0;248,0;1,2379032258064515;11,600806451612904
HIJPII;UNIDADE INTERNAÇÃO - CLINICA PEDIÁTRICA;2020,0;4,0;205,0;2463,0;156,0;1,314102564102564;15,788461538461538
HIJPII;UNIDADE INTERNAÇÃO - CLINICA PEDIÁTRICA;2020,0;5,0;222,0;2111,0;162,0;1,3703703703703705;13,030864197530864
HIJPII;UNIDADE INTERNAÇÃO - CLINICA PEDIÁTRICA;2020,0;6,0;258,0;2646,0;167,0;1,5449101796407185;15,844311377245509
HIJPII;UNIDADE INTERNAÇÃO - CLINICA PEDIÁTRICA;2020,0;7,0;321,0;2389,0;162,0;1,9814814814814814;14,746913580246913
HIJPII;UNIDADE INTERNAÇÃO - CLINICA PEDIÁTRICA;2020,0;8,0;306,0;2512,0;174,0;1,7586206896551724;14,436781609195402
HIJPII;UNIDADE INTERNAÇÃO - CLINICA PEDIÁTRICA;2020,0;9,0;304,0;2421,0;176,0;1,7272727272727273;13,755681818181818
HIJPII;UNIDADE INTERNAÇÃO - CLINICA PEDIÁTRICA;2020,0;10,0;271,0;1966,0;174,0;1,5574712643678161;11,298850574712644
HIJPII;UNIDADE INTERNAÇÃO - CLINICA PEDIÁTRICA;2020,0;11,0;289,0;2259,0;190,0;1,5210526315789474;11,889473684210527
HIJPII;UNIDADE INTERNAÇÃO - CLINICA PEDIÁTRICA;2020,0;12,0;327,0;2242,0;185,0;1,7675675675675675;12,118918918918919
HIJPII;UNIDADE INTERNAÇÃO - CLINICA PEDIÁTRICA;2021,0;1,0;292,0;3330,0;178,0;1,6404494382022472;18,707865168539325
HIJPII;UNIDADE INTERNAÇÃO - CLINICA PEDIÁTRICA;2021,0;2,0;325,0;3325,0;163,0;1,9938650306748467;20,39877300613497
HIJPII;UNIDADE INTERNAÇÃO - CLINICA PEDIÁTRICA;2021,0;3,0;330,0;2939,0;207,0;1,5942028985507246;14,198067632850242
HIJPII;UNIDADE INTERNAÇÃO - CLINICA PEDIÁTRICA;2021,0;4,0;317,0;2329,0;230,0;1,3782608695652174;10,126086956521739
HIJPII;UNIDADE INTERNAÇÃO - CLINICA PEDIÁTRICA;2021,0;5,0;293,0;2247,0;202,0;1,4504950495049505;11,123762376237623
HIJPII;UNIDADE INTERNAÇÃO - CLINICA PEDIÁTRICA;2021,0;6,0;240,0;2138,0;167,0;1,437125748502994;12,802395209580839
HIJPII;UNIDADE INTERNAÇÃO - CLINICA PEDIÁTRICA;2021,0;7,0;324,0;2019,0;185,0;1,7513513513513514;10,913513513513514
HIJPII;UNIDADE INTERNAÇÃO - CLINICA PEDIÁTRICA;2021,0;8,0;268,0;2259,0;166,0;1,6144578313253013;13,608433734939759
HIJPII;UNIDADE INTERNAÇÃO - CLINICA PEDIÁTRICA;2021,0;9,0;330,0;2507,0;181,0;1,8232044198895028;13,850828729281767
HIJPII;UNIDADE INTERNAÇÃO - CLINICA PEDIÁTRICA;2021,0;10,0;306,0;2618,0;195,0;1,5692307692307692;13,425641025641026
HIJPII;UNIDADE INTERNAÇÃO - CLINICA PEDIÁTRICA;2021,0;11,0;308,0;2575,0;195,0;1,5794871794871794;13,205128205128204
HIJPII;UNIDADE INTERNAÇÃO - CLINICA PEDIÁTRICA;2021,0;12,0;338,0;2676,0;242,0;1,396694214876033;11,057851239669422
HIJPII;UNIDADE INTERNAÇÃO - CLINICA PEDIÁTRICA;2022,0;1,0;341,0;2647,0;197,0;1,7309644670050761;13,436548223350254
HIJPII;UNIDADE INTERNAÇÃO - CLINICA PEDIÁTRICA;2022,0;2,0;312,0;2875,0;203,0;1,5369458128078817;14,16256157635468
HIJPII;UNIDADE INTERNAÇÃO - CLINICA PEDIÁTRICA;2022,0;3,0;385,0;3245,0;235,0;1,6382978723404256;13,808510638297872
HIJPII;UNIDADE INTERNAÇÃO - CLINICA PEDIÁTRICA;2022,0;4,0;275,0;2460,0;255,0;1,0784313725490196;9,647058823529411
HIJPII;UNIDADE INTERNAÇÃO - CLINICA PEDIÁTRICA;2022,0;5,0;303,0;2720,0;251,0;1,207171314741036;10,836653386454183
HIJPII;UNIDADE INTERNAÇÃO - CLINICA PEDIÁTRICA;2022,0;6,0;327,0;2531,0;207,0;1,5797101449275361;12,227053140096618
HIJPII;UNIDADE INTERNAÇÃO - CLINICA PEDIÁTRICA;2022,0;7,0;379,0;2856,0;211,0;1,7962085308056872;13,535545023696683
HIJPII;UNIDADE INTERNAÇÃO - CLINICA PEDIÁTRICA;2022,0;8,0;307,0;2263,0;219,0;1,4018264840182648;10,333333333333334
HIJPII;UNIDADE INTERNAÇÃO - CLINICA PEDIÁTRICA;2022,0;9,0;251,0;1877,0;239,0;1,0502092050209204;7,853556485355648
HIJPII;UNIDADE INTERNAÇÃO - CLINICA PEDIÁTRICA;2022,0;10,0;214,0;2048,0;220,0;0,9727272727272728;9,309090909090909
HIJPII;UNIDADE INTERNAÇÃO - CLINICA PEDIÁTRICA;2022,0;11,0;301,0;2640,0;244,0;1,2336065573770492;10,819672131147541
HIJPII;UNIDADE INTERNAÇÃO - CLINICA PEDIÁTRICA;2022,0;12,0;229,0;2370,0;203,0;1,1280788177339902;11,67487684729064
HIJPII;UNIDADE INTERNAÇÃO - CLINICA PEDIÁTRICA;2023,0;1,0;281,0;2359,0;204,0;1,3774509803921569;11,563725490196079
HIJPII;UNIDADE INTERNAÇÃO - CLINICA PEDIÁTRICA;2023,0;2,0;234,0;2354,0;273,0;0,8571428571428571;8,622710622710622
HIJPII;UNIDADE INTERNAÇÃO - CLINICA PEDIÁTRICA;2023,0;3,0;378,0;2478,0;310,0;1,2193548387096773;7,993548387096774
HIJPII;UNIDADE INTERNAÇÃO - CLINICA PEDIÁTRICA;2023,0;4,0;292,0;2529,0;258,0;1,1317829457364341;9,80232558139535
HIJPII;UNIDADE INTERNAÇÃO - CLINICA PEDIÁTRICA;2023,0;5,0;364,0;3055,0;267,0;1,3632958801498127;11,441947565543071
HIJPII;UNIDADE INTERNAÇÃO - CLINICA PEDIÁTRICA;2023,0;6,0;310,0;2777,0;225,0;1,3777777777777778;12,342222222222222
HIJPII;UNIDADE INTERNAÇÃO - CLINICA PEDIÁTRICA;2023,0;7,0;334,0;2587,0;242,0;1,3801652892561984;10,690082644628099
HIJPII;UNIDADE INTERNAÇÃO - CLINICA PEDIÁTRICA;2023,0;8,0;309,0;3050,0;200,0;1,545;15,25
HIJPII;UNIDADE INTERNAÇÃO - CLINICA PEDIÁTRICA;2023,0;9,0;283,0;3097,0;227,0;1,2466960352422907;13,6431718061674
HIJPII;UNIDADE INTERNAÇÃO - CLINICA PEDIÁTRICA;2023,0;10,0;283,0;2943,0;229,0;1,2358078602620088;12,851528384279476
HIJPII;UNIDADE INTERNAÇÃO - CLINICA PEDIÁTRICA;2023,0;11,0;288,0;2328,0;211,0;1,3649289099526067;11,033175355450236
HIJPII;UNIDADE INTERNAÇÃO - CLINICA PEDIÁTRICA;2023,0;12,0;262,0;2090,0;219,0;1,1963470319634704;9,54337899543379
HIJPII;UNIDADE INTERNAÇÃO - CLINICA PEDIÁTRICA;2024,0;1,0;282,0;2535,0;199,0;1,4170854271356783;12,738693467336683
HIJPII;UNIDADE INTERNAÇÃO - CLINICA PEDIÁTRICA;2024,0;2,0;231,0;2968,0;219,0;1,0547945205479452;13,552511415525114
HIJPII;UNIDADE INTERNAÇÃO - CLINICA PEDIÁTRICA;2024,0;3,0;310,0;3275,0;327,0;0,9480122324159022;10,015290519877675
HIJPII;UNIDADE INTERNAÇÃO - CLINICA PEDIÁTRICA;2024,0;4,0;298,0;2438,0;335,0;0,8895522388059701;7,277611940298508
HIJPII;UNIDADE INTERNAÇÃO - CLINICA PEDIÁTRICA;2024,0;5,0;308,0;2268,0;296,0;1,0405405405405406;7,662162162162162
HIJPII;UNIDADE INTERNAÇÃO - CLINICA PEDIÁTRICA;2024,0;6,0;321,0;2979,0;260,0;1,2346153846153847;11,457692307692307
HIJPII;UNIDADE INTERNAÇÃO - CLINICA PEDIÁTRICA;2024,0;7,0;401,0;2997,0;236,0;1,6991525423728813;12,69915254237288
HIJPII;UNIDADE INTERNAÇÃO - CLINICA PEDIÁTRICA;2024,0;8,0;318,0;2976,0;233,0;1,3648068669527897;12,772532188841202
HIJPII;UNIDADE INTERNAÇÃO - CLINICA PEDIÁTRICA;2024,0;9,0;278,0;2813,0;245,0;1,1346938775510205;11,481632653061224
HIJPII;UNIDADE INTERNAÇÃO - CLINICA PEDIÁTRICA;2024,0;10,0;351,0;2527,0;225,0;1,56;11,231111111111112
HIJPII;UNIDADE INTERNAÇÃO - CLINICA PEDIÁTRICA;2024,0;11,0;296,0;2007,0;222,0;1,3333333333333333;9,04054054054054
HIJPII;UNIDADE INTERNAÇÃO - CLINICA PEDIÁTRICA;2024,0;12,0;306,0;2822,0;240,0;1,275;11,758333333333333
HIJPII;UNIDADE INTERNAÇÃO - CLINICA PEDIÁTRICA;2025,0;1,0;339,0;2469,0;239,0;1,4184100418410042;10,330543933054393
HIJPII;UNIDADE INTERNAÇÃO - CLINICA PEDIÁTRICA;2025,0;2,0;319,0;2277,0;208,0;1,5336538461538463;10,947115384615385
HIJPII;UNIDADE INTERNAÇÃO - CLINICA PEDIÁTRICA;2025,0;3,0;337,0;2857,0;263,0;1,2813688212927756;10,863117870722434
HIJPII;UNIDADE INTERNAÇÃO - CLINICA PEDIÁTRICA;2025,0;4,0;432,0;2563,0;326,0;1,3251533742331287;7,861963190184049
HIJPII;UNIDADE INTERNAÇÃO - CLINICA PEDIÁTRICA;2025,0;5,0;359,0;2622,0;330,0;1,087878787878788;7,945454545454545
HIJPII;UNIDADE INTERNAÇÃO - CLINICA PEDIÁTRICA;2025,0;6,0;368,0;2190,0;301,0;1,2225913621262459;7,275747508305648
HIJPII;UNIDADE INTERNAÇÃO - CLINICA PEDIÁTRICA;2025,0;7,0;309,0;2383,0;239,0;1,292887029288703;9,97071129707113
HIJPII;UNIDADE INTERNAÇÃO - CLINICA PEDIÁTRICA;2025,0;8,0;361,0;2105,0;202,0;1,7871287128712872;10,42079207920792
HIJPII;UNIDADE INTERNAÇÃO - CLINICA PEDIÁTRICA;2025,0;9,0;332,0;2490,0;183,0;1,814207650273224;13,60655737704918
HIJPII;UNIDADE INTERNAÇÃO - CLINICA PEDIÁTRICA;2025,0;10,0;276,0;2992,0;201,0;1,373134328358209;14,885572139303482
HIJPII;UNIDADE INTERNAÇÃO - CLINICA PEDIÁTRICA;2025,0;11,0;291,0;2500,0;198,0;1,4696969696969697;12,626262626262626
HIJPII;UNIDADE INTERNAÇÃO - CLINICA PEDIÁTRICA;2025,0;12,0;254,0;2535,0;210,0;1,2095238095238094;12,071428571428571
HIJPII;UNIDADE INTERNAÇÃO - CLINICA PEDIÁTRICA;2026,0;1,0;303,0;2765,0;170,0;1,7823529411764707;16,264705882352942
HIJPII;UNIDADE INTERNAÇÃO - CLINICA PEDIÁTRICA;2026,0;2,0;191,0;2288,0;134,0;1,4253731343283582;17,074626865671643
HIJPII;UNIDADE INTERNAÇÃO - CLINICA PEDIÁTRICA;2026,0;3,0;327,0;2490,0;202,0;1,618811881188119;12,326732673267326
HIJPII;UNIDADE INTERNAÇÃO - CLINICA PEDIÁTRICA;2026,0;4,0;306,0;2639,0;235,0;1,3021276595744682;11,229787234042552
HIJPII;UNIDADE INTERNAÇÃO - CLINICA PEDIÁTRICA;2026,0;5,0;420,0;3006,0;288,0;1,4583333333333333;10,4375
HIJPII;UNIDADE INTERNAÇÃO - CLINICA PEDIÁTRICA;2026,0;6,0;374,0;2493,0;290,0;1,289655172413793;8,596551724137932
HIJPII;UNIDADE INTERNAÇÃO - CLINICA PEDIÁTRICA;2026,0;7,0;394,0;3394,0;270,0;1,4592592592592593;12,57037037037037
HIJPII;UNIDADE INTERNAÇÃO - CLINICA PEDIÁTRICA;2026,0;8,0;316,0;3282,0;206,0;1,5339805825242718;15,932038834951456
HIJPII;UNIDADE INTERNAÇÃO - CURTO PRAZO;2019,0;1,0;59,0;660,0;60,0;0,9833333333333333;11,0
HIJPII;UNIDADE INTERNAÇÃO - CURTO PRAZO;2019,0;2,0;63,0;470,0;69,0;0,9130434782608695;6,811594202898551
HIJPII;UNIDADE INTERNAÇÃO - CURTO PRAZO;2019,0;3,0;88,0;653,0;134,0;0,6567164179104478;4,873134328358209
HIJPII;UNIDADE INTERNAÇÃO - CURTO PRAZO;2019,0;4,0;139,0;1106,0;170,0;0,8176470588235294;6,5058823529411764
HIJPII;UNIDADE INTERNAÇÃO - CURTO PRAZO;2019,0;5,0;143,0;1263,0;141,0;1,0141843971631206;8,957446808510639
HIJPII;UNIDADE INTERNAÇÃO - CURTO PRAZO;2019,0;6,0;115,0;946,0;125,0;0,92;7,568
HIJPII;UNIDADE INTERNAÇÃO - CURTO PRAZO;2019,0;7,0;96,0;529,0;88,0;1,0909090909090908;6,011363636363637
HIJPII;UNIDADE INTERNAÇÃO - CURTO PRAZO;2019,0;8,0;37,0;397,0;51,0;0,7254901960784313;7,784313725490196
HIJPII;UNIDADE INTERNAÇÃO - CURTO PRAZO;2019,0;9,0;65,0;498,0;51,0;1,2745098039215685;9,764705882352942
HIJPII;UNIDADE INTERNAÇÃO - CURTO PRAZO;2019,0;10,0;43,0;399,0;19,0;2,263157894736842;21,0
HIJPII;UNIDADE INTERNAÇÃO - CURTO PRAZO;2019,0;11,0;62,0;479,0;14,0;4,428571428571429;34,214285714285715
HIJPII;UNIDADE INTERNAÇÃO - CURTO PRAZO;2019,0;12,0;88,0;479,0;35,0;2,5142857142857142;13,685714285714285
HIJPII;UNIDADE INTERNAÇÃO - CURTO PRAZO;2020,0;1,0;36,0;340,0;8,0;4,5;42,5
HIJPII;UNIDADE INTERNAÇÃO - CURTO PRAZO;2020,0;2,0;45,0;310,0;18,0;2,5;17,22222222222222
HIJPII;UNIDADE INTERNAÇÃO - CURTO PRAZO;2020,0;3,0;60,0;418,0;38,0;1,5789473684210527;11,0
HIJPII;UNIDADE INTERNAÇÃO - CURTO PRAZO;2020,0;4,0;13,0;188,0;5,0;2,6;37,6
HIJPII;UNIDADE INTERNAÇÃO - CURTO PRAZO;2020,0;5,0;14,0;178,0;5,0;2,8;35,6
HIJPII;UNIDADE INTERNAÇÃO - CURTO PRAZO;2020,0;6,0;25,0;234,0;15,0;1,6666666666666667;15,6
HIJPII;UNIDADE INTERNAÇÃO - CURTO PRAZO;2020,0;7,0;33,0;273,0;8,0;4,125;34,125
HIJPII;UNIDADE INTERNAÇÃO - CURTO PRAZO;2020,0;8,0;19,0;230,0;6,0;3,1666666666666665;38,333333333333336
HIJPII;UNIDADE INTERNAÇÃO - CURTO PRAZO;2020,0;9,0;39,0;423,0;9,0;4,333333333333333;47,0
HIJPII;UNIDADE INTERNAÇÃO - CURTO PRAZO;2020,0;10,0;46,0;331,0;18,0;2,5555555555555554;18,38888888888889
HIJPII;UNIDADE INTERNAÇÃO - CURTO PRAZO;2020,0;11,0;35,0;324,0;17,0;2,0588235294117645;19,058823529411764
HIJPII;UNIDADE INTERNAÇÃO - CURTO PRAZO;2020,0;12,0;38,0;381,0;11,0;3,4545454545454546;34,63636363636363
HIJPII;UNIDADE INTERNAÇÃO - CURTO PRAZO;2021,0;1,0;32,0;400,0;15,0;2,1333333333333333;26,666666666666668
HIJPII;UNIDADE INTERNAÇÃO - CURTO PRAZO;2021,0;2,0;40,0;400,0;21,0;1,9047619047619047;19,047619047619047
HIJPII;UNIDADE INTERNAÇÃO - CURTO PRAZO;2021,0;3,0;72,0;646,0;31,0;2,3225806451612905;20,838709677419356
HIJPII;UNIDADE INTERNAÇÃO - CURTO PRAZO;2021,0;4,0;78,0;617,0;28,0;2,7857142857142856;22,035714285714285
HIJPII;UNIDADE INTERNAÇÃO - CURTO PRAZO;2021,0;5,0;62,0;534,0;27,0;2,2962962962962963;19,77777777777778
HIJPII;UNIDADE INTERNAÇÃO - CURTO PRAZO;2021,0;6,0;87,0;462,0;21,0;4,142857142857143;22,0
HIJPII;UNIDADE INTERNAÇÃO - CURTO PRAZO;2021,0;7,0;53,0;592,0;34,0;1,5588235294117647;17,41176470588235
HIJPII;UNIDADE INTERNAÇÃO - CURTO PRAZO;2021,0;8,0;63,0;504,0;16,0;3,9375;31,5
HIJPII;UNIDADE INTERNAÇÃO - CURTO PRAZO;2021,0;9,0;67,0;763,0;39,0;1,7179487179487178;19,564102564102566
HIJPII;UNIDADE INTERNAÇÃO - CURTO PRAZO;2021,0;10,0;79,0;686,0;36,0;2,1944444444444446;19,055555555555557
HIJPII;UNIDADE INTERNAÇÃO - CURTO PRAZO;2021,0;11,0;63,0;680,0;31,0;2,032258064516129;21,93548387096774
HIJPII;UNIDADE INTERNAÇÃO - CURTO PRAZO;2021,0;12,0;93,0;1022,0;55,0;1,690909090909091;18,581818181818182
HIJPII;UNIDADE INTERNAÇÃO - CURTO PRAZO;2022,0;1,0;137,0;1182,0;84,0;1,630952380952381;14,071428571428571
HIJPII;UNIDADE INTERNAÇÃO - CURTO PRAZO;2022,0;2,0;63,0;599,0;58,0;1,0862068965517242;10,327586206896552
HIJPII;UNIDADE INTERNAÇÃO - CURTO PRAZO;2022,0;3,0;101,0;1110,0;76,0;1,3289473684210527;14,605263157894736
HIJPII;UNIDADE INTERNAÇÃO - CURTO PRAZO;2022,0;4,0;61,0;696,0;44,0;1,3863636363636365;15,818181818181818
HIJPII;UNIDADE INTERNAÇÃO - CURTO PRAZO;2022,0;5,0;122,0;999,0;71,0;1,7183098591549295;14,070422535211268
HIJPII;UNIDADE INTERNAÇÃO - CURTO PRAZO;2022,0;6,0;98,0;563,0;57,0;1,719298245614035;9,87719298245614
HIJPII;UNIDADE INTERNAÇÃO - CURTO PRAZO;2022,0;7,0;78,0;853,0;62,0;1,2580645161290323;13,758064516129032
HIJPII;UNIDADE INTERNAÇÃO - CURTO PRAZO;2022,0;8,0;73,0;679,0;42,0;1,7380952380952381;16,166666666666668
HIJPII;UNIDADE INTERNAÇÃO - CURTO PRAZO;2022,0;9,0;78,0;765,0;38,0;2,0526315789473686;20,13157894736842
HIJPII;UNIDADE INTERNAÇÃO - CURTO PRAZO;2022,0;10,0;84,0;708,0;45,0;1,8666666666666667;15,733333333333333
HIJPII;UNIDADE INTERNAÇÃO - CURTO PRAZO;2022,0;11,0;96,0;1037,0;65,0;1,476923076923077;15,953846153846154
HIJPII;UNIDADE INTERNAÇÃO - CURTO PRAZO;2022,0;12,0;85,0;740,0;29,0;2,9310344827586206;25,517241379310345
HIJPII;UNIDADE INTERNAÇÃO - CURTO PRAZO;2023,0;1,0;63,0;719,0;27,0;2,3333333333333335;26,62962962962963
HIJPII;UNIDADE INTERNAÇÃO - CURTO PRAZO;2023,0;2,0;97,0;786,0;36,0;2,6944444444444446;21,833333333333332
HIJPII;UNIDADE INTERNAÇÃO - CURTO PRAZO;2023,0;3,0;158,0;1491,0;62,0;2,5483870967741935;24,048387096774192
HIJPII;UNIDADE INTERNAÇÃO - CURTO PRAZO;2023,0;4,0;147,0;1302,0;59,0;2,4915254237288136;22,06779661016949
HIJPII;UNIDADE INTERNAÇÃO - CURTO PRAZO;2023,0;5,0;154,0;1414,0;77,0;2,0;18,363636363636363
HIJPII;UNIDADE INTERNAÇÃO - CURTO PRAZO;2023,0;6,0;126,0;1091,0;46,0;2,739130434782609;23,717391304347824
HIJPII;UNIDADE INTERNAÇÃO - CURTO PRAZO;2023,0;7,0;156,0;1276,0;73,0;2,136986301369863;17,47945205479452
HIJPII;UNIDADE INTERNAÇÃO - CURTO PRAZO;2023,0;8,0;88,0;1180,0;46,0;1,9130434782608696;25,652173913043477
HIJPII;UNIDADE INTERNAÇÃO - CURTO PRAZO;2023,0;9,0;110,0;1282,0;45,0;2,4444444444444446;28,488888888888887
HIJPII;UNIDADE INTERNAÇÃO - CURTO PRAZO;2023,0;10,0;100,0;848,0;30,0;3,3333333333333335;28,266666666666666
HIJPII;UNIDADE INTERNAÇÃO - CURTO PRAZO;2023,0;11,0;61,0;621,0;28,0;2,1785714285714284;22,178571428571427
HIJPII;UNIDADE INTERNAÇÃO - CURTO PRAZO;2023,0;12,0;105,0;964,0;20,0;5,25;48,2
HIJPII;UNIDADE INTERNAÇÃO - CURTO PRAZO;2024,0;1,0;72,0;1175,0;30,0;2,4;39,166666666666664
HIJPII;UNIDADE INTERNAÇÃO - CURTO PRAZO;2024,0;2,0;81,0;1625,0;51,0;1,588235294117647;31,862745098039216
HIJPII;UNIDADE INTERNAÇÃO - CURTO PRAZO;2024,0;3,0;152,0;2208,0;126,0;1,2063492063492063;17,523809523809526
HIJPII;UNIDADE INTERNAÇÃO - CURTO PRAZO;2024,0;4,0;201,0;1569,0;101,0;1,99009900990099;15,534653465346535
HIJPII;UNIDADE INTERNAÇÃO - CURTO PRAZO;2024,0;5,0;146,0;1594,0;51,0;2,8627450980392157;31,254901960784313
HIJPII;UNIDADE INTERNAÇÃO - CURTO PRAZO;2024,0;6,0;72,0;1263,0;34,0;2,1176470588235294;37,14705882352941
HIJPII;UNIDADE INTERNAÇÃO - CURTO PRAZO;2024,0;7,0;72,0;780,0;38,0;1,894736842105263;20,526315789473685
HIJPII;UNIDADE INTERNAÇÃO - CURTO PRAZO;2024,0;8,0;81,0;625,0;22,0;3,6818181818181817;28,40909090909091
HIJPII;UNIDADE INTERNAÇÃO - CURTO PRAZO;2024,0;9,0;125,0;1019,0;44,0;2,840909090909091;23,15909090909091
HIJPII;UNIDADE INTERNAÇÃO - CURTO PRAZO;2024,0;10,0;105,0;1077,0;33,0;3,1818181818181817;32,63636363636363
HIJPII;UNIDADE INTERNAÇÃO - CURTO PRAZO;2024,0;11,0;106,0;1223,0;31,0;3,4193548387096775;39,45161290322581
HIJPII;UNIDADE INTERNAÇÃO - CURTO PRAZO;2024,0;12,0;108,0;1024,0;42,0;2,5714285714285716;24,38095238095238
HIJPII;UNIDADE INTERNAÇÃO - CURTO PRAZO;2025,0;1,0;84,0;791,0;23,0;3,652173913043478;34,391304347826086
HIJPII;UNIDADE INTERNAÇÃO - CURTO PRAZO;2025,0;2,0;111,0;828,0;16,0;6,9375;51,75
HIJPII;UNIDADE INTERNAÇÃO - CURTO PRAZO;2025,0;3,0;101,0;1137,0;32,0;3,15625;35,53125
HIJPII;UNIDADE INTERNAÇÃO - CURTO PRAZO;2025,0;4,0;231,0;1456,0;49,0;4,714285714285714;29,714285714285715
HIJPII;UNIDADE INTERNAÇÃO - CURTO PRAZO;2025,0;5,0;208,0;1261,0;61,0;3,4098360655737703;20,672131147540984
HIJPII;UNIDADE INTERNAÇÃO - CURTO PRAZO;2025,0;6,0;154,0;816,0;40,0;3,85;20,4
HIJPII;UNIDADE INTERNAÇÃO - CURTO PRAZO;2025,0;7,0;77,0;848,0;20,0;3,85;42,4
HIJPII;UNIDADE INTERNAÇÃO - CURTO PRAZO;2025,0;8,0;86,0;925,0;25,0;3,44;37,0
HIJPII;UNIDADE INTERNAÇÃO - CURTO PRAZO;2025,0;9,0;79,0;694,0;22,0;3,590909090909091;31,545454545454547
HIJPII;UNIDADE INTERNAÇÃO - CURTO PRAZO;2025,0;10,0;97,0;790,0;20,0;4,85;39,5
HIJPII;UNIDADE INTERNAÇÃO - CURTO PRAZO;2025,0;11,0;96,0;1022,0;20,0;4,8;51,1
HIJPII;UNIDADE INTERNAÇÃO - CURTO PRAZO;2025,0;12,0;94,0;869,0;27,0;3,4814814814814814;32,18518518518518
HIJPII;UNIDADE INTERNAÇÃO - CURTO PRAZO;2026,0;1,0;55,0;799,0;31,0;1,7741935483870968;25,774193548387096
HIJPII;UNIDADE INTERNAÇÃO - CURTO PRAZO;2026,0;2,0;69,0;654,0;18,0;3,8333333333333335;36,333333333333336
HIJPII;UNIDADE INTERNAÇÃO - CURTO PRAZO;2026,0;3,0;106,0;1388,0;31,0;3,4193548387096775;44,774193548387096
HIJPII;UNIDADE INTERNAÇÃO - CURTO PRAZO;2026,0;4,0;119,0;1112,0;59,0;2,016949152542373;18,847457627118644
HIJPII;UNIDADE INTERNAÇÃO - CURTO PRAZO;2026,0;5,0;150,0;1376,0;52,0;2,8846153846153846;26,46153846153846
HIJPII;UNIDADE INTERNAÇÃO - CURTO PRAZO;2026,0;6,0;109,0;1254,0;32,0;3,40625;39,1875
HIJPII;UNIDADE INTERNAÇÃO - CURTO PRAZO;2026,0;7,0;100,0;814,0;29,0;3,4482758620689653;28,06896551724138
HIJPII;UNIDADE INTERNAÇÃO - CURTO PRAZO;2026,0;8,0;70,0;799,0;27,0;2,5925925925925926;29,59259259259259
HIJPII;UNIDADE INTERNAÇÃO - DOENÇAS INFECTO-CONTAGIOSAS E PARASITÁRIAS;2019,0;1,0;83,0;1141,0;105,0;0,7904761904761904;10,866666666666667
HIJPII;UNIDADE INTERNAÇÃO - DOENÇAS INFECTO-CONTAGIOSAS E PARASITÁRIAS;2019,0;2,0;77,0;1222,0;106,0;0,7264150943396226;11,528301886792454
HIJPII;UNIDADE INTERNAÇÃO - DOENÇAS INFECTO-CONTAGIOSAS E PARASITÁRIAS;2019,0;3,0;115,0;1263,0;136,0;0,8455882352941176;9,286764705882353
HIJPII;UNIDADE INTERNAÇÃO - DOENÇAS INFECTO-CONTAGIOSAS E PARASITÁRIAS;2019,0;4,0;125,0;1329,0;141,0;0,8865248226950354;9,425531914893616
HIJPII;UNIDADE INTERNAÇÃO - DOENÇAS INFECTO-CONTAGIOSAS E PARASITÁRIAS;2019,0;5,0;121,0;1371,0;173,0;0,6994219653179191;7,92485549132948
HIJPII;UNIDADE INTERNAÇÃO - DOENÇAS INFECTO-CONTAGIOSAS E PARASITÁRIAS;2019,0;6,0;113,0;1381,0;151,0;0,7483443708609272;9,14569536423841
HIJPII;UNIDADE INTERNAÇÃO - DOENÇAS INFECTO-CONTAGIOSAS E PARASITÁRIAS;2019,0;7,0;94,0;1187,0;139,0;0,6762589928057554;8,53956834532374
HIJPII;UNIDADE INTERNAÇÃO - DOENÇAS INFECTO-CONTAGIOSAS E PARASITÁRIAS;2019,0;8,0;95,0;1408,0;128,0;0,7421875;11,0
HIJPII;UNIDADE INTERNAÇÃO - DOENÇAS INFECTO-CONTAGIOSAS E PARASITÁRIAS;2019,0;9,0;121,0;1079,0;152,0;0,7960526315789473;7,098684210526316
HIJPII;UNIDADE INTERNAÇÃO - DOENÇAS INFECTO-CONTAGIOSAS E PARASITÁRIAS;2019,0;10,0;124,0;1518,0;125,0;0,992;12,144
HIJPII;UNIDADE INTERNAÇÃO - DOENÇAS INFECTO-CONTAGIOSAS E PARASITÁRIAS;2019,0;11,0;141,0;1465,0;106,0;1,330188679245283;13,820754716981131
HIJPII;UNIDADE INTERNAÇÃO - DOENÇAS INFECTO-CONTAGIOSAS E PARASITÁRIAS;2019,0;12,0;102,0;1518,0;149,0;0,6845637583892618;10,187919463087248
HIJPII;UNIDADE INTERNAÇÃO - DOENÇAS INFECTO-CONTAGIOSAS E PARASITÁRIAS;2020,0;1,0;90,0;974,0;90,0;1,0;10,822222222222223
HIJPII;UNIDADE INTERNAÇÃO - DOENÇAS INFECTO-CONTAGIOSAS E PARASITÁRIAS;2020,0;2,0;120,0;1449,0;111,0;1,0810810810810811;13,054054054054054
HIJPII;UNIDADE INTERNAÇÃO - DOENÇAS INFECTO-CONTAGIOSAS E PARASITÁRIAS;2020,0;3,0;94,0;967,0;175,0;0,5371428571428571;5,525714285714286
HIJPII;UNIDADE INTERNAÇÃO - DOENÇAS INFECTO-CONTAGIOSAS E PARASITÁRIAS;2020,0;4,0;85,0;845,0;79,0;1,0759493670886076;10,69620253164557
HIJPII;UNIDADE INTERNAÇÃO - DOENÇAS INFECTO-CONTAGIOSAS E PARASITÁRIAS;2020,0;5,0;87,0;874,0;80,0;1,0875;10,925
HIJPII;UNIDADE INTERNAÇÃO - DOENÇAS INFECTO-CONTAGIOSAS E PARASITÁRIAS;2020,0;6,0;90,0;974,0;150,0;0,6;6,493333333333333
HIJPII;UNIDADE INTERNAÇÃO - DOENÇAS INFECTO-CONTAGIOSAS E PARASITÁRIAS;2020,0;7,0;92,0;1194,0;193,0;0,47668393782383417;6,186528497409326
HIJPII;UNIDADE INTERNAÇÃO - DOENÇAS INFECTO-CONTAGIOSAS E PARASITÁRIAS;2020,0;8,0;107,0;1248,0;135,0;0,7925925925925926;9,244444444444444
HIJPII;UNIDADE INTERNAÇÃO - DOENÇAS INFECTO-CONTAGIOSAS E PARASITÁRIAS;2020,0;9,0;99,0;1017,0;108,0;0,9166666666666666;9,416666666666666
HIJPII;UNIDADE INTERNAÇÃO - DOENÇAS INFECTO-CONTAGIOSAS E PARASITÁRIAS;2020,0;10,0;91,0;1193,0;112,0;0,8125;10,651785714285714
HIJPII;UNIDADE INTERNAÇÃO - DOENÇAS INFECTO-CONTAGIOSAS E PARASITÁRIAS;2020,0;11,0;85,0;902,0;137,0;0,6204379562043796;6,583941605839416
HIJPII;UNIDADE INTERNAÇÃO - DOENÇAS INFECTO-CONTAGIOSAS E PARASITÁRIAS;2020,0;12,0;102,0;855,0;135,0;0,7555555555555555;6,333333333333333
HIJPII;UNIDADE INTERNAÇÃO - DOENÇAS INFECTO-CONTAGIOSAS E PARASITÁRIAS;2021,0;1,0;136,0;1514,0;128,0;1,0625;11,828125
HIJPII;UNIDADE INTERNAÇÃO - DOENÇAS INFECTO-CONTAGIOSAS E PARASITÁRIAS;2021,0;2,0;123,0;1399,0;143,0;0,8601398601398601;9,783216783216783
HIJPII;UNIDADE INTERNAÇÃO - DOENÇAS INFECTO-CONTAGIOSAS E PARASITÁRIAS;2021,0;3,0;159,0;1406,0;182,0;0,8736263736263736;7,725274725274725
HIJPII;UNIDADE INTERNAÇÃO - DOENÇAS INFECTO-CONTAGIOSAS E PARASITÁRIAS;2021,0;4,0;181,0;1388,0;165,0;1,096969696969697;8,412121212121212
HIJPII;UNIDADE INTERNAÇÃO - DOENÇAS INFECTO-CONTAGIOSAS E PARASITÁRIAS;2021,0;5,0;190,0;1322,0;144,0;1,3194444444444444;9,180555555555555
HIJPII;UNIDADE INTERNAÇÃO - DOENÇAS INFECTO-CONTAGIOSAS E PARASITÁRIAS;2021,0;6,0;130,0;1286,0;134,0;0,9701492537313433;9,597014925373134
HIJPII;UNIDADE INTERNAÇÃO - DOENÇAS INFECTO-CONTAGIOSAS E PARASITÁRIAS;2021,0;7,0;114,0;1295,0;137,0;0,8321167883211679;9,452554744525548
HIJPII;UNIDADE INTERNAÇÃO - DOENÇAS INFECTO-CONTAGIOSAS E PARASITÁRIAS;2021,0;8,0;135,0;1548,0;130,0;1,0384615384615385;11,907692307692308
HIJPII;UNIDADE INTERNAÇÃO - DOENÇAS INFECTO-CONTAGIOSAS E PARASITÁRIAS;2021,0;9,0;99,0;1156,0;132,0;0,75;8,757575757575758
HIJPII;UNIDADE INTERNAÇÃO - DOENÇAS INFECTO-CONTAGIOSAS E PARASITÁRIAS;2021,0;10,0;113,0;1221,0;145,0;0,7793103448275862;8,420689655172414
HIJPII;UNIDADE INTERNAÇÃO - DOENÇAS INFECTO-CONTAGIOSAS E PARASITÁRIAS;2021,0;11,0;111,0;992,0;150,0;0,74;6,613333333333333
HIJPII;UNIDADE INTERNAÇÃO - DOENÇAS INFECTO-CONTAGIOSAS E PARASITÁRIAS;2021,0;12,0;120,0;952,0;193,0;0,6217616580310881;4,932642487046632
HIJPII;UNIDADE INTERNAÇÃO - DOENÇAS INFECTO-CONTAGIOSAS E PARASITÁRIAS;2022,0;1,0;134,0;1149,0;144,0;0,9305555555555556;7,979166666666667
HIJPII;UNIDADE INTERNAÇÃO - DOENÇAS INFECTO-CONTAGIOSAS E PARASITÁRIAS;2022,0;2,0;110,0;1026,0;112,0;0,9821428571428571;9,160714285714286
HIJPII;UNIDADE INTERNAÇÃO - DOENÇAS INFECTO-CONTAGIOSAS E PARASITÁRIAS;2022,0;3,0;120,0;951,0;195,0;0,6153846153846154;4,876923076923077
HIJPII;UNIDADE INTERNAÇÃO - DOENÇAS INFECTO-CONTAGIOSAS E PARASITÁRIAS;2022,0;4,0;90,0;920,0;144,0;0,625;6,388888888888889
HIJPII;UNIDADE INTERNAÇÃO - DOENÇAS INFECTO-CONTAGIOSAS E PARASITÁRIAS;2022,0;5,0;131,0;1295,0;131,0;1,0;9,885496183206106
HIJPII;UNIDADE INTERNAÇÃO - DOENÇAS INFECTO-CONTAGIOSAS E PARASITÁRIAS;2022,0;6,0;129,0;1115,0;138,0;0,9347826086956522;8,079710144927537
HIJPII;UNIDADE INTERNAÇÃO - DOENÇAS INFECTO-CONTAGIOSAS E PARASITÁRIAS;2022,0;7,0;145,0;1202,0;128,0;1,1328125;9,390625
HIJPII;UNIDADE INTERNAÇÃO - DOENÇAS INFECTO-CONTAGIOSAS E PARASITÁRIAS;2022,0;8,0;123,0;1046,0;128,0;0,9609375;8,171875
HIJPII;UNIDADE INTERNAÇÃO - DOENÇAS INFECTO-CONTAGIOSAS E PARASITÁRIAS;2022,0;9,0;136,0;1105,0;114,0;1,1929824561403508;9,692982456140351
HIJPII;UNIDADE INTERNAÇÃO - DOENÇAS INFECTO-CONTAGIOSAS E PARASITÁRIAS;2022,0;10,0;116,0;1029,0;122,0;0,9508196721311475;8,434426229508198
HIJPII;UNIDADE INTERNAÇÃO - DOENÇAS INFECTO-CONTAGIOSAS E PARASITÁRIAS;2022,0;11,0;127,0;1019,0;138,0;0,9202898550724637;7,384057971014493
HIJPII;UNIDADE INTERNAÇÃO - DOENÇAS INFECTO-CONTAGIOSAS E PARASITÁRIAS;2022,0;12,0;136,0;1026,0;143,0;0,951048951048951;7,174825174825175
HIJPII;UNIDADE INTERNAÇÃO - DOENÇAS INFECTO-CONTAGIOSAS E PARASITÁRIAS;2023,0;1,0;114,0;1204,0;95,0;1,2;12,673684210526316
HIJPII;UNIDADE INTERNAÇÃO - DOENÇAS INFECTO-CONTAGIOSAS E PARASITÁRIAS;2023,0;2,0;126,0;971,0;134,0;0,9402985074626866;7,246268656716418
HIJPII;UNIDADE INTERNAÇÃO - DOENÇAS INFECTO-CONTAGIOSAS E PARASITÁRIAS;2023,0;3,0;146,0;1098,0;152,0;0,9605263157894737;7,223684210526316
HIJPII;UNIDADE INTERNAÇÃO - DOENÇAS INFECTO-CONTAGIOSAS E PARASITÁRIAS;2023,0;4,0;118,0;1005,0;152,0;0,7763157894736842;6,6118421052631575
HIJPII;UNIDADE INTERNAÇÃO - DOENÇAS INFECTO-CONTAGIOSAS E PARASITÁRIAS;2023,0;5,0;155,0;1449,0;139,0;1,1151079136690647;10,424460431654676
HIJPII;UNIDADE INTERNAÇÃO - DOENÇAS INFECTO-CONTAGIOSAS E PARASITÁRIAS;2023,0;6,0;175,0;1391,0;118,0;1,4830508474576272;11,788135593220339
HIJPII;UNIDADE INTERNAÇÃO - DOENÇAS INFECTO-CONTAGIOSAS E PARASITÁRIAS;2023,0;7,0;138,0;1232,0;133,0;1,037593984962406;9,263157894736842
HIJPII;UNIDADE INTERNAÇÃO - DOENÇAS INFECTO-CONTAGIOSAS E PARASITÁRIAS;2023,0;8,0;129,0;1090,0;119,0;1,084033613445378;9,159663865546218
HIJPII;UNIDADE INTERNAÇÃO - DOENÇAS INFECTO-CONTAGIOSAS E PARASITÁRIAS;2023,0;9,0;109,0;1051,0;122,0;0,8934426229508197;8,614754098360656
HIJPII;UNIDADE INTERNAÇÃO - DOENÇAS INFECTO-CONTAGIOSAS E PARASITÁRIAS;2023,0;10,0;106,0;872,0;89,0;1,1910112359550562;9,797752808988765
HIJPII;UNIDADE INTERNAÇÃO - DOENÇAS INFECTO-CONTAGIOSAS E PARASITÁRIAS;2023,0;11,0;120,0;1226,0;91,0;1,3186813186813187;13,472527472527473
HIJPII;UNIDADE INTERNAÇÃO - DOENÇAS INFECTO-CONTAGIOSAS E PARASITÁRIAS;2023,0;12,0;122,0;1184,0;92,0;1,326086956521739;12,869565217391305
HIJPII;UNIDADE INTERNAÇÃO - DOENÇAS INFECTO-CONTAGIOSAS E PARASITÁRIAS;2024,0;1,0;100,0;1001,0;79,0;1,2658227848101267;12,670886075949367
HIJPII;UNIDADE INTERNAÇÃO - DOENÇAS INFECTO-CONTAGIOSAS E PARASITÁRIAS;2024,0;2,0;99,0;1543,0;138,0;0,717391304347826;11,181159420289855
HIJPII;UNIDADE INTERNAÇÃO - DOENÇAS INFECTO-CONTAGIOSAS E PARASITÁRIAS;2024,0;3,0;190,0;2068,0;149,0;1,2751677852348993;13,879194630872483
HIJPII;UNIDADE INTERNAÇÃO - DOENÇAS INFECTO-CONTAGIOSAS E PARASITÁRIAS;2024,0;4,0;215,0;1208,0;170,0;1,2647058823529411;7,105882352941176
HIJPII;UNIDADE INTERNAÇÃO - DOENÇAS INFECTO-CONTAGIOSAS E PARASITÁRIAS;2024,0;5,0;141,0;1498,0;142,0;0,9929577464788732;10,549295774647888
HIJPII;UNIDADE INTERNAÇÃO - DOENÇAS INFECTO-CONTAGIOSAS E PARASITÁRIAS;2024,0;6,0;122,0;1104,0;102,0;1,196078431372549;10,823529411764707
HIJPII;UNIDADE INTERNAÇÃO - DOENÇAS INFECTO-CONTAGIOSAS E PARASITÁRIAS;2024,0;7,0;134,0;898,0;109,0;1,2293577981651376;8,238532110091743
HIJPII;UNIDADE INTERNAÇÃO - DOENÇAS INFECTO-CONTAGIOSAS E PARASITÁRIAS;2024,0;8,0;123,0;1002,0;88,0;1,3977272727272727;11,386363636363637
HIJPII;UNIDADE INTERNAÇÃO - DOENÇAS INFECTO-CONTAGIOSAS E PARASITÁRIAS;2024,0;9,0;153,0;1502,0;100,0;1,53;15,02
HIJPII;UNIDADE INTERNAÇÃO - DOENÇAS INFECTO-CONTAGIOSAS E PARASITÁRIAS;2024,0;10,0;150,0;1127,0;119,0;1,2605042016806722;9,470588235294118
HIJPII;UNIDADE INTERNAÇÃO - DOENÇAS INFECTO-CONTAGIOSAS E PARASITÁRIAS;2024,0;11,0;116,0;992,0;96,0;1,2083333333333333;10,333333333333334
HIJPII;UNIDADE INTERNAÇÃO - DOENÇAS INFECTO-CONTAGIOSAS E PARASITÁRIAS;2024,0;12,0;157,0;1110,0;111,0;1,4144144144144144;10,0
HIJPII;UNIDADE INTERNAÇÃO - DOENÇAS INFECTO-CONTAGIOSAS E PARASITÁRIAS;2025,0;1,0;132,0;1064,0;78,0;1,6923076923076923;13,64102564102564
HIJPII;UNIDADE INTERNAÇÃO - DOENÇAS INFECTO-CONTAGIOSAS E PARASITÁRIAS;2025,0;2,0;94,0;878,0;119,0;0,7899159663865546;7,378151260504202
HIJPII;UNIDADE INTERNAÇÃO - DOENÇAS INFECTO-CONTAGIOSAS E PARASITÁRIAS;2025,0;3,0;144,0;1332,0;150,0;0,96;8,88
HIJPII;UNIDADE INTERNAÇÃO - DOENÇAS INFECTO-CONTAGIOSAS E PARASITÁRIAS;2025,0;4,0;169,0;1700,0;153,0;1,1045751633986929;11,11111111111111
HIJPII;UNIDADE INTERNAÇÃO - DOENÇAS INFECTO-CONTAGIOSAS E PARASITÁRIAS;2025,0;5,0;222,0;1701,0;169,0;1,3136094674556213;10,065088757396449
HIJPII;UNIDADE INTERNAÇÃO - DOENÇAS INFECTO-CONTAGIOSAS E PARASITÁRIAS;2025,0;6,0;187,0;0,0;156,0;1,1987179487179487;0,0
HIJPII;UNIDADE INTERNAÇÃO - DOENÇAS INFECTO-CONTAGIOSAS E PARASITÁRIAS;2025,0;7,0;167,0;1142,0;119,0;1,403361344537815;9,596638655462185
HIJPII;UNIDADE INTERNAÇÃO - DOENÇAS INFECTO-CONTAGIOSAS E PARASITÁRIAS;2025,0;8,0;145,0;1048,0;90,0;1,6111111111111112;11,644444444444444
HIJPII;UNIDADE INTERNAÇÃO - DOENÇAS INFECTO-CONTAGIOSAS E PARASITÁRIAS;2025,0;9,0;146,0;969,0;93,0;1,5698924731182795;10,419354838709678
HIJPII;UNIDADE INTERNAÇÃO - DOENÇAS INFECTO-CONTAGIOSAS E PARASITÁRIAS;2025,0;10,0;159,0;1464,0;105,0;1,5142857142857142;13,942857142857143
HIJPII;UNIDADE INTERNAÇÃO - DOENÇAS INFECTO-CONTAGIOSAS E PARASITÁRIAS;2025,0;11,0;116,0;1251,0;117,0;0,9914529914529915;10,692307692307692
HIJPII;UNIDADE INTERNAÇÃO - DOENÇAS INFECTO-CONTAGIOSAS E PARASITÁRIAS;2025,0;12,0;130,0;1489,0;129,0;1,0077519379844961;11,542635658914728
HIJPII;UNIDADE INTERNAÇÃO - DOENÇAS INFECTO-CONTAGIOSAS E PARASITÁRIAS;2026,0;1,0;103,0;983,0;81,0;1,271604938271605;12,135802469135802
HIJPII;UNIDADE INTERNAÇÃO - DOENÇAS INFECTO-CONTAGIOSAS E PARASITÁRIAS;2026,0;2,0;107,0;1319,0;89,0;1,202247191011236;14,820224719101123
HIJPII;UNIDADE INTERNAÇÃO - DOENÇAS INFECTO-CONTAGIOSAS E PARASITÁRIAS;2026,0;3,0;165,0;1389,0;158,0;1,0443037974683544;8,791139240506329
HIJPII;UNIDADE INTERNAÇÃO - DOENÇAS INFECTO-CONTAGIOSAS E PARASITÁRIAS;2026,0;4,0;170,0;1148,0;160,0;1,0625;7,175
HIJPII;UNIDADE INTERNAÇÃO - DOENÇAS INFECTO-CONTAGIOSAS E PARASITÁRIAS;2026,0;5,0;195,0;1323,0;142,0;1,3732394366197183;9,316901408450704
HIJPII;UNIDADE INTERNAÇÃO - DOENÇAS INFECTO-CONTAGIOSAS E PARASITÁRIAS;2026,0;6,0;145,0;1144,0;154,0;0,9415584415584416;7,428571428571429
HIJPII;UNIDADE INTERNAÇÃO - DOENÇAS INFECTO-CONTAGIOSAS E PARASITÁRIAS;2026,0;7,0;165,0;997,0;124,0;1,3306451612903225;8,040322580645162
HIJPII;UNIDADE INTERNAÇÃO - DOENÇAS INFECTO-CONTAGIOSAS E PARASITÁRIAS;2026,0;8,0;154,0;1007,0;103,0;1,4951456310679612;9,776699029126213
HIJPII;UTI;2019,0;1,0;210,0;1682,0;4,0;52,5;420,5
HIJPII;UTI;2019,0;2,0;268,0;1566,0;6,0;44,666666666666664;261,0
HIJPII;UTI;2019,0;3,0;246,0;1805,0;6,0;41,0;300,8333333333333
HIJPII;UTI;2019,0;4,0;270,0;1626,0;5,0;54,0;325,2
HIJPII;UTI;2019,0;5,0;229,0;1760,0;3,0;76,33333333333333;586,6666666666666
HIJPII;UTI;2019,0;6,0;227,0;1620,0;5,0;45,4;324,0
HIJPII;UTI;2019,0;7,0;237,0;1727,0;4,0;59,25;431,75
HIJPII;UTI;2019,0;8,0;289,0;2035,0;9,0;32,111111111111114;226,11111111111111
HIJPII;UTI;2019,0;9,0;251,0;1867,0;5,0;50,2;373,4
HIJPII;UTI;2019,0;10,0;294,0;1754,0;12,0;24,5;146,16666666666666
HIJPII;UTI;2019,0;11,0;275,0;2072,0;6,0;45,833333333333336;345,3333333333333
HIJPII;UTI;2019,0;12,0;261,0;1793,0;7,0;37,285714285714285;256,14285714285717
HIJPII;UTI;2020,0;1,0;202,0;1289,0;8,0;25,25;161,125
HIJPII;UTI;2020,0;2,0;283,0;2017,0;10,0;28,3;201,7
HIJPII;UTI;2020,0;3,0;314,0;2271,0;9,0;34,888888888888886;252,33333333333334
HIJPII;UTI;2020,0;4,0;202,0;1604,0;7,0;28,857142857142858;229,14285714285714
HIJPII;UTI;2020,0;5,0;212,0;1904,0;13,0;16,307692307692307;146,46153846153845
HIJPII;UTI;2020,0;6,0;192,0;1511,0;10,0;19,2;151,1
HIJPII;UTI;2020,0;7,0;267,0;1888,0;6,0;44,5;314,6666666666667
HIJPII;UTI;2020,0;8,0;226,0;1730,0;8,0;28,25;216,25
HIJPII;UTI;2020,0;9,0;229,0;1650,0;7,0;32,714285714285715;235,71428571428572
HIJPII;UTI;2020,0;10,0;232,0;1949,0;5,0;46,4;389,8
HIJPII;UTI;2020,0;11,0;208,0;1458,0;11,0;18,90909090909091;132,54545454545453
HIJPII;UTI;2020,0;12,0;151,0;1484,0;9,0;16,77777777777778;164,88888888888889
HIJPII;UTI;2021,0;1,0;218,0;2048,0;7,0;31,142857142857142;292,57142857142856
HIJPII;UTI;2021,0;2,0;206,0;1977,0;9,0;22,88888888888889;219,66666666666666
HIJPII;UTI;2021,0;3,0;268,0;1814,0;2,0;134,0;907,0
HIJPII;UTI;2021,0;4,0;288,0;1826,0;3,0;96,0;608,6666666666666
HIJPII;UTI;2021,0;5,0;343,0;2246,0;5,0;68,6;449,2
HIJPII;UTI;2021,0;6,0;334,0;1860,0;5,0;66,8;372,0
HIJPII;UTI;2021,0;7,0;258,0;1910,0;4,0;64,5;477,5
HIJPII;UTI;2021,0;8,0;294,0;2212,0;9,0;32,666666666666664;245,77777777777777
HIJPII;UTI;2021,0;9,0;285,0;1958,0;8,0;35,625;244,75
HIJPII;UTI;2021,0;10,0;292,0;2105,0;8,0;36,5;263,125
HIJPII;UTI;2021,0;11,0;318,0;1904,0;8,0;39,75;238,0
HIJPII;UTI;2021,0;12,0;288,0;2211,0;4,0;72,0;552,75
HIJPII;UTI;2022,0;1,0;319,0;2212,0;7,0;45,57142857142857;316,0
HIJPII;UTI;2022,0;2,0;304,0;2029,0;6,0;50,666666666666664;338,1666666666667
HIJPII;UTI;2022,0;3,0;325,0;1956,0;11,0;29,545454545454547;177,8181818181818
HIJPII;UTI;2022,0;4,0;302,0;1937,0;10,0;30,2;193,7
HIJPII;UTI;2022,0;5,0;313,0;2096,0;7,0;44,714285714285715;299,42857142857144
HIJPII;UTI;2022,0;6,0;303,0;1840,0;8,0;37,875;230,0
HIJPII;UTI;2022,0;7,0;285,0;2217,0;5,0;57,0;443,4
HIJPII;UTI;2022,0;8,0;224,0;1555,0;2,0;112,0;777,5
HIJPII;UTI;2022,0;9,0;218,0;1649,0;9,0;24,22222222222222;183,22222222222223
HIJPII;UTI;2022,0;10,0;145,0;1116,0;6,0;24,166666666666668;186,0
HIJPII;UTI;2022,0;11,0;245,0;2078,0;7,0;35,0;296,85714285714283
HIJPII;UTI;2022,0;12,0;276,0;1977,0;2,0;138,0;988,5
HIJPII;UTI;2023,0;1,0;273,0;2056,0;4,0;68,25;514,0
HIJPII;UTI;2023,0;2,0;268,0;1697,0;2,0;134,0;848,5
HIJPII;UTI;2023,0;3,0;357,0;1925,0;6,0;59,5;320,8333333333333
HIJPII;UTI;2023,0;4,0;337,0;1862,0;6,0;56,166666666666664;310,3333333333333
HIJPII;UTI;2023,0;5,0;330,0;2379,0;4,0;82,5;594,75
HIJPII;UTI;2023,0;6,0;246,0;2028,0;7,0;35,142857142857146;289,7142857142857
HIJPII;UTI;2023,0;7,0;294,0;2091,0;3,0;98,0;697,0
HIJPII;UTI;2023,0;8,0;253,0;1524,0;9,0;28,11111111111111;169,33333333333334
HIJPII;UTI;2023,0;9,0;244,0;1489,0;6,0;40,666666666666664;248,16666666666666
HIJPII;UTI;2023,0;10,0;227,0;1606,0;6,0;37,833333333333336;267,6666666666667
HIJPII;UTI;2023,0;11,0;246,0;1790,0;7,0;35,142857142857146;255,71428571428572
HIJPII;UTI;2023,0;12,0;257,0;2110,0;7,0;36,714285714285715;301,42857142857144
HIJPII;UTI;2024,0;1,0;181,0;1898,0;5,0;36,2;379,6
HIJPII;UTI;2024,0;2,0;199,0;2139,0;5,0;39,8;427,8
HIJPII;UTI;2024,0;3,0;277,0;2450,0;3,0;92,33333333333333;816,6666666666666
HIJPII;UTI;2024,0;4,0;343,0;2106,0;3,0;114,33333333333333;702,0
HIJPII;UTI;2024,0;5,0;310,0;2132,0;7,0;44,285714285714285;304,57142857142856
HIJPII;UTI;2024,0;6,0;236,0;1699,0;4,0;59,0;424,75
HIJPII;UTI;2024,0;7,0;290,0;2165,0;6,0;48,333333333333336;360,8333333333333
HIJPII;UTI;2024,0;8,0;229,0;1846,0;7,0;32,714285714285715;263,7142857142857
HIJPII;UTI;2024,0;9,0;250,0;1612,0;6,0;41,666666666666664;268,6666666666667
HIJPII;UTI;2024,0;10,0;234,0;1445,0;7,0;33,42857142857143;206,42857142857142
HIJPII;UTI;2024,0;11,0;224,0;1609,0;5,0;44,8;321,8
HIJPII;UTI;2024,0;12,0;210,0;1733,0;9,0;23,333333333333332;192,55555555555554
HIJPII;UTI;2025,0;1,0;168,0;1302,0;4,0;42,0;325,5
HIJPII;UTI;2025,0;2,0;189,0;1073,0;3,0;63,0;357,6666666666667
HIJPII;UTI;2025,0;3,0;270,0;1591,0;4,0;67,5;397,75
HIJPII;UTI;2025,0;4,0;361,0;2079,0;9,0;40,111111111111114;231,0
HIJPII;UTI;2025,0;5,0;331,0;2057,0;7,0;47,285714285714285;293,85714285714283
HIJPII;UTI;2025,0;6,0;283,0;1812,0;4,0;70,75;453,0
HIJPII;UTI;2025,0;7,0;209,0;1340,0;5,0;41,8;268,0
HIJPII;UTI;2025,0;8,0;230,0;1975,0;2,0;115,0;987,5
HIJPII;UTI;2025,0;9,0;165,0;1430,0;3,0;55,0;476,6666666666667
HIJPII;UTI;2025,0;10,0;179,0;1456,0;5,0;35,8;291,2
HIJPII;UTI;2025,0;11,0;235,0;1648,0;12,0;19,583333333333332;137,33333333333334
HIJPII;UTI;2025,0;12,0;253,0;1752,0;7,0;36,142857142857146;250,28571428571428
HIJPII;UTI;2026,0;1,0;154,0;1371,0;7,0;22,0;195,85714285714286
HIJPII;UTI;2026,0;2,0;161,0;1268,0;3,0;53,666666666666664;422,6666666666667
HIJPII;UTI;2026,0;3,0;195,0;1530,0;4,0;48,75;382,5
HIJPII;UTI;2026,0;4,0;269,0;1621,0;8,0;33,625;202,625
HIJPII;UTI;2026,0;5,0;358,0;2031,0;7,0;51,142857142857146;290,14285714285717
HIJPII;UTI;2026,0;6,0;283,0;2227,0;10,0;28,3;222,7
HIJPII;UTI;2026,0;7,0;303,0;1942,0;5,0;60,6;388,4
HIJPII;UTI;2026,0;8,0;268,0;1810,0;8,0;33,5;226,25
HJK;ALOJAMENTO CONJUNTO;2019,0;1,0;95,0;1385,0;265,0;0,3584905660377358;5,226415094339623
HJK;ALOJAMENTO CONJUNTO;2019,0;2,0;144,0;1772,0;284,0;0,5070422535211268;6,23943661971831
HJK;ALOJAMENTO CONJUNTO;2019,0;3,0;104,0;1602,0;329,0;0,3161094224924012;4,869300911854103
HJK;ALOJAMENTO CONJUNTO;2019,0;4,0;105,0;1682,0;295,0;0,3559322033898305;5,7016949152542376
HJK;ALOJAMENTO CONJUNTO;2019,0;5,0;110,0;1784,0;269,0;0,40892193308550184;6,631970260223048
HJK;ALOJAMENTO CONJUNTO;2019,0;6,0;90,0;1421,0;272,0;0,33088235294117646;5,224264705882353
HJK;ALOJAMENTO CONJUNTO;2019,0;7,0;92,0;1473,0;249,0;0,36947791164658633;5,9156626506024095
HJK;ALOJAMENTO CONJUNTO;2019,0;8,0;118,0;1226,0;286,0;0,4125874125874126;4,286713286713287
HJK;ALOJAMENTO CONJUNTO;2019,0;9,0;106,0;1457,0;294,0;0,36054421768707484;4,95578231292517
HJK;ALOJAMENTO CONJUNTO;2019,0;10,0;112,0;1420,0;266,0;0,42105263157894735;5,338345864661654
HJK;ALOJAMENTO CONJUNTO;2019,0;11,0;122,0;1454,0;280,0;0,4357142857142857;5,192857142857143
HJK;ALOJAMENTO CONJUNTO;2019,0;12,0;98,0;1227,0;296,0;0,3310810810810811;4,14527027027027
HJK;ALOJAMENTO CONJUNTO;2020,0;1,0;73,0;1247,0;277,0;0,26353790613718414;4,501805054151625
HJK;ALOJAMENTO CONJUNTO;2020,0;2,0;95,0;1224,0;263,0;0,3612167300380228;4,653992395437262
HJK;ALOJAMENTO CONJUNTO;2020,0;3,0;80,0;1526,0;293,0;0,27303754266211605;5,208191126279863
HJK;ALOJAMENTO CONJUNTO;2020,0;4,0;98,0;1249,0;206,0;0,47572815533980584;6,063106796116505
HJK;ALOJAMENTO CONJUNTO;2020,0;5,0;103,0;1626,0;234,0;0,44017094017094016;6,948717948717949
HJK;ALOJAMENTO CONJUNTO;2020,0;6,0;70,0;1113,0;214,0;0,32710280373831774;5,200934579439252
HJK;ALOJAMENTO CONJUNTO;2020,0;7,0;80,0;1173,0;219,0;0,365296803652968;5,3561643835616435
HJK;ALOJAMENTO CONJUNTO;2020,0;8,0;99,0;1327,0;205,0;0,48292682926829267;6,4731707317073175
HJK;ALOJAMENTO CONJUNTO;2020,0;9,0;68,0;1059,0;217,0;0,31336405529953915;4,880184331797235
HJK;ALOJAMENTO CONJUNTO;2020,0;10,0;113,0;1376,0;233,0;0,48497854077253216;5,905579399141631
HJK;ALOJAMENTO CONJUNTO;2020,0;11,0;93,0;1390,0;239,0;0,3891213389121339;5,815899581589958
HJK;ALOJAMENTO CONJUNTO;2020,0;12,0;84,0;913,0;243,0;0,345679012345679;3,757201646090535
HJK;ALOJAMENTO CONJUNTO;2021,0;1,0;77,0;1205,0;200,0;0,385;6,025
HJK;ALOJAMENTO CONJUNTO;2021,0;2,0;61,0;868,0;230,0;0,26521739130434785;3,773913043478261
HJK;ALOJAMENTO CONJUNTO;2021,0;3,0;97,0;1647,0;282,0;0,34397163120567376;5,840425531914893
HJK;ALOJAMENTO CONJUNTO;2021,0;4,0;99,0;1354,0;182,0;0,5439560439560439;7,43956043956044
HJK;ALOJAMENTO CONJUNTO;2021,0;5,0;107,0;1730,0;234,0;0,45726495726495725;7,3931623931623935
HJK;ALOJAMENTO CONJUNTO;2021,0;6,0;95,0;1789,0;212,0;0,4481132075471698;8,43867924528302
HJK;ALOJAMENTO CONJUNTO;2021,0;7,0;101,0;1646,0;242,0;0,41735537190082644;6,801652892561983
HJK;ALOJAMENTO CONJUNTO;2021,0;8,0;95,0;1279,0;250,0;0,38;5,116
HJK;ALOJAMENTO CONJUNTO;2021,0;9,0;88,0;1290,0;202,0;0,43564356435643564;6,3861386138613865
HJK;ALOJAMENTO CONJUNTO;2021,0;10,0;96,0;1138,0;257,0;0,3735408560311284;4,428015564202335
HJK;ALOJAMENTO CONJUNTO;2021,0;11,0;71,0;1201,0;211,0;0,33649289099526064;5,691943127962086
HJK;ALOJAMENTO CONJUNTO;2021,0;12,0;65,0;1240,0;217,0;0,2995391705069124;5,714285714285714
HJK;ALOJAMENTO CONJUNTO;2022,0;1,0;66,0;1067,0;210,0;0,3142857142857143;5,080952380952381
HJK;ALOJAMENTO CONJUNTO;2022,0;2,0;26,0;1228,0;190,0;0,1368421052631579;6,463157894736842
HJK;ALOJAMENTO CONJUNTO;2022,0;3,0;72,0;1091,0;258,0;0,27906976744186046;4,228682170542636
HJK;ALOJAMENTO CONJUNTO;2022,0;4,0;69,0;1137,0;238,0;0,28991596638655465;4,777310924369748
HJK;ALOJAMENTO CONJUNTO;2022,0;5,0;43,0;901,0;204,0;0,2107843137254902;4,416666666666667
HJK;ALOJAMENTO CONJUNTO;2022,0;6,0;46,0;887,0;198,0;0,23232323232323232;4,47979797979798
HJK;ALOJAMENTO CONJUNTO;2022,0;7,0;88,0;1113,0;203,0;0,43349753694581283;5,482758620689655
HJK;ALOJAMENTO CONJUNTO;2022,0;8,0;70,0;672,0;216,0;0,32407407407407407;3,111111111111111
HJK;ALOJAMENTO CONJUNTO;2022,0;9,0;35,0;959,0;226,0;0,15486725663716813;4,243362831858407
HJK;ALOJAMENTO CONJUNTO;2022,0;10,0;63,0;1000,0;197,0;0,3197969543147208;5,0761421319796955
HJK;ALOJAMENTO CONJUNTO;2022,0;11,0;66,0;1132,0;200,0;0,33;5,66
HJK;ALOJAMENTO CONJUNTO;2022,0;12,0;86,0;1526,0;244,0;0,3524590163934426;6,254098360655738
HJK;ALOJAMENTO CONJUNTO;2023,0;1,0;64,0;998,0;208,0;0,3076923076923077;4,798076923076923
HJK;ALOJAMENTO CONJUNTO;2023,0;2,0;76,0;1204,0;212,0;0,3584905660377358;5,679245283018868
HJK;ALOJAMENTO CONJUNTO;2023,0;3,0;87,0;1719,0;243,0;0,35802469135802467;7,074074074074074
HJK;ALOJAMENTO CONJUNTO;2023,0;4,0;88,0;1745,0;225,0;0,39111111111111113;7,7555555555555555
HJK;ALOJAMENTO CONJUNTO;2023,0;5,0;67,0;1583,0;248,0;0,2701612903225806;6,383064516129032
HJK;ALOJAMENTO CONJUNTO;2023,0;6,0;65,0;1235,0;229,0;0,2838427947598253;5,393013100436681
HJK;ALOJAMENTO CONJUNTO;2023,0;7,0;74,0;1401,0;270,0;0,2740740740740741;5,188888888888889
HJK;ALOJAMENTO CONJUNTO;2023,0;8,0;88,0;1314,0;280,0;0,3142857142857143;4,692857142857143
HJK;ALOJAMENTO CONJUNTO;2023,0;9,0;51,0;971,0;240,0;0,2125;4,045833333333333
HJK;ALOJAMENTO CONJUNTO;2023,0;10,0;78,0;1194,0;251,0;0,3107569721115538;4,756972111553785
HJK;ALOJAMENTO CONJUNTO;2023,0;11,0;81,0;1546,0;250,0;0,324;6,184
HJK;ALOJAMENTO CONJUNTO;2023,0;12,0;97,0;1840,0;253,0;0,383399209486166;7,2727272727272725
HJK;ALOJAMENTO CONJUNTO;2024,0;1,0;97,0;1371,0;255,0;0,3803921568627451;5,376470588235295
HJK;ALOJAMENTO CONJUNTO;2024,0;2,0;73,0;1740,0;253,0;0,2885375494071146;6,877470355731226
HJK;ALOJAMENTO CONJUNTO;2024,0;3,0;83,0;1769,0;294,0;0,282312925170068;6,017006802721088
HJK;ALOJAMENTO CONJUNTO;2024,0;4,0;102,0;1453,0;283,0;0,36042402826855124;5,134275618374558
HJK;ALOJAMENTO CONJUNTO;2024,0;5,0;60,0;1541,0;308,0;0,19480519480519481;5,003246753246753
HJK;ALOJAMENTO CONJUNTO;2024,0;6,0;69,0;972,0;263,0;0,2623574144486692;3,6958174904942966
HJK;ALOJAMENTO CONJUNTO;2024,0;7,0;72,0;1347,0;284,0;0,2535211267605634;4,742957746478873
HJK;ALOJAMENTO CONJUNTO;2024,0;8,0;106,0;1192,0;270,0;0,3925925925925926;4,4148148148148145
HJK;ALOJAMENTO CONJUNTO;2024,0;9,0;43,0;968,0;237,0;0,18143459915611815;4,084388185654008
HJK;ALOJAMENTO CONJUNTO;2024,0;10,0;77,0;1481,0;263,0;0,29277566539923955;5,6311787072243344
HJK;ALOJAMENTO CONJUNTO;2024,0;11,0;51,0;1708,0;222,0;0,22972972972972974;7,693693693693693
HJK;ALOJAMENTO CONJUNTO;2024,0;12,0;86,0;1733,0;261,0;0,32950191570881227;6,639846743295019
HJK;ALOJAMENTO CONJUNTO;2025,0;1,0;83,0;2129,0;285,0;0,2912280701754386;7,470175438596491
HJK;ALOJAMENTO CONJUNTO;2025,0;2,0;82,0;2158,0;284,0;0,2887323943661972;7,598591549295775
HJK;ALOJAMENTO CONJUNTO;2025,0;3,0;101,0;2084,0;284,0;0,35563380281690143;7,338028169014085
HJK;ALOJAMENTO CONJUNTO;2025,0;4,0;97,0;1591,0;301,0;0,3222591362126246;5,285714285714286
HJK;ALOJAMENTO CONJUNTO;2025,0;5,0;103,0;2216,0;279,0;0,36917562724014336;7,942652329749104
HJK;ALOJAMENTO CONJUNTO;2025,0;6,0;71,0;2045,0;274,0;0,2591240875912409;7,463503649635037
HJK;ALOJAMENTO CONJUNTO;2025,0;7,0;80,0;2401,0;277,0;0,2888086642599278;8,667870036101084
HJK;ALOJAMENTO CONJUNTO;2025,0;8,0;85,0;2002,0;245,0;0,3469387755102041;8,17142857142857
HJK;ALOJAMENTO CONJUNTO;2025,0;9,0;49,0;1534,0;259,0;0,1891891891891892;5,922779922779923
HJK;ALOJAMENTO CONJUNTO;2025,0;10,0;68,0;1296,0;225,0;0,3022222222222222;5,76
HJK;ALOJAMENTO CONJUNTO;2025,0;11,0;51,0;1350,0;225,0;0,22666666666666666;6,0
HJK;ALOJAMENTO CONJUNTO;2025,0;12,0;49,0;1629,0;244,0;0,20081967213114754;6,676229508196721
HJK;ALOJAMENTO CONJUNTO;2026,0;1,0;64,0;1835,0;228,0;0,2807017543859649;8,048245614035087
HJK;ALOJAMENTO CONJUNTO;2026,0;2,0;53,0;1175,0;240,0;0,22083333333333333;4,895833333333333
HJK;ALOJAMENTO CONJUNTO;2026,0;3,0;131,0;1742,0;257,0;0,5097276264591439;6,778210116731517
HJK;ALOJAMENTO CONJUNTO;2026,0;4,0;175,0;1676,0;233,0;0,7510729613733905;7,1931330472103
HJK;ALOJAMENTO CONJUNTO;2026,0;5,0;147,0;1622,0;222,0;0,6621621621621622;7,306306306306307
HJK;ALOJAMENTO CONJUNTO;2026,0;6,0;111,0;1112,0;235,0;0,4723404255319149;4,731914893617021
HJK;ALOJAMENTO CONJUNTO;2026,0;7,0;92,0;1097,0;225,0;0,4088888888888889;4,875555555555556
HJK;ALOJAMENTO CONJUNTO;2026,0;8,0;124,0;1365,0;207,0;0,5990338164251208;6,594202898550725
HJK;AMBULATORIO - ASSISTENCIA SAÚDE DA MULHER;2025,0;1,0;0,0;0,0;1,0;0,0;0,0
HJK;AMBULATORIO - ASSISTENCIA SAÚDE DA MULHER;2025,0;9,0;2,0;11,0;1,0;2,0;11,0
HJK;AMBULATORIO ESPECIALIDADES MEDICAS;2024,0;6,0;3,0;17,0;1,0;3,0;17,0
HJK;CLINICA CIRÚRGICA - ALA A;2026,0;2,0;20,0;143,0;49,0;0,40816326530612246;2,9183673469387754
HJK;CLINICA CIRÚRGICA - ALA A;2026,0;3,0;159,0;2410,0;220,0;0,7227272727272728;10,954545454545455
HJK;CLINICA CIRÚRGICA - ALA A;2026,0;4,0;176,0;2815,0;200,0;0,88;14,075
HJK;CLINICA CIRÚRGICA - ALA A;2026,0;5,0;142,0;2738,0;239,0;0,5941422594142259;11,456066945606695
HJK;CLINICA CIRÚRGICA - ALA A;2026,0;6,0;168,0;2767,0;215,0;0,7813953488372093;12,869767441860466
HJK;CLINICA CIRÚRGICA - ALA A;2026,0;7,0;226,0;3654,0;267,0;0,846441947565543;13,685393258426966
HJK;CLINICA CIRÚRGICA - ALA A;2026,0;8,0;242,0;3588,0;238,0;1,0168067226890756;15,07563025210084
HJK;CLINICA MEDICA - ALA C;2026,0;2,0;16,0;510,0;33,0;0,48484848484848486;15,454545454545455
HJK;CLINICA MEDICA - ALA C;2026,0;3,0;250,0;4294,0;119,0;2,100840336134454;36,08403361344538
HJK;CLINICA MEDICA - ALA C;2026,0;4,0;215,0;4291,0;115,0;1,8695652173913044;37,31304347826087
HJK;CLINICA MEDICA - ALA C;2026,0;5,0;243,0;4815,0;135,0;1,8;35,666666666666664
HJK;CLINICA MEDICA - ALA C;2026,0;6,0;234,0;5681,0;129,0;1,813953488372093;44,03875968992248
HJK;CLINICA MEDICA - ALA C;2026,0;7,0;244,0;5103,0;131,0;1,8625954198473282;38,954198473282446
HJK;CLINICA MEDICA - ALA C;2026,0;8,0;252,0;4967,0;135,0;1,8666666666666667;36,79259259259259
HJK;CLINICA MÉDICA - ALA E;2026,0;2,0;14,0;382,0;20,0;0,7;19,1
HJK;CLINICA MÉDICA - ALA E;2026,0;3,0;123,0;2792,0;88,0;1,3977272727272727;31,727272727272727
HJK;CLINICA MÉDICA - ALA E;2026,0;4,0;159,0;3138,0;77,0;2,064935064935065;40,753246753246756
HJK;CLINICA MÉDICA - ALA E;2026,0;5,0;153,0;2904,0;89,0;1,7191011235955056;32,62921348314607
HJK;CLINICA MÉDICA - ALA E;2026,0;6,0;189,0;3148,0;79,0;2,392405063291139;39,848101265822784
HJK;CLINICA MÉDICA - ALA E;2026,0;7,0;162,0;3618,0;104,0;1,5576923076923077;34,78846153846154
HJK;CLINICA MÉDICA - ALA E;2026,0;8,0;154,0;3368,0;92,0;1,673913043478261;36,608695652173914
HJK;CLINICA MÉDICA - ALA G;2026,0;2,0;12,0;407,0;20,0;0,6;20,35
HJK;CLINICA MÉDICA - ALA G;2026,0;3,0;146,0;2952,0;54,0;2,7037037037037037;54,666666666666664
HJK;CLINICA MÉDICA - ALA G;2026,0;4,0;124,0;3020,0;47,0;2,6382978723404253;64,25531914893617
HJK;CLINICA MÉDICA - ALA G;2026,0;5,0;131,0;2701,0;35,0;3,742857142857143;77,17142857142858
HJK;CLINICA MÉDICA - ALA G;2026,0;6,0;146,0;3133,0;43,0;3,395348837209302;72,86046511627907
HJK;CLINICA MÉDICA - ALA G;2026,0;7,0;124,0;3718,0;49,0;2,5306122448979593;75,87755102040816
HJK;CLINICA MÉDICA - ALA G;2026,0;8,0;171,0;4365,0;48,0;3,5625;90,9375
HJK;CLINICA PNEUMOLÓGICA - ALA D;2026,0;2,0;23,0;298,0;27,0;0,8518518518518519;11,037037037037036
HJK;CLINICA PNEUMOLÓGICA - ALA D;2026,0;3,0;188,0;2928,0;116,0;1,6206896551724137;25,24137931034483
HJK;CLINICA PNEUMOLÓGICA - ALA D;2026,0;4,0;213,0;3429,0;112,0;1,9017857142857142;30,616071428571427
HJK;CLINICA PNEUMOLÓGICA - ALA D;2026,0;5,0;176,0;3119,0;127,0;1,3858267716535433;24,559055118110237
HJK;CLINICA PNEUMOLÓGICA - ALA D;2026,0;6,0;142,0;3281,0;111,0;1,2792792792792793;29,55855855855856
HJK;CLINICA PNEUMOLÓGICA - ALA D;2026,0;7,0;213,0;3780,0;114,0;1,868421052631579;33,1578947368421
HJK;CLINICA PNEUMOLÓGICA - ALA D;2026,0;8,0;183,0;3445,0;97,0;1,8865979381443299;35,51546391752577
HJK;CLINICA TISIOLÓGICA - ALA G;2026,0;2,0;0,0;36,0;5,0;0,0;7,2
HJK;CLINICA TISIOLÓGICA - ALA G;2026,0;3,0;26,0;608,0;9,0;2,888888888888889;67,55555555555556
HJK;CLINICA TISIOLÓGICA - ALA G;2026,0;4,0;16,0;421,0;10,0;1,6;42,1
HJK;CLINICA TISIOLÓGICA - ALA G;2026,0;5,0;27,0;773,0;13,0;2,076923076923077;59,46153846153846
HJK;CLINICA TISIOLÓGICA - ALA G;2026,0;6,0;31,0;622,0;12,0;2,5833333333333335;51,833333333333336
HJK;CLINICA TISIOLÓGICA - ALA G;2026,0;7,0;16,0;611,0;12,0;1,3333333333333333;50,916666666666664
HJK;CLINICA TISIOLÓGICA - ALA G;2026,0;8,0;23,0;742,0;8,0;2,875;92,75
HJK;PRÉ PARTO / PPP;2026,0;2,0;0,0;17,0;1,0;0,0;17,0
HJK;PRÉ PARTO / PPP;2026,0;3,0;9,0;513,0;19,0;0,47368421052631576;27,0
HJK;PRÉ PARTO / PPP;2026,0;4,0;5,0;321,0;15,0;0,3333333333333333;21,4
HJK;PRÉ PARTO / PPP;2026,0;5,0;6,0;466,0;26,0;0,23076923076923078;17,923076923076923
HJK;PRÉ PARTO / PPP;2026,0;6,0;18,0;521,0;31,0;0,5806451612903226;16,806451612903224
HJK;PRÉ PARTO / PPP;2026,0;7,0;12,0;476,0;11,0;1,0909090909090908;43,27272727272727
HJK;PRÉ PARTO / PPP;2026,0;8,0;4,0;367,0;16,0;0,25;22,9375
HJK;PRÉ-PARTO;2025,0;8,0;28,0;466,0;13,0;2,1538461538461537;35,84615384615385
HJK;PRÉ-PARTO;2025,0;9,0;29,0;531,0;21,0;1,380952380952381;25,285714285714285
HJK;PRÉ-PARTO;2025,0;10,0;22,0;589,0;26,0;0,8461538461538461;22,653846153846153
HJK;PRÉ-PARTO;2025,0;11,0;20,0;475,0;27,0;0,7407407407407407;17,59259259259259
HJK;PRÉ-PARTO;2025,0;12,0;31,0;646,0;34,0;0,9117647058823529;19,0
HJK;PRÉ-PARTO;2026,0;1,0;19,0;598,0;24,0;0,7916666666666666;24,916666666666668
HJK;PRÉ-PARTO;2026,0;2,0;14,0;428,0;17,0;0,8235294117647058;25,176470588235293
HJK;UCI - UNIDADE DE CUIDADO INTERMEDIARIO NEONATAL CANGURU;2025,0;8,0;2,0;40,0;10,0;0,2;4,0
HJK;UCI - UNIDADE DE CUIDADO INTERMEDIARIO NEONATAL CANGURU;2025,0;9,0;2,0;34,0;27,0;0,07407407407407407;1,2592592592592593
HJK;UCI - UNIDADE DE CUIDADO INTERMEDIARIO NEONATAL CANGURU;2025,0;10,0;3,0;45,0;30,0;0,1;1,5
HJK;UCI - UNIDADE DE CUIDADO INTERMEDIARIO NEONATAL CANGURU;2025,0;11,0;4,0;59,0;21,0;0,19047619047619047;2,8095238095238093
HJK;UCI - UNIDADE DE CUIDADO INTERMEDIARIO NEONATAL CANGURU;2025,0;12,0;3,0;75,0;34,0;0,08823529411764706;2,2058823529411766
HJK;UCI - UNIDADE DE CUIDADO INTERMEDIARIO NEONATAL CANGURU;2026,0;1,0;0,0;63,0;33,0;0,0;1,9090909090909092
HJK;UCI - UNIDADE DE CUIDADO INTERMEDIARIO NEONATAL CANGURU;2026,0;2,0;10,0;51,0;16,0;0,625;3,1875
HJK;UCI - UNIDADE DE CUIDADO INTERMEDIARIO NEONATAL CONVENCIONAL;2022,0;5,0;0,0;0,0;1,0;0,0;0,0
HJK;UCI - UNIDADE DE CUIDADO INTERMEDIARIO NEONATAL CONVENCIONAL;2022,0;6,0;6,0;34,0;8,0;0,75;4,25
HJK;UCI - UNIDADE DE CUIDADO INTERMEDIARIO NEONATAL CONVENCIONAL;2022,0;7,0;17,0;172,0;3,0;5,666666666666667;57,333333333333336
HJK;UCI - UNIDADE DE CUIDADO INTERMEDIARIO NEONATAL CONVENCIONAL;2022,0;8,0;16,0;116,0;6,0;2,6666666666666665;19,333333333333332
HJK;UCI - UNIDADE DE CUIDADO INTERMEDIARIO NEONATAL CONVENCIONAL;2022,0;9,0;11,0;100,0;3,0;3,6666666666666665;33,333333333333336
HJK;UCI - UNIDADE DE CUIDADO INTERMEDIARIO NEONATAL CONVENCIONAL;2022,0;10,0;5,0;134,0;7,0;0,7142857142857143;19,142857142857142
HJK;UCI - UNIDADE DE CUIDADO INTERMEDIARIO NEONATAL CONVENCIONAL;2022,0;11,0;4,0;32,0;3,0;1,3333333333333333;10,666666666666666
HJK;UCI - UNIDADE DE CUIDADO INTERMEDIARIO NEONATAL CONVENCIONAL;2022,0;12,0;24,0;119,0;8,0;3,0;14,875
HJK;UCI - UNIDADE DE CUIDADO INTERMEDIARIO NEONATAL CONVENCIONAL;2023,0;1,0;1,0;31,0;5,0;0,2;6,2
HJK;UCI - UNIDADE DE CUIDADO INTERMEDIARIO NEONATAL CONVENCIONAL;2023,0;2,0;21,0;208,0;10,0;2,1;20,8
HJK;UCI - UNIDADE DE CUIDADO INTERMEDIARIO NEONATAL CONVENCIONAL;2023,0;3,0;10,0;190,0;12,0;0,8333333333333334;15,833333333333334
HJK;UCI - UNIDADE DE CUIDADO INTERMEDIARIO NEONATAL CONVENCIONAL;2023,0;4,0;11,0;73,0;6,0;1,8333333333333333;12,166666666666666
HJK;UCI - UNIDADE DE CUIDADO INTERMEDIARIO NEONATAL CONVENCIONAL;2023,0;5,0;12,0;142,0;7,0;1,7142857142857142;20,285714285714285
HJK;UCI - UNIDADE DE CUIDADO INTERMEDIARIO NEONATAL CONVENCIONAL;2023,0;6,0;6,0;72,0;18,0;0,3333333333333333;4,0
HJK;UCI - UNIDADE DE CUIDADO INTERMEDIARIO NEONATAL CONVENCIONAL;2023,0;7,0;17,0;96,0;8,0;2,125;12,0
HJK;UCI - UNIDADE DE CUIDADO INTERMEDIARIO NEONATAL CONVENCIONAL;2023,0;8,0;13,0;131,0;5,0;2,6;26,2
HJK;UCI - UNIDADE DE CUIDADO INTERMEDIARIO NEONATAL CONVENCIONAL;2023,0;9,0;16,0;97,0;6,0;2,6666666666666665;16,166666666666668
HJK;UCI - UNIDADE DE CUIDADO INTERMEDIARIO NEONATAL CONVENCIONAL;2023,0;10,0;11,0;155,0;12,0;0,9166666666666666;12,916666666666666
HJK;UCI - UNIDADE DE CUIDADO INTERMEDIARIO NEONATAL CONVENCIONAL;2023,0;11,0;14,0;165,0;9,0;1,5555555555555556;18,333333333333332
HJK;UCI - UNIDADE DE CUIDADO INTERMEDIARIO NEONATAL CONVENCIONAL;2023,0;12,0;6,0;110,0;17,0;0,35294117647058826;6,470588235294118
HJK;UCI - UNIDADE DE CUIDADO INTERMEDIARIO NEONATAL CONVENCIONAL;2024,0;1,0;14,0;178,0;10,0;1,4;17,8
HJK;UCI - UNIDADE DE CUIDADO INTERMEDIARIO NEONATAL CONVENCIONAL;2024,0;2,0;46,0;515,0;8,0;5,75;64,375
HJK;UCI - UNIDADE DE CUIDADO INTERMEDIARIO NEONATAL CONVENCIONAL;2024,0;3,0;35,0;197,0;10,0;3,5;19,7
HJK;UCI - UNIDADE DE CUIDADO INTERMEDIARIO NEONATAL CONVENCIONAL;2024,0;4,0;15,0;79,0;10,0;1,5;7,9
HJK;UCI - UNIDADE DE CUIDADO INTERMEDIARIO NEONATAL CONVENCIONAL;2024,0;5,0;11,0;87,0;13,0;0,8461538461538461;6,6923076923076925
HJK;UCI - UNIDADE DE CUIDADO INTERMEDIARIO NEONATAL CONVENCIONAL;2024,0;6,0;16,0;156,0;7,0;2,2857142857142856;22,285714285714285
HJK;UCI - UNIDADE DE CUIDADO INTERMEDIARIO NEONATAL CONVENCIONAL;2024,0;7,0;19,0;199,0;16,0;1,1875;12,4375
HJK;UCI - UNIDADE DE CUIDADO INTERMEDIARIO NEONATAL CONVENCIONAL;2024,0;8,0;10,0;88,0;28,0;0,35714285714285715;3,142857142857143
HJK;UCI - UNIDADE DE CUIDADO INTERMEDIARIO NEONATAL CONVENCIONAL;2024,0;9,0;16,0;241,0;17,0;0,9411764705882353;14,176470588235293
HJK;UCI - UNIDADE DE CUIDADO INTERMEDIARIO NEONATAL CONVENCIONAL;2024,0;10,0;32,0;171,0;19,0;1,6842105263157894;9,0
HJK;UCI - UNIDADE DE CUIDADO INTERMEDIARIO NEONATAL CONVENCIONAL;2024,0;11,0;2,0;57,0;13,0;0,15384615384615385;4,384615384615385
HJK;UCI - UNIDADE DE CUIDADO INTERMEDIARIO NEONATAL CONVENCIONAL;2024,0;12,0;25,0;198,0;21,0;1,1904761904761905;9,428571428571429
HJK;UCI - UNIDADE DE CUIDADO INTERMEDIARIO NEONATAL CONVENCIONAL;2025,0;1,0;11,0;101,0;28,0;0,39285714285714285;3,607142857142857
HJK;UCI - UNIDADE DE CUIDADO INTERMEDIARIO NEONATAL CONVENCIONAL;2025,0;2,0;8,0;114,0;13,0;0,6153846153846154;8,76923076923077
HJK;UCI - UNIDADE DE CUIDADO INTERMEDIARIO NEONATAL CONVENCIONAL;2025,0;3,0;30,0;197,0;37,0;0,8108108108108109;5,324324324324325
HJK;UCI - UNIDADE DE CUIDADO INTERMEDIARIO NEONATAL CONVENCIONAL;2025,0;4,0;20,0;135,0;20,0;1,0;6,75
HJK;UCI - UNIDADE DE CUIDADO INTERMEDIARIO NEONATAL CONVENCIONAL;2025,0;5,0;12,0;114,0;19,0;0,631578947368421;6,0
HJK;UCI - UNIDADE DE CUIDADO INTERMEDIARIO NEONATAL CONVENCIONAL;2025,0;6,0;7,0;41,0;15,0;0,4666666666666667;2,7333333333333334
HJK;UCI - UNIDADE DE CUIDADO INTERMEDIARIO NEONATAL CONVENCIONAL;2025,0;7,0;1,0;34,0;19,0;0,05263157894736842;1,7894736842105263
HJK;UCI - UNIDADE DE CUIDADO INTERMEDIARIO NEONATAL CONVENCIONAL;2025,0;8,0;5,0;108,0;18,0;0,2777777777777778;6,0
HJK;UCI - UNIDADE DE CUIDADO INTERMEDIARIO NEONATAL CONVENCIONAL;2025,0;9,0;15,0;110,0;9,0;1,6666666666666667;12,222222222222221
HJK;UCI - UNIDADE DE CUIDADO INTERMEDIARIO NEONATAL CONVENCIONAL;2025,0;10,0;9,0;69,0;9,0;1,0;7,666666666666667
HJK;UCI - UNIDADE DE CUIDADO INTERMEDIARIO NEONATAL CONVENCIONAL;2025,0;11,0;22,0;73,0;10,0;2,2;7,3
HJK;UCI - UNIDADE DE CUIDADO INTERMEDIARIO NEONATAL CONVENCIONAL;2025,0;12,0;16,0;119,0;6,0;2,6666666666666665;19,833333333333332
HJK;UCI - UNIDADE DE CUIDADO INTERMEDIARIO NEONATAL CONVENCIONAL;2026,0;1,0;10,0;80,0;7,0;1,4285714285714286;11,428571428571429
HJK;UCI - UNIDADE DE CUIDADO INTERMEDIARIO NEONATAL CONVENCIONAL;2026,0;2,0;8,0;57,0;9,0;0,8888888888888888;6,333333333333333
HJK;UCINCA - UNIDADE DE CUIDADO INTERMEDIÁRIO NEONATAL CANGURU;2026,0;2,0;0,0;1,0;4,0;0,0;0,25
HJK;UCINCA - UNIDADE DE CUIDADO INTERMEDIÁRIO NEONATAL CANGURU;2026,0;3,0;1,0;21,0;23,0;0,043478260869565216;0,9130434782608695
HJK;UCINCA - UNIDADE DE CUIDADO INTERMEDIÁRIO NEONATAL CANGURU;2026,0;4,0;4,0;63,0;32,0;0,125;1,96875
HJK;UCINCA - UNIDADE DE CUIDADO INTERMEDIÁRIO NEONATAL CANGURU;2026,0;5,0;5,0;51,0;27,0;0,18518518518518517;1,8888888888888888
HJK;UCINCA - UNIDADE DE CUIDADO INTERMEDIÁRIO NEONATAL CANGURU;2026,0;6,0;9,0;39,0;33,0;0,2727272727272727;1,1818181818181819
HJK;UCINCA - UNIDADE DE CUIDADO INTERMEDIÁRIO NEONATAL CANGURU;2026,0;7,0;13,0;70,0;20,0;0,65;3,5
HJK;UCINCA - UNIDADE DE CUIDADO INTERMEDIÁRIO NEONATAL CANGURU;2026,0;8,0;1,0;44,0;19,0;0,05263157894736842;2,3157894736842106
HJK;UCINCO - UNIDADE DE CUIDADO INTERMEDIÁRIO NEONATAL CONVENCIONAL;2026,0;2,0;3,0;3,0;3,0;1,0;1,0
HJK;UCINCO - UNIDADE DE CUIDADO INTERMEDIÁRIO NEONATAL CONVENCIONAL;2026,0;3,0;14,0;49,0;7,0;2,0;7,0
HJK;UCINCO - UNIDADE DE CUIDADO INTERMEDIÁRIO NEONATAL CONVENCIONAL;2026,0;4,0;9,0;106,0;6,0;1,5;17,666666666666668
HJK;UCINCO - UNIDADE DE CUIDADO INTERMEDIÁRIO NEONATAL CONVENCIONAL;2026,0;5,0;11,0;86,0;12,0;0,9166666666666666;7,166666666666667
HJK;UCINCO - UNIDADE DE CUIDADO INTERMEDIÁRIO NEONATAL CONVENCIONAL;2026,0;6,0;14,0;62,0;3,0;4,666666666666667;20,666666666666668
HJK;UCINCO - UNIDADE DE CUIDADO INTERMEDIÁRIO NEONATAL CONVENCIONAL;2026,0;7,0;10,0;89,0;7,0;1,4285714285714286;12,714285714285714
HJK;UCINCO - UNIDADE DE CUIDADO INTERMEDIÁRIO NEONATAL CONVENCIONAL;2026,0;8,0;16,0;107,0;6,0;2,6666666666666665;17,833333333333332
HJK;UE - INTERNAÇÃO SALA DE EMERGÊNCIA;2026,0;2,0;17,0;189,0;7,0;2,4285714285714284;27,0
HJK;UE - INTERNAÇÃO SALA DE EMERGÊNCIA;2026,0;3,0;97,0;2086,0;23,0;4,217391304347826;90,69565217391305
HJK;UE - INTERNAÇÃO SALA DE EMERGÊNCIA;2026,0;4,0;84,0;1996,0;18,0;4,666666666666667;110,88888888888889
HJK;UE - INTERNAÇÃO SALA DE EMERGÊNCIA;2026,0;5,0;92,0;2634,0;26,0;3,5384615384615383;101,3076923076923
HJK;UE - INTERNAÇÃO SALA DE EMERGÊNCIA;2026,0;6,0;86,0;2013,0;32,0;2,6875;62,90625
HJK;UE - INTERNAÇÃO SALA DE EMERGÊNCIA;2026,0;7,0;112,0;1973,0;23,0;4,869565217391305;85,78260869565217
HJK;UE - INTERNAÇÃO SALA DE EMERGÊNCIA;2026,0;8,0;112,0;2049,0;27,0;4,148148148148148;75,88888888888889
HJK;UE - INTERNAÇÃO SALA DE MEDICAÇÃO;2026,0;2,0;7,0;112,0;5,0;1,4;22,4
HJK;UE - INTERNAÇÃO SALA DE MEDICAÇÃO;2026,0;3,0;73,0;1467,0;28,0;2,607142857142857;52,392857142857146
HJK;UE - INTERNAÇÃO SALA DE MEDICAÇÃO;2026,0;4,0;94,0;1415,0;40,0;2,35;35,375
HJK;UE - INTERNAÇÃO SALA DE MEDICAÇÃO;2026,0;5,0;73,0;1845,0;37,0;1,972972972972973;49,86486486486486
HJK;UE - INTERNAÇÃO SALA DE MEDICAÇÃO;2026,0;6,0;175,0;2089,0;35,0;5,0;59,68571428571428
HJK;UE - INTERNAÇÃO SALA DE MEDICAÇÃO;2026,0;7,0;111,0;1980,0;40,0;2,775;49,5
HJK;UE - INTERNAÇÃO SALA DE MEDICAÇÃO;2026,0;8,0;125,0;1661,0;32,0;3,90625;51,90625
HJK;UE - INTERNAÇÃO UDC-CRD;2026,0;2,0;21,0;313,0;15,0;1,4;20,866666666666667
HJK;UE - INTERNAÇÃO UDC-CRD;2026,0;3,0;227,0;3755,0;99,0;2,292929292929293;37,92929292929293
HJK;UE - INTERNAÇÃO UDC-CRD;2026,0;4,0;175,0;3169,0;96,0;1,8229166666666667;33,010416666666664
HJK;UE - INTERNAÇÃO UDC-CRD;2026,0;5,0;154,0;3170,0;94,0;1,6382978723404256;33,723404255319146
HJK;UE - INTERNAÇÃO UDC-CRD;2026,0;6,0;236,0;3519,0;84,0;2,8095238095238093;41,892857142857146
HJK;UE - INTERNAÇÃO UDC-CRD;2026,0;7,0;273,0;3857,0;93,0;2,935483870967742;41,473118279569896
HJK;UE - INTERNAÇÃO UDC-CRD;2026,0;8,0;202,0;3898,0;84,0;2,4047619047619047;46,404761904761905
HJK;UNIDADE DE URGENCIA - CLINICA MEDICA;2019,0;1,0;1086,0;14190,0;124,0;8,758064516129032;114,43548387096774
HJK;UNIDADE DE URGENCIA - CLINICA MEDICA;2019,0;2,0;1004,0;12441,0;151,0;6,6490066225165565;82,3907284768212
HJK;UNIDADE DE URGENCIA - CLINICA MEDICA;2019,0;3,0;1285,0;16054,0;165,0;7,787878787878788;97,2969696969697
HJK;UNIDADE DE URGENCIA - CLINICA MEDICA;2019,0;4,0;1208,0;16565,0;198,0;6,101010101010101;83,66161616161617
HJK;UNIDADE DE URGENCIA - CLINICA MEDICA;2019,0;5,0;1365,0;18877,0;249,0;5,481927710843373;75,81124497991968
HJK;UNIDADE DE URGENCIA - CLINICA MEDICA;2019,0;6,0;1171,0;16906,0;212,0;5,523584905660377;79,74528301886792
HJK;UNIDADE DE URGENCIA - CLINICA MEDICA;2019,0;7,0;1195,0;15500,0;133,0;8,984962406015038;116,54135338345864
HJK;UNIDADE DE URGENCIA - CLINICA MEDICA;2019,0;8,0;1204,0;14750,0;180,0;6,688888888888889;81,94444444444444
HJK;UNIDADE DE URGENCIA - CLINICA MEDICA;2019,0;9,0;1251,0;13873,0;148,0;8,452702702702704;93,73648648648648
HJK;UNIDADE DE URGENCIA - CLINICA MEDICA;2019,0;10,0;1185,0;11935,0;165,0;7,181818181818182;72,33333333333333
HJK;UNIDADE DE URGENCIA - CLINICA MEDICA;2019,0;11,0;1069,0;11498,0;124,0;8,620967741935484;92,7258064516129
HJK;UNIDADE DE URGENCIA - CLINICA MEDICA;2019,0;12,0;1042,0;11551,0;171,0;6,093567251461988;67,54970760233918
HJK;UNIDADE DE URGENCIA - CLINICA MEDICA;2020,0;1,0;1153,0;13227,0;120,0;9,608333333333333;110,225
HJK;UNIDADE DE URGENCIA - CLINICA MEDICA;2020,0;2,0;970,0;10927,0;91,0;10,659340659340659;120,07692307692308
HJK;UNIDADE DE URGENCIA - CLINICA MEDICA;2020,0;3,0;810,0;8574,0;78,0;10,384615384615385;109,92307692307692
HJK;UNIDADE DE URGENCIA - CLINICA MEDICA;2020,0;4,0;518,0;5023,0;25,0;20,72;200,92
HJK;UNIDADE DE URGENCIA - CLINICA MEDICA;2020,0;5,0;573,0;5322,0;31,0;18,483870967741936;171,67741935483872
HJK;UNIDADE DE URGENCIA - CLINICA MEDICA;2020,0;6,0;423,0;6351,0;78,0;5,423076923076923;81,42307692307692
HJK;UNIDADE DE URGENCIA - CLINICA MEDICA;2021,0;2,0;66,0;866,0;5,0;13,2;173,2
HJK;UNIDADE DE URGENCIA - CLINICA MEDICA;2021,0;3,0;196,0;2949,0;23,0;8,521739130434783;128,2173913043478
HJK;UNIDADE DE URGENCIA - CLINICA MEDICA;2021,0;4,0;183,0;2817,0;33,0;5,545454545454546;85,36363636363636
HJK;UNIDADE DE URGENCIA - CLINICA MEDICA;2021,0;5,0;140,0;2028,0;24,0;5,833333333333333;84,5
HJK;UNIDADE DE URGENCIA - CLINICA MEDICA;2021,0;6,0;112,0;1577,0;42,0;2,6666666666666665;37,54761904761905
HJK;UNIDADE DE URGENCIA - CLINICA MEDICA;2021,0;7,0;263,0;2979,0;103,0;2,5533980582524274;28,92233009708738
HJK;UNIDADE DE URGENCIA - CLINICA MEDICA;2021,0;8,0;308,0;3461,0;104,0;2,9615384615384617;33,27884615384615
HJK;UNIDADE DE URGENCIA - CLINICA MEDICA;2021,0;9,0;312,0;3882,0;90,0;3,466666666666667;43,13333333333333
HJK;UNIDADE DE URGENCIA - CLINICA MEDICA;2021,0;10,0;326,0;3591,0;95,0;3,431578947368421;37,8
HJK;UNIDADE DE URGENCIA - CLINICA MEDICA;2021,0;11,0;332,0;3394,0;64,0;5,1875;53,03125
HJK;UNIDADE DE URGENCIA - CLINICA MEDICA;2021,0;12,0;316,0;3129,0;92,0;3,4347826086956523;34,01086956521739
HJK;UNIDADE DE URGENCIA - CLINICA MEDICA;2022,0;1,0;197,0;2746,0;52,0;3,7884615384615383;52,80769230769231
HJK;UNIDADE DE URGENCIA - CLINICA MEDICA;2022,0;2,0;230,0;2703,0;76,0;3,026315789473684;35,56578947368421
HJK;UNIDADE DE URGENCIA - CLINICA MEDICA;2022,0;3,0;267,0;3382,0;87,0;3,0689655172413794;38,87356321839081
HJK;UNIDADE DE URGENCIA - CLINICA MEDICA;2022,0;4,0;18,0;395,0;7,0;2,5714285714285716;56,42857142857143
HJK;UNIDADE INTERNAÇÃO - CLINICA CIRURGICA;2019,0;1,0;235,0;2188,0;177,0;1,3276836158192091;12,361581920903955
HJK;UNIDADE INTERNAÇÃO - CLINICA CIRURGICA;2019,0;2,0;209,0;2136,0;205,0;1,0195121951219512;10,419512195121952
HJK;UNIDADE INTERNAÇÃO - CLINICA CIRURGICA;2019,0;3,0;243,0;2328,0;184,0;1,3206521739130435;12,652173913043478
HJK;UNIDADE INTERNAÇÃO - CLINICA CIRURGICA;2019,0;4,0;201,0;2156,0;203,0;0,9901477832512315;10,620689655172415
HJK;UNIDADE INTERNAÇÃO - CLINICA CIRURGICA;2019,0;5,0;253,0;2723,0;211,0;1,1990521327014219;12,90521327014218
HJK;UNIDADE INTERNAÇÃO - CLINICA CIRURGICA;2019,0;6,0;224,0;2639,0;213,0;1,051643192488263;12,389671361502348
HJK;UNIDADE INTERNAÇÃO - CLINICA CIRURGICA;2019,0;7,0;272,0;2387,0;215,0;1,2651162790697674;11,102325581395348
HJK;UNIDADE INTERNAÇÃO - CLINICA CIRURGICA;2019,0;8,0;240,0;2173,0;204,0;1,1764705882352942;10,651960784313726
HJK;UNIDADE INTERNAÇÃO - CLINICA CIRURGICA;2019,0;9,0;213,0;1874,0;209,0;1,0191387559808613;8,966507177033494
HJK;UNIDADE INTERNAÇÃO - CLINICA CIRURGICA;2019,0;10,0;214,0;1792,0;193,0;1,1088082901554404;9,284974093264248
HJK;UNIDADE INTERNAÇÃO - CLINICA CIRURGICA;2019,0;11,0;215,0;1461,0;194,0;1,1082474226804124;7,530927835051546
HJK;UNIDADE INTERNAÇÃO - CLINICA CIRURGICA;2019,0;12,0;191,0;1997,0;173,0;1,1040462427745665;11,54335260115607
HJK;UNIDADE INTERNAÇÃO - CLINICA CIRURGICA;2020,0;1,0;191,0;2187,0;163,0;1,1717791411042944;13,417177914110429
HJK;UNIDADE INTERNAÇÃO - CLINICA CIRURGICA;2020,0;2,0;188,0;1827,0;187,0;1,0053475935828877;9,770053475935828
HJK;UNIDADE INTERNAÇÃO - CLINICA CIRURGICA;2020,0;3,0;174,0;2001,0;170,0;1,0235294117647058;11,770588235294118
HJK;UNIDADE INTERNAÇÃO - CLINICA CIRURGICA;2020,0;4,0;158,0;1824,0;104,0;1,5192307692307692;17,53846153846154
HJK;UNIDADE INTERNAÇÃO - CLINICA CIRURGICA;2020,0;5,0;167,0;2679,0;115,0;1,4521739130434783;23,295652173913044
HJK;UNIDADE INTERNAÇÃO - CLINICA CIRURGICA;2020,0;6,0;120,0;1895,0;82,0;1,4634146341463414;23,109756097560975
HJK;UNIDADE INTERNAÇÃO - CLINICA CIRURGICA;2020,0;7,0;114,0;1783,0;98,0;1,163265306122449;18,193877551020407
HJK;UNIDADE INTERNAÇÃO - CLINICA CIRURGICA;2020,0;8,0;179,0;2074,0;88,0;2,034090909090909;23,568181818181817
HJK;UNIDADE INTERNAÇÃO - CLINICA CIRURGICA;2020,0;9,0;171,0;1904,0;127,0;1,3464566929133859;14,992125984251969
HJK;UNIDADE INTERNAÇÃO - CLINICA CIRURGICA;2020,0;10,0;144,0;1956,0;138,0;1,0434782608695652;14,173913043478262
HJK;UNIDADE INTERNAÇÃO - CLINICA CIRURGICA;2020,0;11,0;128,0;1762,0;104,0;1,2307692307692308;16,942307692307693
HJK;UNIDADE INTERNAÇÃO - CLINICA CIRURGICA;2020,0;12,0;161,0;2129,0;99,0;1,6262626262626263;21,505050505050505
HJK;UNIDADE INTERNAÇÃO - CLINICA CIRURGICA;2021,0;1,0;143,0;1775,0;127,0;1,125984251968504;13,976377952755906
HJK;UNIDADE INTERNAÇÃO - CLINICA CIRURGICA;2021,0;2,0;190,0;2183,0;106,0;1,7924528301886793;20,59433962264151
HJK;UNIDADE INTERNAÇÃO - CLINICA CIRURGICA;2021,0;3,0;149,0;1523,0;105,0;1,4190476190476191;14,504761904761905
HJK;UNIDADE INTERNAÇÃO - CLINICA CIRURGICA;2021,0;4,0;14,0;176,0;5,0;2,8;35,2
HJK;UNIDADE INTERNAÇÃO - CLINICA CIRURGICA;2021,0;7,0;64,0;1298,0;28,0;2,2857142857142856;46,357142857142854
HJK;UNIDADE INTERNAÇÃO - CLINICA CIRURGICA;2021,0;8,0;84,0;1308,0;48,0;1,75;27,25
HJK;UNIDADE INTERNAÇÃO - CLINICA CIRURGICA;2021,0;9,0;29,0;576,0;56,0;0,5178571428571429;10,285714285714286
HJK;UNIDADE INTERNAÇÃO - CLINICA CIRURGICA;2021,0;10,0;112,0;1101,0;59,0;1,8983050847457628;18,661016949152543
HJK;UNIDADE INTERNAÇÃO - CLINICA CIRURGICA;2021,0;11,0;147,0;1410,0;58,0;2,5344827586206895;24,310344827586206
HJK;UNIDADE INTERNAÇÃO - CLINICA CIRURGICA;2021,0;12,0;122,0;1461,0;62,0;1,967741935483871;23,56451612903226
HJK;UNIDADE INTERNAÇÃO - CLINICA CIRURGICA;2022,0;1,0;104,0;1464,0;47,0;2,2127659574468086;31,148936170212767
HJK;UNIDADE INTERNAÇÃO - CLINICA CIRURGICA;2022,0;2,0;132,0;1974,0;42,0;3,142857142857143;47,0
HJK;UNIDADE INTERNAÇÃO - CLINICA CIRURGICA;2022,0;3,0;206,0;2266,0;75,0;2,7466666666666666;30,213333333333335
HJK;UNIDADE INTERNAÇÃO - CLINICA CIRURGICA;2022,0;4,0;232,0;3155,0;101,0;2,297029702970297;31,237623762376238
HJK;UNIDADE INTERNAÇÃO - CLINICA CIRURGICA;2022,0;5,0;156,0;1711,0;78,0;2,0;21,935897435897434
HJK;UNIDADE INTERNAÇÃO - CLINICA CIRURGICA;2022,0;6,0;99,0;1091,0;69,0;1,434782608695652;15,81159420289855
HJK;UNIDADE INTERNAÇÃO - CLINICA CIRURGICA;2022,0;7,0;66,0;1041,0;61,0;1,0819672131147542;17,065573770491802
HJK;UNIDADE INTERNAÇÃO - CLINICA CIRURGICA;2022,0;8,0;103,0;1229,0;85,0;1,2117647058823529;14,458823529411765
HJK;UNIDADE INTERNAÇÃO - CLINICA CIRURGICA;2022,0;9,0;88,0;1379,0;83,0;1,0602409638554218;16,6144578313253
HJK;UNIDADE INTERNAÇÃO - CLINICA CIRURGICA;2022,0;10,0;127,0;1356,0;90,0;1,4111111111111112;15,066666666666666
HJK;UNIDADE INTERNAÇÃO - CLINICA CIRURGICA;2022,0;11,0;92,0;1411,0;71,0;1,295774647887324;19,87323943661972
HJK;UNIDADE INTERNAÇÃO - CLINICA CIRURGICA;2022,0;12,0;105,0;1558,0;62,0;1,6935483870967742;25,129032258064516
HJK;UNIDADE INTERNAÇÃO - CLINICA CIRURGICA;2023,0;1,0;121,0;1344,0;77,0;1,5714285714285714;17,454545454545453
HJK;UNIDADE INTERNAÇÃO - CLINICA CIRURGICA;2023,0;2,0;91,0;1276,0;62,0;1,467741935483871;20,580645161290324
HJK;UNIDADE INTERNAÇÃO - CLINICA CIRURGICA;2023,0;3,0;136,0;1606,0;68,0;2,0;23,61764705882353
HJK;UNIDADE INTERNAÇÃO - CLINICA CIRURGICA;2023,0;4,0;111,0;1899,0;72,0;1,5416666666666667;26,375
HJK;UNIDADE INTERNAÇÃO - CLINICA CIRURGICA;2023,0;5,0;120,0;1962,0;89,0;1,348314606741573;22,04494382022472
HJK;UNIDADE INTERNAÇÃO - CLINICA CIRURGICA;2023,0;6,0;116,0;1663,0;82,0;1,4146341463414633;20,28048780487805
HJK;UNIDADE INTERNAÇÃO - CLINICA CIRURGICA;2023,0;7,0;140,0;1892,0;79,0;1,7721518987341771;23,949367088607595
HJK;UNIDADE INTERNAÇÃO - CLINICA CIRURGICA;2023,0;8,0;114,0;1620,0;108,0;1,0555555555555556;15,0
HJK;UNIDADE INTERNAÇÃO - CLINICA CIRURGICA;2023,0;9,0;252,0;2937,0;151,0;1,6688741721854305;19,450331125827816
HJK;UNIDADE INTERNAÇÃO - CLINICA CIRURGICA;2023,0;10,0;198,0;2680,0;131,0;1,5114503816793894;20,458015267175572
HJK;UNIDADE INTERNAÇÃO - CLINICA CIRURGICA;2023,0;11,0;215,0;2617,0;148,0;1,4527027027027026;17,68243243243243
HJK;UNIDADE INTERNAÇÃO - CLINICA CIRURGICA;2023,0;12,0;145,0;1970,0;132,0;1,0984848484848484;14,924242424242424
HJK;UNIDADE INTERNAÇÃO - CLINICA CIRURGICA;2024,0;1,0;252,0;2885,0;141,0;1,7872340425531914;20,46099290780142
HJK;UNIDADE INTERNAÇÃO - CLINICA CIRURGICA;2024,0;2,0;239,0;3489,0;149,0;1,604026845637584;23,416107382550337
HJK;UNIDADE INTERNAÇÃO - CLINICA CIRURGICA;2024,0;3,0;376,0;5540,0;189,0;1,9894179894179893;29,312169312169313
HJK;UNIDADE INTERNAÇÃO - CLINICA CIRURGICA;2024,0;4,0;349,0;5218,0;186,0;1,8763440860215055;28,053763440860216
HJK;UNIDADE INTERNAÇÃO - CLINICA CIRURGICA;2024,0;5,0;235,0;3170,0;168,0;1,3988095238095237;18,86904761904762
HJK;UNIDADE INTERNAÇÃO - CLINICA CIRURGICA;2024,0;6,0;260,0;3678,0;190,0;1,368421052631579;19,357894736842105
HJK;UNIDADE INTERNAÇÃO - CLINICA CIRURGICA;2024,0;7,0;276,0;2801,0;179,0;1,541899441340782;15,64804469273743
HJK;UNIDADE INTERNAÇÃO - CLINICA CIRURGICA;2024,0;8,0;282,0;2967,0;199,0;1,4170854271356783;14,909547738693467
HJK;UNIDADE INTERNAÇÃO - CLINICA CIRURGICA;2024,0;9,0;223,0;2394,0;179,0;1,2458100558659218;13,374301675977653
HJK;UNIDADE INTERNAÇÃO - CLINICA CIRURGICA;2024,0;10,0;234,0;2991,0;209,0;1,1196172248803828;14,311004784688995
HJK;UNIDADE INTERNAÇÃO - CLINICA CIRURGICA;2024,0;11,0;259,0;3198,0;198,0;1,3080808080808082;16,151515151515152
HJK;UNIDADE INTERNAÇÃO - CLINICA CIRURGICA;2024,0;12,0;174,0;2315,0;155,0;1,1225806451612903;14,935483870967742
HJK;UNIDADE INTERNAÇÃO - CLINICA CIRURGICA;2025,0;1,0;220,0;2761,0;164,0;1,3414634146341464;16,835365853658537
HJK;UNIDADE INTERNAÇÃO - CLINICA CIRURGICA;2025,0;2,0;237,0;2879,0;171,0;1,3859649122807018;16,83625730994152
HJK;UNIDADE INTERNAÇÃO - CLINICA CIRURGICA;2025,0;3,0;202,0;2273,0;197,0;1,0253807106598984;11,538071065989847
HJK;UNIDADE INTERNAÇÃO - CLINICA CIRURGICA;2025,0;4,0;193,0;2421,0;135,0;1,4296296296296296;17,933333333333334
HJK;UNIDADE INTERNAÇÃO - CLINICA CIRURGICA;2025,0;5,0;244,0;2864,0;169,0;1,4437869822485208;16,94674556213018
HJK;UNIDADE INTERNAÇÃO - CLINICA CIRURGICA;2025,0;6,0;237,0;3263,0;165,0;1,4363636363636363;19,775757575757577
HJK;UNIDADE INTERNAÇÃO - CLINICA CIRURGICA;2025,0;7,0;226,0;2871,0;164,0;1,3780487804878048;17,50609756097561
HJK;UNIDADE INTERNAÇÃO - CLINICA CIRURGICA;2025,0;8,0;216,0;2468,0;171,0;1,263157894736842;14,432748538011696
HJK;UNIDADE INTERNAÇÃO - CLINICA CIRURGICA;2025,0;9,0;220,0;2464,0;157,0;1,4012738853503184;15,694267515923567
HJK;UNIDADE INTERNAÇÃO - CLINICA CIRURGICA;2025,0;10,0;190,0;1917,0;189,0;1,0052910052910053;10,142857142857142
HJK;UNIDADE INTERNAÇÃO - CLINICA CIRURGICA;2025,0;11,0;208,0;2167,0;152,0;1,368421052631579;14,256578947368421
HJK;UNIDADE INTERNAÇÃO - CLINICA CIRURGICA;2025,0;12,0;215,0;2298,0;168,0;1,2797619047619047;13,678571428571429
HJK;UNIDADE INTERNAÇÃO - CLINICA CIRURGICA;2026,0;1,0;282,0;2728,0;202,0;1,396039603960396;13,504950495049505
HJK;UNIDADE INTERNAÇÃO - CLINICA CIRURGICA;2026,0;2,0;191,0;1817,0;145,0;1,3172413793103448;12,53103448275862
HJK;UNIDADE INTERNAÇÃO - CLINICA MÉDICA;2019,0;1,0;237,0;4670,0;106,0;2,2358490566037736;44,056603773584904
HJK;UNIDADE INTERNAÇÃO - CLINICA MÉDICA;2019,0;2,0;217,0;4421,0;102,0;2,127450980392157;43,34313725490196
HJK;UNIDADE INTERNAÇÃO - CLINICA MÉDICA;2019,0;3,0;273,0;3813,0;131,0;2,0839694656488548;29,106870229007633
HJK;UNIDADE INTERNAÇÃO - CLINICA MÉDICA;2019,0;4,0;240,0;3761,0;137,0;1,7518248175182483;27,452554744525546
HJK;UNIDADE INTERNAÇÃO - CLINICA MÉDICA;2019,0;5,0;345,0;4468,0;133,0;2,593984962406015;33,59398496240601
HJK;UNIDADE INTERNAÇÃO - CLINICA MÉDICA;2019,0;6,0;292,0;4172,0;85,0;3,4352941176470586;49,082352941176474
HJK;UNIDADE INTERNAÇÃO - CLINICA MÉDICA;2019,0;7,0;243,0;4381,0;117,0;2,076923076923077;37,44444444444444
HJK;UNIDADE INTERNAÇÃO - CLINICA MÉDICA;2019,0;8,0;272,0;4551,0;115,0;2,365217391304348;39,573913043478264
HJK;UNIDADE INTERNAÇÃO - CLINICA MÉDICA;2019,0;9,0;280,0;3895,0;116,0;2,413793103448276;33,577586206896555
HJK;UNIDADE INTERNAÇÃO - CLINICA MÉDICA;2019,0;10,0;308,0;4290,0;131,0;2,351145038167939;32,74809160305343
HJK;UNIDADE INTERNAÇÃO - CLINICA MÉDICA;2019,0;11,0;271,0;3593,0;143,0;1,8951048951048952;25,125874125874127
HJK;UNIDADE INTERNAÇÃO - CLINICA MÉDICA;2019,0;12,0;308,0;3539,0;118,0;2,610169491525424;29,991525423728813
HJK;UNIDADE INTERNAÇÃO - CLINICA MÉDICA;2020,0;1,0;279,0;3813,0;128,0;2,1796875;29,7890625
HJK;UNIDADE INTERNAÇÃO - CLINICA MÉDICA;2020,0;2,0;266,0;4172,0;101,0;2,633663366336634;41,306930693069305
HJK;UNIDADE INTERNAÇÃO - CLINICA MÉDICA;2020,0;3,0;277,0;3718,0;138,0;2,0072463768115942;26,942028985507246
HJK;UNIDADE INTERNAÇÃO - CLINICA MÉDICA;2020,0;4,0;334,0;3801,0;114,0;2,9298245614035086;33,3421052631579
HJK;UNIDADE INTERNAÇÃO - CLINICA MÉDICA;2020,0;5,0;362,0;4692,0;135,0;2,6814814814814816;34,75555555555555
HJK;UNIDADE INTERNAÇÃO - CLINICA MÉDICA;2020,0;6,0;157,0;2281,0;87,0;1,8045977011494252;26,2183908045977
HJK;UNIDADE INTERNAÇÃO - CLINICA MÉDICA;2020,0;7,0;445,0;5553,0;79,0;5,632911392405063;70,29113924050633
HJK;UNIDADE INTERNAÇÃO - CLINICA MÉDICA;2020,0;8,0;407,0;4015,0;59,0;6,898305084745763;68,05084745762711
HJK;UNIDADE INTERNAÇÃO - CLINICA MÉDICA;2020,0;9,0;352,0;3807,0;84,0;4,190476190476191;45,32142857142857
HJK;UNIDADE INTERNAÇÃO - CLINICA MÉDICA;2020,0;10,0;264,0;3423,0;102,0;2,588235294117647;33,55882352941177
HJK;UNIDADE INTERNAÇÃO - CLINICA MÉDICA;2020,0;11,0;281,0;3552,0;90,0;3,1222222222222222;39,46666666666667
HJK;UNIDADE INTERNAÇÃO - CLINICA MÉDICA;2020,0;12,0;260,0;3159,0;81,0;3,2098765432098766;39,0
HJK;UNIDADE INTERNAÇÃO - CLINICA MÉDICA;2021,0;1,0;402,0;4409,0;69,0;5,826086956521739;63,89855072463768
HJK;UNIDADE INTERNAÇÃO - CLINICA MÉDICA;2021,0;2,0;293,0;3693,0;47,0;6,23404255319149;78,57446808510639
HJK;UNIDADE INTERNAÇÃO - CLINICA MÉDICA;2021,0;3,0;515,0;6181,0;60,0;8,583333333333334;103,01666666666667
HJK;UNIDADE INTERNAÇÃO - CLINICA MÉDICA;2021,0;4,0;312,0;4609,0;96,0;3,25;48,010416666666664
HJK;UNIDADE INTERNAÇÃO - CLINICA MÉDICA;2021,0;5,0;284,0;3470,0;88,0;3,227272727272727;39,43181818181818
HJK;UNIDADE INTERNAÇÃO - CLINICA MÉDICA;2021,0;6,0;274,0;3674,0;102,0;2,6862745098039214;36,01960784313726
HJK;UNIDADE INTERNAÇÃO - CLINICA MÉDICA;2021,0;7,0;320,0;4219,0;80,0;4,0;52,7375
HJK;UNIDADE INTERNAÇÃO - CLINICA MÉDICA;2021,0;8,0;346,0;3816,0;72,0;4,805555555555555;53,0
HJK;UNIDADE INTERNAÇÃO - CLINICA MÉDICA;2021,0;9,0;200,0;1871,0;43,0;4,651162790697675;43,51162790697674
HJK;UNIDADE INTERNAÇÃO - CLINICA MÉDICA;2021,0;10,0;307,0;3315,0;83,0;3,6987951807228914;39,93975903614458
HJK;UNIDADE INTERNAÇÃO - CLINICA MÉDICA;2021,0;11,0;359,0;4124,0;94,0;3,8191489361702127;43,87234042553192
HJK;UNIDADE INTERNAÇÃO - CLINICA MÉDICA;2021,0;12,0;379,0;4929,0;105,0;3,6095238095238096;46,94285714285714
HJK;UNIDADE INTERNAÇÃO - CLINICA MÉDICA;2022,0;1,0;322,0;4188,0;113,0;2,849557522123894;37,06194690265487
HJK;UNIDADE INTERNAÇÃO - CLINICA MÉDICA;2022,0;2,0;124,0;1769,0;44,0;2,8181818181818183;40,20454545454545
HJK;UNIDADE INTERNAÇÃO - CLINICA MÉDICA;2022,0;3,0;210,0;2413,0;57,0;3,6842105263157894;42,333333333333336
HJK;UNIDADE INTERNAÇÃO - CLINICA MÉDICA;2022,0;4,0;297,0;3624,0;95,0;3,126315789473684;38,14736842105263
HJK;UNIDADE INTERNAÇÃO - CLINICA MÉDICA;2022,0;5,0;379,0;3968,0;101,0;3,7524752475247523;39,28712871287129
HJK;UNIDADE INTERNAÇÃO - CLINICA MÉDICA;2022,0;6,0;383,0;4434,0;101,0;3,792079207920792;43,9009900990099
HJK;UNIDADE INTERNAÇÃO - CLINICA MÉDICA;2022,0;7,0;429,0;6033,0;106,0;4,047169811320755;56,91509433962264
HJK;UNIDADE INTERNAÇÃO - CLINICA MÉDICA;2022,0;8,0;308,0;4137,0;97,0;3,1752577319587627;42,649484536082475
HJK;UNIDADE INTERNAÇÃO - CLINICA MÉDICA;2022,0;9,0;352,0;4512,0;116,0;3,0344827586206895;38,89655172413793
HJK;UNIDADE INTERNAÇÃO - CLINICA MÉDICA;2022,0;10,0;315,0;3626,0;120,0;2,625;30,216666666666665
HJK;UNIDADE INTERNAÇÃO - CLINICA MÉDICA;2022,0;11,0;226,0;4641,0;100,0;2,26;46,41
HJK;UNIDADE INTERNAÇÃO - CLINICA MÉDICA;2022,0;12,0;308,0;4483,0;106,0;2,9056603773584904;42,29245283018868
HJK;UNIDADE INTERNAÇÃO - CLINICA MÉDICA;2023,0;1,0;249,0;4232,0;122,0;2,040983606557377;34,68852459016394
HJK;UNIDADE INTERNAÇÃO - CLINICA MÉDICA;2023,0;2,0;263,0;4193,0;115,0;2,2869565217391306;36,46086956521739
HJK;UNIDADE INTERNAÇÃO - CLINICA MÉDICA;2023,0;3,0;321,0;4459,0;125,0;2,568;35,672
HJK;UNIDADE INTERNAÇÃO - CLINICA MÉDICA;2023,0;4,0;306,0;5471,0;110,0;2,7818181818181817;49,736363636363635
HJK;UNIDADE INTERNAÇÃO - CLINICA MÉDICA;2023,0;5,0;422,0;5645,0;102,0;4,137254901960785;55,34313725490196
HJK;UNIDADE INTERNAÇÃO - CLINICA MÉDICA;2023,0;6,0;402,0;6181,0;114,0;3,526315789473684;54,219298245614034
HJK;UNIDADE INTERNAÇÃO - CLINICA MÉDICA;2023,0;7,0;343,0;5405,0;107,0;3,205607476635514;50,51401869158879
HJK;UNIDADE INTERNAÇÃO - CLINICA MÉDICA;2023,0;8,0;343,0;6580,0;111,0;3,09009009009009;59,27927927927928
HJK;UNIDADE INTERNAÇÃO - CLINICA MÉDICA;2023,0;9,0;367,0;6039,0;102,0;3,5980392156862746;59,205882352941174
HJK;UNIDADE INTERNAÇÃO - CLINICA MÉDICA;2023,0;10,0;293,0;5206,0;104,0;2,8173076923076925;50,05769230769231
HJK;UNIDADE INTERNAÇÃO - CLINICA MÉDICA;2023,0;11,0;307,0;5819,0;115,0;2,6695652173913045;50,6
HJK;UNIDADE INTERNAÇÃO - CLINICA MÉDICA;2023,0;12,0;348,0;6204,0;116,0;3,0;53,48275862068966
HJK;UNIDADE INTERNAÇÃO - CLINICA MÉDICA;2024,0;1,0;377,0;7077,0;119,0;3,168067226890756;59,470588235294116
HJK;UNIDADE INTERNAÇÃO - CLINICA MÉDICA;2024,0;2,0;393,0;6627,0;126,0;3,119047619047619;52,595238095238095
HJK;UNIDADE INTERNAÇÃO - CLINICA MÉDICA;2024,0;3,0;363,0;5456,0;127,0;2,858267716535433;42,960629921259844
HJK;UNIDADE INTERNAÇÃO - CLINICA MÉDICA;2024,0;4,0;346,0;4935,0;120,0;2,8833333333333333;41,125
HJK;UNIDADE INTERNAÇÃO - CLINICA MÉDICA;2024,0;5,0;340,0;5048,0;134,0;2,537313432835821;37,67164179104478
HJK;UNIDADE INTERNAÇÃO - CLINICA MÉDICA;2024,0;6,0;278,0;5189,0;133,0;2,0902255639097747;39,015037593984964
HJK;UNIDADE INTERNAÇÃO - CLINICA MÉDICA;2024,0;7,0;517,0;8121,0;137,0;3,7737226277372264;59,277372262773724
HJK;UNIDADE INTERNAÇÃO - CLINICA MÉDICA;2024,0;8,0;432,0;7456,0;115,0;3,756521739130435;64,83478260869565
HJK;UNIDADE INTERNAÇÃO - CLINICA MÉDICA;2024,0;9,0;386,0;6329,0;123,0;3,138211382113821;51,45528455284553
HJK;UNIDADE INTERNAÇÃO - CLINICA MÉDICA;2024,0;10,0;416,0;7257,0;143,0;2,909090909090909;50,74825174825175
HJK;UNIDADE INTERNAÇÃO - CLINICA MÉDICA;2024,0;11,0;382,0;6664,0;147,0;2,598639455782313;45,333333333333336
HJK;UNIDADE INTERNAÇÃO - CLINICA MÉDICA;2024,0;12,0;442,0;8054,0;148,0;2,9864864864864864;54,41891891891892
HJK;UNIDADE INTERNAÇÃO - CLINICA MÉDICA;2025,0;1,0;350,0;6435,0;118,0;2,9661016949152543;54,53389830508475
HJK;UNIDADE INTERNAÇÃO - CLINICA MÉDICA;2025,0;2,0;381,0;6080,0;117,0;3,2564102564102564;51,965811965811966
HJK;UNIDADE INTERNAÇÃO - CLINICA MÉDICA;2025,0;3,0;325,0;5024,0;121,0;2,6859504132231407;41,52066115702479
HJK;UNIDADE INTERNAÇÃO - CLINICA MÉDICA;2025,0;4,0;369,0;6637,0;135,0;2,7333333333333334;49,162962962962965
HJK;UNIDADE INTERNAÇÃO - CLINICA MÉDICA;2025,0;5,0;323,0;5900,0;102,0;3,1666666666666665;57,84313725490196
HJK;UNIDADE INTERNAÇÃO - CLINICA MÉDICA;2025,0;6,0;338,0;6073,0;118,0;2,864406779661017;51,46610169491525
HJK;UNIDADE INTERNAÇÃO - CLINICA MÉDICA;2025,0;7,0;391,0;6662,0;142,0;2,7535211267605635;46,91549295774648
HJK;UNIDADE INTERNAÇÃO - CLINICA MÉDICA;2025,0;8,0;392,0;7977,0;147,0;2,6666666666666665;54,265306122448976
HJK;UNIDADE INTERNAÇÃO - CLINICA MÉDICA;2025,0;9,0;393,0;5589,0;119,0;3,302521008403361;46,96638655462185
HJK;UNIDADE INTERNAÇÃO - CLINICA MÉDICA;2025,0;10,0;406,0;6311,0;130,0;3,123076923076923;48,54615384615385
HJK;UNIDADE INTERNAÇÃO - CLINICA MÉDICA;2025,0;11,0;345,0;7532,0;125,0;2,76;60,256
HJK;UNIDADE INTERNAÇÃO - CLINICA MÉDICA;2025,0;12,0;349,0;6950,0;165,0;2,1151515151515152;42,121212121212125
HJK;UNIDADE INTERNAÇÃO - CLINICA MÉDICA;2026,0;1,0;294,0;5771,0;112,0;2,625;51,526785714285715
HJK;UNIDADE INTERNAÇÃO - CLINICA MÉDICA;2026,0;2,0;263,0;4128,0;89,0;2,955056179775281;46,38202247191011
HJK;UNIDADE INTERNAÇÃO - CLINICA PNEUMOLOGICA;2019,0;1,0;204,0;2906,0;87,0;2,3448275862068964;33,40229885057471
HJK;UNIDADE INTERNAÇÃO - CLINICA PNEUMOLOGICA;2019,0;2,0;181,0;2588,0;84,0;2,1547619047619047;30,80952380952381
HJK;UNIDADE INTERNAÇÃO - CLINICA PNEUMOLOGICA;2019,0;3,0;184,0;2091,0;98,0;1,8775510204081634;21,336734693877553
HJK;UNIDADE INTERNAÇÃO - CLINICA PNEUMOLOGICA;2019,0;4,0;203,0;2259,0;90,0;2,2555555555555555;25,1
HJK;UNIDADE INTERNAÇÃO - CLINICA PNEUMOLOGICA;2019,0;5,0;256,0;2832,0;112,0;2,2857142857142856;25,285714285714285
HJK;UNIDADE INTERNAÇÃO - CLINICA PNEUMOLOGICA;2019,0;6,0;215,0;2557,0;93,0;2,3118279569892475;27,49462365591398
HJK;UNIDADE INTERNAÇÃO - CLINICA PNEUMOLOGICA;2019,0;7,0;265,0;3044,0;94,0;2,8191489361702127;32,38297872340426
HJK;UNIDADE INTERNAÇÃO - CLINICA PNEUMOLOGICA;2019,0;8,0;224,0;2872,0;95,0;2,357894736842105;30,231578947368423
HJK;UNIDADE INTERNAÇÃO - CLINICA PNEUMOLOGICA;2019,0;9,0;174,0;1968,0;101,0;1,7227722772277227;19,485148514851485
HJK;UNIDADE INTERNAÇÃO - CLINICA PNEUMOLOGICA;2019,0;10,0;216,0;2297,0;115,0;1,8782608695652174;19,973913043478262
HJK;UNIDADE INTERNAÇÃO - CLINICA PNEUMOLOGICA;2019,0;11,0;217,0;2256,0;94,0;2,3085106382978724;24,0
HJK;UNIDADE INTERNAÇÃO - CLINICA PNEUMOLOGICA;2019,0;12,0;202,0;2959,0;110,0;1,8363636363636364;26,9
HJK;UNIDADE INTERNAÇÃO - CLINICA PNEUMOLOGICA;2020,0;1,0;226,0;2440,0;99,0;2,282828282828283;24,646464646464647
HJK;UNIDADE INTERNAÇÃO - CLINICA PNEUMOLOGICA;2020,0;2,0;165,0;2420,0;73,0;2,26027397260274;33,15068493150685
HJK;UNIDADE INTERNAÇÃO - CLINICA PNEUMOLOGICA;2020,0;3,0;177,0;2648,0;124,0;1,4274193548387097;21,35483870967742
HJK;UNIDADE INTERNAÇÃO - CLINICA PNEUMOLOGICA;2020,0;4,0;92,0;1095,0;40,0;2,3;27,375
HJK;UNIDADE INTERNAÇÃO - CLINICA PNEUMOLOGICA;2020,0;5,0;188,0;2154,0;91,0;2,065934065934066;23,67032967032967
HJK;UNIDADE INTERNAÇÃO - CLINICA PNEUMOLOGICA;2020,0;6,0;146,0;1955,0;71,0;2,056338028169014;27,535211267605632
HJK;UNIDADE INTERNAÇÃO - CLINICA PNEUMOLOGICA;2020,0;7,0;220,0;3961,0;126,0;1,746031746031746;31,436507936507937
HJK;UNIDADE INTERNAÇÃO - CLINICA PNEUMOLOGICA;2020,0;8,0;121,0;2024,0;83,0;1,4578313253012047;24,3855421686747
HJK;UNIDADE INTERNAÇÃO - CLINICA PNEUMOLOGICA;2020,0;9,0;211,0;3154,0;84,0;2,511904761904762;37,54761904761905
HJK;UNIDADE INTERNAÇÃO - CLINICA PNEUMOLOGICA;2020,0;10,0;248,0;3233,0;81,0;3,0617283950617282;39,91358024691358
HJK;UNIDADE INTERNAÇÃO - CLINICA PNEUMOLOGICA;2020,0;11,0;314,0;3899,0;74,0;4,243243243243243;52,689189189189186
HJK;UNIDADE INTERNAÇÃO - CLINICA PNEUMOLOGICA;2020,0;12,0;314,0;3742,0;106,0;2,9622641509433962;35,301886792452834
HJK;UNIDADE INTERNAÇÃO - CLINICA PNEUMOLOGICA;2021,0;1,0;216,0;3178,0;104,0;2,076923076923077;30,557692307692307
HJK;UNIDADE INTERNAÇÃO - CLINICA PNEUMOLOGICA;2021,0;2,0;153,0;1954,0;74,0;2,0675675675675675;26,405405405405407
HJK;UNIDADE INTERNAÇÃO - CLINICA PNEUMOLOGICA;2021,0;3,0;217,0;3411,0;127,0;1,7086614173228347;26,858267716535433
HJK;UNIDADE INTERNAÇÃO - CLINICA PNEUMOLOGICA;2021,0;4,0;249,0;4138,0;127,0;1,9606299212598426;32,58267716535433
HJK;UNIDADE INTERNAÇÃO - CLINICA PNEUMOLOGICA;2021,0;5,0;228,0;4447,0;82,0;2,7804878048780486;54,23170731707317
HJK;UNIDADE INTERNAÇÃO - CLINICA PNEUMOLOGICA;2021,0;6,0;203,0;3841,0;103,0;1,970873786407767;37,29126213592233
HJK;UNIDADE INTERNAÇÃO - CLINICA PNEUMOLOGICA;2021,0;7,0;224,0;4022,0;131,0;1,7099236641221374;30,702290076335878
HJK;UNIDADE INTERNAÇÃO - CLINICA PNEUMOLOGICA;2021,0;8,0;121,0;1984,0;71,0;1,704225352112676;27,943661971830984
HJK;UNIDADE INTERNAÇÃO - CLINICA PNEUMOLOGICA;2021,0;9,0;64,0;721,0;22,0;2,909090909090909;32,77272727272727
HJK;UNIDADE INTERNAÇÃO - CLINICA PNEUMOLOGICA;2021,0;10,0;130,0;1879,0;35,0;3,7142857142857144;53,68571428571428
HJK;UNIDADE INTERNAÇÃO - CLINICA PNEUMOLOGICA;2021,0;11,0;271,0;2992,0;83,0;3,2650602409638556;36,04819277108434
HJK;UNIDADE INTERNAÇÃO - CLINICA PNEUMOLOGICA;2021,0;12,0;314,0;3873,0;92,0;3,4130434782608696;42,09782608695652
HJK;UNIDADE INTERNAÇÃO - CLINICA PNEUMOLOGICA;2022,0;1,0;322,0;4373,0;111,0;2,900900900900901;39,3963963963964
HJK;UNIDADE INTERNAÇÃO - CLINICA PNEUMOLOGICA;2022,0;2,0;195,0;2448,0;68,0;2,8676470588235294;36,0
HJK;UNIDADE INTERNAÇÃO - CLINICA PNEUMOLOGICA;2022,0;3,0;142,0;1451,0;38,0;3,736842105263158;38,18421052631579
HJK;UNIDADE INTERNAÇÃO - CLINICA PNEUMOLOGICA;2022,0;4,0;282,0;3327,0;79,0;3,569620253164557;42,11392405063291
HJK;UNIDADE INTERNAÇÃO - CLINICA PNEUMOLOGICA;2022,0;5,0;348,0;3534,0;103,0;3,378640776699029;34,310679611650485
HJK;UNIDADE INTERNAÇÃO - CLINICA PNEUMOLOGICA;2022,0;6,0;318,0;3646,0;103,0;3,087378640776699;35,398058252427184
HJK;UNIDADE INTERNAÇÃO - CLINICA PNEUMOLOGICA;2022,0;7,0;324,0;3984,0;81,0;4,0;49,18518518518518
HJK;UNIDADE INTERNAÇÃO - CLINICA PNEUMOLOGICA;2022,0;8,0;208,0;2768,0;94,0;2,2127659574468086;29,4468085106383
HJK;UNIDADE INTERNAÇÃO - CLINICA PNEUMOLOGICA;2022,0;9,0;205,0;2650,0;99,0;2,0707070707070705;26,767676767676768
HJK;UNIDADE INTERNAÇÃO - CLINICA PNEUMOLOGICA;2022,0;10,0;221,0;3288,0;119,0;1,8571428571428572;27,630252100840337
HJK;UNIDADE INTERNAÇÃO - CLINICA PNEUMOLOGICA;2022,0;11,0;187,0;3035,0;92,0;2,032608695652174;32,98913043478261
HJK;UNIDADE INTERNAÇÃO - CLINICA PNEUMOLOGICA;2022,0;12,0;248,0;2951,0;102,0;2,4313725490196076;28,931372549019606
HJK;UNIDADE INTERNAÇÃO - CLINICA PNEUMOLOGICA;2023,0;1,0;216,0;3244,0;81,0;2,6666666666666665;40,04938271604938
HJK;UNIDADE INTERNAÇÃO - CLINICA PNEUMOLOGICA;2023,0;2,0;268,0;3768,0;100,0;2,68;37,68
HJK;UNIDADE INTERNAÇÃO - CLINICA PNEUMOLOGICA;2023,0;3,0;266,0;3653,0;110,0;2,418181818181818;33,20909090909091
HJK;UNIDADE INTERNAÇÃO - CLINICA PNEUMOLOGICA;2023,0;4,0;206,0;3659,0;104,0;1,9807692307692308;35,18269230769231
HJK;UNIDADE INTERNAÇÃO - CLINICA PNEUMOLOGICA;2023,0;5,0;238,0;3125,0;111,0;2,144144144144144;28,153153153153152
HJK;UNIDADE INTERNAÇÃO - CLINICA PNEUMOLOGICA;2023,0;6,0;233,0;3097,0;110,0;2,118181818181818;28,154545454545456
HJK;UNIDADE INTERNAÇÃO - CLINICA PNEUMOLOGICA;2023,0;7,0;265,0;3950,0;113,0;2,3451327433628317;34,95575221238938
HJK;UNIDADE INTERNAÇÃO - CLINICA PNEUMOLOGICA;2023,0;8,0;251,0;3317,0;123,0;2,040650406504065;26,96747967479675
HJK;UNIDADE INTERNAÇÃO - CLINICA PNEUMOLOGICA;2023,0;9,0;201,0;2548,0;111,0;1,8108108108108107;22,954954954954953
HJK;UNIDADE INTERNAÇÃO - CLINICA PNEUMOLOGICA;2023,0;10,0;259,0;3202,0;115,0;2,252173913043478;27,843478260869563
HJK;UNIDADE INTERNAÇÃO - CLINICA PNEUMOLOGICA;2023,0;11,0;258,0;3973,0;87,0;2,9655172413793105;45,666666666666664
HJK;UNIDADE INTERNAÇÃO - CLINICA PNEUMOLOGICA;2023,0;12,0;281,0;3911,0;114,0;2,4649122807017543;34,30701754385965
HJK;UNIDADE INTERNAÇÃO - CLINICA PNEUMOLOGICA;2024,0;1,0;244,0;3736,0;112,0;2,1785714285714284;33,357142857142854
HJK;UNIDADE INTERNAÇÃO - CLINICA PNEUMOLOGICA;2024,0;2,0;245,0;3379,0;110,0;2,227272727272727;30,71818181818182
HJK;UNIDADE INTERNAÇÃO - CLINICA PNEUMOLOGICA;2024,0;3,0;279,0;3817,0;106,0;2,6320754716981134;36,009433962264154
HJK;UNIDADE INTERNAÇÃO - CLINICA PNEUMOLOGICA;2024,0;4,0;222,0;3638,0;117,0;1,8974358974358974;31,094017094017094
HJK;UNIDADE INTERNAÇÃO - CLINICA PNEUMOLOGICA;2024,0;5,0;221,0;3895,0;122,0;1,8114754098360655;31,92622950819672
HJK;UNIDADE INTERNAÇÃO - CLINICA PNEUMOLOGICA;2024,0;6,0;243,0;3517,0;120,0;2,025;29,308333333333334
HJK;UNIDADE INTERNAÇÃO - CLINICA PNEUMOLOGICA;2024,0;7,0;273,0;4243,0;105,0;2,6;40,40952380952381
HJK;UNIDADE INTERNAÇÃO - CLINICA PNEUMOLOGICA;2024,0;8,0;298,0;4078,0;129,0;2,310077519379845;31,612403100775193
HJK;UNIDADE INTERNAÇÃO - CLINICA PNEUMOLOGICA;2024,0;9,0;204,0;3147,0;112,0;1,8214285714285714;28,098214285714285
HJK;UNIDADE INTERNAÇÃO - CLINICA PNEUMOLOGICA;2024,0;10,0;203,0;2812,0;115,0;1,7652173913043478;24,452173913043477
HJK;UNIDADE INTERNAÇÃO - CLINICA PNEUMOLOGICA;2024,0;11,0;266,0;3540,0;134,0;1,9850746268656716;26,417910447761194
HJK;UNIDADE INTERNAÇÃO - CLINICA PNEUMOLOGICA;2024,0;12,0;301,0;3913,0;135,0;2,22962962962963;28,985185185185184
HJK;UNIDADE INTERNAÇÃO - CLINICA PNEUMOLOGICA;2025,0;1,0;268,0;3853,0;113,0;2,3716814159292037;34,097345132743364
HJK;UNIDADE INTERNAÇÃO - CLINICA PNEUMOLOGICA;2025,0;2,0;201,0;3274,0;94,0;2,1382978723404253;34,829787234042556
HJK;UNIDADE INTERNAÇÃO - CLINICA PNEUMOLOGICA;2025,0;3,0;252,0;3897,0;109,0;2,311926605504587;35,75229357798165
HJK;UNIDADE INTERNAÇÃO - CLINICA PNEUMOLOGICA;2025,0;4,0;313,0;4182,0;124,0;2,524193548387097;33,725806451612904
HJK;UNIDADE INTERNAÇÃO - CLINICA PNEUMOLOGICA;2025,0;5,0;276,0;4104,0;122,0;2,262295081967213;33,63934426229508
HJK;UNIDADE INTERNAÇÃO - CLINICA PNEUMOLOGICA;2025,0;6,0;263,0;3829,0;118,0;2,2288135593220337;32,44915254237288
HJK;UNIDADE INTERNAÇÃO - CLINICA PNEUMOLOGICA;2025,0;7,0;282,0;3602,0;128,0;2,203125;28,140625
HJK;UNIDADE INTERNAÇÃO - CLINICA PNEUMOLOGICA;2025,0;8,0;230,0;3599,0;117,0;1,9658119658119657;30,76068376068376
HJK;UNIDADE INTERNAÇÃO - CLINICA PNEUMOLOGICA;2025,0;9,0;252,0;3845,0;130,0;1,9384615384615385;29,576923076923077
HJK;UNIDADE INTERNAÇÃO - CLINICA PNEUMOLOGICA;2025,0;10,0;231,0;4133,0;114,0;2,026315789473684;36,25438596491228
HJK;UNIDADE INTERNAÇÃO - CLINICA PNEUMOLOGICA;2025,0;11,0;244,0;3907,0;111,0;2,1981981981981984;35,1981981981982
HJK;UNIDADE INTERNAÇÃO - CLINICA PNEUMOLOGICA;2025,0;12,0;232,0;4544,0;104,0;2,230769230769231;43,69230769230769
HJK;UNIDADE INTERNAÇÃO - CLINICA PNEUMOLOGICA;2026,0;1,0;265,0;4375,0;112,0;2,3660714285714284;39,0625
HJK;UNIDADE INTERNAÇÃO - CLINICA PNEUMOLOGICA;2026,0;2,0;237,0;2980,0;86,0;2,755813953488372;34,651162790697676
HJK;UNIDADE INTERNAÇÃO - CLINICA TISIOLÓGICA;2019,0;1,0;53,0;1498,0;18,0;2,9444444444444446;83,22222222222223
HJK;UNIDADE INTERNAÇÃO - CLINICA TISIOLÓGICA;2019,0;2,0;55,0;1399,0;25,0;2,2;55,96
HJK;UNIDADE INTERNAÇÃO - CLINICA TISIOLÓGICA;2019,0;3,0;39,0;701,0;24,0;1,625;29,208333333333332
HJK;UNIDADE INTERNAÇÃO - CLINICA TISIOLÓGICA;2019,0;4,0;78,0;1493,0;15,0;5,2;99,53333333333333
HJK;UNIDADE INTERNAÇÃO - CLINICA TISIOLÓGICA;2019,0;5,0;79,0;1544,0;15,0;5,266666666666667;102,93333333333334
HJK;UNIDADE INTERNAÇÃO - CLINICA TISIOLÓGICA;2019,0;6,0;68,0;1421,0;17,0;4,0;83,58823529411765
HJK;UNIDADE INTERNAÇÃO - CLINICA TISIOLÓGICA;2019,0;7,0;49,0;1191,0;20,0;2,45;59,55
HJK;UNIDADE INTERNAÇÃO - CLINICA TISIOLÓGICA;2019,0;8,0;55,0;1361,0;16,0;3,4375;85,0625
HJK;UNIDADE INTERNAÇÃO - CLINICA TISIOLÓGICA;2019,0;9,0;54,0;1063,0;18,0;3,0;59,05555555555556
HJK;UNIDADE INTERNAÇÃO - CLINICA TISIOLÓGICA;2019,0;10,0;53,0;1095,0;22,0;2,409090909090909;49,77272727272727
HJK;UNIDADE INTERNAÇÃO - CLINICA TISIOLÓGICA;2019,0;11,0;58,0;981,0;25,0;2,32;39,24
HJK;UNIDADE INTERNAÇÃO - CLINICA TISIOLÓGICA;2019,0;12,0;76,0;1415,0;24,0;3,1666666666666665;58,958333333333336
HJK;UNIDADE INTERNAÇÃO - CLINICA TISIOLÓGICA;2020,0;1,0;57,0;988,0;22,0;2,590909090909091;44,90909090909091
HJK;UNIDADE INTERNAÇÃO - CLINICA TISIOLÓGICA;2020,0;2,0;48,0;739,0;16,0;3,0;46,1875
HJK;UNIDADE INTERNAÇÃO - CLINICA TISIOLÓGICA;2020,0;3,0;56,0;1129,0;11,0;5,090909090909091;102,63636363636364
HJK;UNIDADE INTERNAÇÃO - CLINICA TISIOLÓGICA;2020,0;4,0;58,0;1007,0;21,0;2,761904761904762;47,95238095238095
HJK;UNIDADE INTERNAÇÃO - CLINICA TISIOLÓGICA;2020,0;5,0;55,0;930,0;12,0;4,583333333333333;77,5
HJK;UNIDADE INTERNAÇÃO - CLINICA TISIOLÓGICA;2020,0;6,0;65,0;1343,0;13,0;5,0;103,3076923076923
HJK;UNIDADE INTERNAÇÃO - CLINICA TISIOLÓGICA;2020,0;7,0;40,0;671,0;19,0;2,1052631578947367;35,31578947368421
HJK;UNIDADE INTERNAÇÃO - CLINICA TISIOLÓGICA;2020,0;8,0;43,0;842,0;13,0;3,3076923076923075;64,76923076923077
HJK;UNIDADE INTERNAÇÃO - CLINICA TISIOLÓGICA;2020,0;9,0;53,0;1264,0;12,0;4,416666666666667;105,33333333333333
HJK;UNIDADE INTERNAÇÃO - CLINICA TISIOLÓGICA;2020,0;10,0;44,0;1242,0;10,0;4,4;124,2
HJK;UNIDADE INTERNAÇÃO - CLINICA TISIOLÓGICA;2020,0;11,0;44,0;879,0;13,0;3,3846153846153846;67,61538461538461
HJK;UNIDADE INTERNAÇÃO - CLINICA TISIOLÓGICA;2020,0;12,0;35,0;879,0;17,0;2,0588235294117645;51,705882352941174
HJK;UNIDADE INTERNAÇÃO - CLINICA TISIOLÓGICA;2021,0;1,0;56,0;1184,0;16,0;3,5;74,0
HJK;UNIDADE INTERNAÇÃO - CLINICA TISIOLÓGICA;2021,0;2,0;51,0;1214,0;13,0;3,923076923076923;93,38461538461539
HJK;UNIDADE INTERNAÇÃO - CLINICA TISIOLÓGICA;2021,0;3,0;76,0;1319,0;53,0;1,4339622641509433;24,88679245283019
HJK;UNIDADE INTERNAÇÃO - CLINICA TISIOLÓGICA;2021,0;4,0;90,0;1474,0;79,0;1,139240506329114;18,658227848101266
HJK;UNIDADE INTERNAÇÃO - CLINICA TISIOLÓGICA;2021,0;5,0;109,0;1690,0;75,0;1,4533333333333334;22,533333333333335
HJK;UNIDADE INTERNAÇÃO - CLINICA TISIOLÓGICA;2021,0;6,0;110,0;1916,0;69,0;1,5942028985507246;27,768115942028984
HJK;UNIDADE INTERNAÇÃO - CLINICA TISIOLÓGICA;2021,0;7,0;39,0;754,0;14,0;2,7857142857142856;53,857142857142854
HJK;UNIDADE INTERNAÇÃO - CLINICA TISIOLÓGICA;2021,0;8,0;43,0;961,0;11,0;3,909090909090909;87,36363636363636
HJK;UNIDADE INTERNAÇÃO - CLINICA TISIOLÓGICA;2021,0;9,0;82,0;1473,0;18,0;4,555555555555555;81,83333333333333
HJK;UNIDADE INTERNAÇÃO - CLINICA TISIOLÓGICA;2021,0;10,0;69,0;936,0;19,0;3,6315789473684212;49,26315789473684
HJK;UNIDADE INTERNAÇÃO - CLINICA TISIOLÓGICA;2021,0;11,0;77,0;1787,0;20,0;3,85;89,35
HJK;UNIDADE INTERNAÇÃO - CLINICA TISIOLÓGICA;2021,0;12,0;91,0;1421,0;26,0;3,5;54,65384615384615
HJK;UNIDADE INTERNAÇÃO - CLINICA TISIOLÓGICA;2022,0;1,0;80,0;1477,0;28,0;2,857142857142857;52,75
HJK;UNIDADE INTERNAÇÃO - CLINICA TISIOLÓGICA;2022,0;2,0;79,0;1389,0;23,0;3,4347826086956523;60,391304347826086
HJK;UNIDADE INTERNAÇÃO - CLINICA TISIOLÓGICA;2022,0;3,0;62,0;1132,0;15,0;4,133333333333334;75,46666666666667
HJK;UNIDADE INTERNAÇÃO - CLINICA TISIOLÓGICA;2022,0;4,0;42,0;846,0;12,0;3,5;70,5
HJK;UNIDADE INTERNAÇÃO - CLINICA TISIOLÓGICA;2022,0;5,0;43,0;954,0;24,0;1,7916666666666667;39,75
HJK;UNIDADE INTERNAÇÃO - CLINICA TISIOLÓGICA;2022,0;6,0;65,0;941,0;15,0;4,333333333333333;62,733333333333334
HJK;UNIDADE INTERNAÇÃO - CLINICA TISIOLÓGICA;2022,0;7,0;60,0;1162,0;18,0;3,3333333333333335;64,55555555555556
HJK;UNIDADE INTERNAÇÃO - CLINICA TISIOLÓGICA;2022,0;8,0;62,0;1429,0;15,0;4,133333333333334;95,26666666666667
HJK;UNIDADE INTERNAÇÃO - CLINICA TISIOLÓGICA;2022,0;9,0;53,0;1305,0;17,0;3,1176470588235294;76,76470588235294
HJK;UNIDADE INTERNAÇÃO - CLINICA TISIOLÓGICA;2022,0;10,0;44,0;1267,0;21,0;2,0952380952380953;60,333333333333336
HJK;UNIDADE INTERNAÇÃO - CLINICA TISIOLÓGICA;2022,0;11,0;60,0;1391,0;13,0;4,615384615384615;107,0
HJK;UNIDADE INTERNAÇÃO - CLINICA TISIOLÓGICA;2022,0;12,0;57,0;1198,0;25,0;2,28;47,92
HJK;UNIDADE INTERNAÇÃO - CLINICA TISIOLÓGICA;2023,0;1,0;54,0;934,0;20,0;2,7;46,7
HJK;UNIDADE INTERNAÇÃO - CLINICA TISIOLÓGICA;2023,0;2,0;31,0;988,0;17,0;1,8235294117647058;58,11764705882353
HJK;UNIDADE INTERNAÇÃO - CLINICA TISIOLÓGICA;2023,0;3,0;84,0;1990,0;28,0;3,0;71,07142857142857
HJK;UNIDADE INTERNAÇÃO - CLINICA TISIOLÓGICA;2023,0;4,0;82,0;1829,0;22,0;3,727272727272727;83,13636363636364
HJK;UNIDADE INTERNAÇÃO - CLINICA TISIOLÓGICA;2023,0;5,0;69,0;1725,0;22,0;3,1363636363636362;78,4090909090909
HJK;UNIDADE INTERNAÇÃO - CLINICA TISIOLÓGICA;2023,0;6,0;91,0;1688,0;17,0;5,352941176470588;99,29411764705883
HJK;UNIDADE INTERNAÇÃO - CLINICA TISIOLÓGICA;2023,0;7,0;90,0;2187,0;19,0;4,7368421052631575;115,10526315789474
HJK;UNIDADE INTERNAÇÃO - CLINICA TISIOLÓGICA;2023,0;8,0;68,0;1585,0;31,0;2,193548387096774;51,12903225806452
HJK;UNIDADE INTERNAÇÃO - CLINICA TISIOLÓGICA;2023,0;9,0;82,0;1994,0;14,0;5,857142857142857;142,42857142857142
HJK;UNIDADE INTERNAÇÃO - CLINICA TISIOLÓGICA;2023,0;10,0;95,0;2274,0;25,0;3,8;90,96
HJK;UNIDADE INTERNAÇÃO - CLINICA TISIOLÓGICA;2023,0;11,0;82,0;1775,0;33,0;2,484848484848485;53,78787878787879
HJK;UNIDADE INTERNAÇÃO - CLINICA TISIOLÓGICA;2023,0;12,0;66,0;2151,0;20,0;3,3;107,55
HJK;UNIDADE INTERNAÇÃO - CLINICA TISIOLÓGICA;2024,0;1,0;82,0;2024,0;24,0;3,4166666666666665;84,33333333333333
HJK;UNIDADE INTERNAÇÃO - CLINICA TISIOLÓGICA;2024,0;2,0;79,0;1639,0;25,0;3,16;65,56
HJK;UNIDADE INTERNAÇÃO - CLINICA TISIOLÓGICA;2024,0;3,0;192,0;2949,0;56,0;3,4285714285714284;52,660714285714285
HJK;UNIDADE INTERNAÇÃO - CLINICA TISIOLÓGICA;2024,0;4,0;142,0;2882,0;56,0;2,5357142857142856;51,464285714285715
HJK;UNIDADE INTERNAÇÃO - CLINICA TISIOLÓGICA;2024,0;5,0;129,0;2584,0;58,0;2,2241379310344827;44,55172413793103
HJK;UNIDADE INTERNAÇÃO - CLINICA TISIOLÓGICA;2024,0;6,0;102,0;2279,0;50,0;2,04;45,58
HJK;UNIDADE INTERNAÇÃO - CLINICA TISIOLÓGICA;2024,0;7,0;179,0;2963,0;55,0;3,2545454545454544;53,872727272727275
HJK;UNIDADE INTERNAÇÃO - CLINICA TISIOLÓGICA;2024,0;8,0;178,0;3281,0;59,0;3,016949152542373;55,610169491525426
HJK;UNIDADE INTERNAÇÃO - CLINICA TISIOLÓGICA;2024,0;9,0;112,0;3231,0;63,0;1,7777777777777777;51,285714285714285
HJK;UNIDADE INTERNAÇÃO - CLINICA TISIOLÓGICA;2024,0;10,0;117,0;3338,0;72,0;1,625;46,361111111111114
HJK;UNIDADE INTERNAÇÃO - CLINICA TISIOLÓGICA;2024,0;11,0;114,0;2594,0;55,0;2,0727272727272728;47,163636363636364
HJK;UNIDADE INTERNAÇÃO - CLINICA TISIOLÓGICA;2024,0;12,0;123,0;2895,0;55,0;2,2363636363636363;52,63636363636363
HJK;UNIDADE INTERNAÇÃO - CLINICA TISIOLÓGICA;2025,0;1,0;110,0;3177,0;41,0;2,682926829268293;77,48780487804878
HJK;UNIDADE INTERNAÇÃO - CLINICA TISIOLÓGICA;2025,0;2,0;123,0;2983,0;50,0;2,46;59,66
HJK;UNIDADE INTERNAÇÃO - CLINICA TISIOLÓGICA;2025,0;3,0;156,0;2772,0;51,0;3,0588235294117645;54,35294117647059
HJK;UNIDADE INTERNAÇÃO - CLINICA TISIOLÓGICA;2025,0;4,0;152,0;2999,0;61,0;2,4918032786885247;49,16393442622951
HJK;UNIDADE INTERNAÇÃO - CLINICA TISIOLÓGICA;2025,0;5,0;150,0;3270,0;60,0;2,5;54,5
HJK;UNIDADE INTERNAÇÃO - CLINICA TISIOLÓGICA;2025,0;6,0;175,0;3623,0;48,0;3,6458333333333335;75,47916666666667
HJK;UNIDADE INTERNAÇÃO - CLINICA TISIOLÓGICA;2025,0;7,0;219,0;4391,0;65,0;3,3692307692307693;67,55384615384615
HJK;UNIDADE INTERNAÇÃO - CLINICA TISIOLÓGICA;2025,0;8,0;201,0;4622,0;60,0;3,35;77,03333333333333
HJK;UNIDADE INTERNAÇÃO - CLINICA TISIOLÓGICA;2025,0;9,0;208,0;5341,0;67,0;3,1044776119402986;79,71641791044776
HJK;UNIDADE INTERNAÇÃO - CLINICA TISIOLÓGICA;2025,0;10,0;220,0;5222,0;75,0;2,933333333333333;69,62666666666667
HJK;UNIDADE INTERNAÇÃO - CLINICA TISIOLÓGICA;2025,0;11,0;216,0;4947,0;37,0;5,837837837837838;133,7027027027027
HJK;UNIDADE INTERNAÇÃO - CLINICA TISIOLÓGICA;2025,0;12,0;218,0;4705,0;69,0;3,1594202898550723;68,18840579710145
HJK;UNIDADE INTERNAÇÃO - CLINICA TISIOLÓGICA;2026,0;1,0;258,0;5146,0;48,0;5,375;107,20833333333333
HJK;UNIDADE INTERNAÇÃO - CLINICA TISIOLÓGICA;2026,0;2,0;142,0;3178,0;47,0;3,021276595744681;67,61702127659575
HJK;UNIDADE URGENCIA/EMERGENCIA;2022,0;5,0;177,0;1960,0;50,0;3,54;39,2
HJK;UNIDADE URGENCIA/EMERGENCIA;2022,0;6,0;238,0;3025,0;50,0;4,76;60,5
HJK;UNIDADE URGENCIA/EMERGENCIA;2022,0;7,0;487,0;5783,0;79,0;6,1645569620253164;73,20253164556962
HJK;UNIDADE URGENCIA/EMERGENCIA;2022,0;8,0;1017,0;10699,0;137,0;7,423357664233577;78,0948905109489
HJK;UNIDADE URGENCIA/EMERGENCIA;2022,0;9,0;1100,0;11825,0;153,0;7,189542483660131;77,2875816993464
HJK;UNIDADE URGENCIA/EMERGENCIA;2022,0;10,0;1254,0;12365,0;133,0;9,428571428571429;92,96992481203007
HJK;UNIDADE URGENCIA/EMERGENCIA;2022,0;11,0;894,0;10266,0;130,0;6,876923076923077;78,96923076923076
HJK;UNIDADE URGENCIA/EMERGENCIA;2022,0;12,0;947,0;10533,0;134,0;7,067164179104478;78,6044776119403
HJK;UNIDADE URGENCIA/EMERGENCIA;2023,0;1,0;891,0;10023,0;119,0;7,487394957983193;84,22689075630252
HJK;UNIDADE URGENCIA/EMERGENCIA;2023,0;2,0;930,0;10138,0;134,0;6,940298507462686;75,65671641791045
HJK;UNIDADE URGENCIA/EMERGENCIA;2023,0;3,0;1269,0;13191,0;185,0;6,859459459459459;71,3027027027027
HJK;UNIDADE URGENCIA/EMERGENCIA;2023,0;4,0;1326,0;13443,0;167,0;7,940119760479042;80,49700598802396
HJK;UNIDADE URGENCIA/EMERGENCIA;2023,0;5,0;1352,0;14753,0;233,0;5,802575107296137;63,317596566523605
HJK;UNIDADE URGENCIA/EMERGENCIA;2023,0;6,0;1244,0;12788,0;181,0;6,87292817679558;70,65193370165746
HJK;UNIDADE URGENCIA/EMERGENCIA;2023,0;7,0;1211,0;13815,0;221,0;5,479638009049774;62,51131221719457
HJK;UNIDADE URGENCIA/EMERGENCIA;2023,0;8,0;1436,0;16468,0;222,0;6,468468468468468;74,18018018018019
HJK;UNIDADE URGENCIA/EMERGENCIA;2023,0;9,0;1285,0;13403,0;189,0;6,798941798941799;70,91534391534391
HJK;UNIDADE URGENCIA/EMERGENCIA;2023,0;10,0;1432,0;14401,0;255,0;5,6156862745098035;56,47450980392157
HJK;UNIDADE URGENCIA/EMERGENCIA;2023,0;11,0;1183,0;13531,0;230,0;5,143478260869565;58,8304347826087
HJK;UNIDADE URGENCIA/EMERGENCIA;2023,0;12,0;1354,0;14407,0;233,0;5,8111587982832615;61,832618025751074
HJK;UNIDADE URGENCIA/EMERGENCIA;2024,0;1,0;1218,0;13530,0;223,0;5,461883408071749;60,672645739910315
HJK;UNIDADE URGENCIA/EMERGENCIA;2024,0;2,0;1392,0;18233,0;314,0;4,43312101910828;58,06687898089172
HJK;UNIDADE URGENCIA/EMERGENCIA;2024,0;3,0;1657,0;20343,0;395,0;4,19493670886076;51,50126582278481
HJK;UNIDADE URGENCIA/EMERGENCIA;2024,0;4,0;1752,0;20038,0;313,0;5,597444089456869;64,01916932907348
HJK;UNIDADE URGENCIA/EMERGENCIA;2024,0;5,0;1583,0;19460,0;306,0;5,173202614379085;63,59477124183007
HJK;UNIDADE URGENCIA/EMERGENCIA;2024,0;6,0;1489,0;18343,0;247,0;6,02834008097166;74,26315789473684
HJK;UNIDADE URGENCIA/EMERGENCIA;2024,0;7,0;1491,0;17919,0;232,0;6,426724137931035;77,23706896551724
HJK;UNIDADE URGENCIA/EMERGENCIA;2024,0;8,0;1560,0;17562,0;217,0;7,188940092165899;80,93087557603687
HJK;UNIDADE URGENCIA/EMERGENCIA;2024,0;9,0;1434,0;16020,0;226,0;6,345132743362832;70,88495575221239
HJK;UNIDADE URGENCIA/EMERGENCIA;2024,0;10,0;1412,0;17087,0;220,0;6,418181818181818;77,66818181818182
HJK;UNIDADE URGENCIA/EMERGENCIA;2024,0;11,0;1413,0;17200,0;193,0;7,321243523316062;89,11917098445596
HJK;UNIDADE URGENCIA/EMERGENCIA;2024,0;12,0;1304,0;17219,0;231,0;5,645021645021645;74,54112554112554
HJK;UNIDADE URGENCIA/EMERGENCIA;2025,0;1,0;1445,0;17505,0;252,0;5,734126984126984;69,46428571428571
HJK;UNIDADE URGENCIA/EMERGENCIA;2025,0;2,0;1301,0;15717,0;210,0;6,195238095238095;74,84285714285714
HJK;UNIDADE URGENCIA/EMERGENCIA;2025,0;3,0;1583,0;19071,0;261,0;6,065134099616858;73,06896551724138
HJK;UNIDADE URGENCIA/EMERGENCIA;2025,0;4,0;1499,0;18256,0;249,0;6,020080321285141;73,31726907630522
HJK;UNIDADE URGENCIA/EMERGENCIA;2025,0;5,0;1603,0;21806,0;244,0;6,569672131147541;89,3688524590164
HJK;UNIDADE URGENCIA/EMERGENCIA;2025,0;6,0;1437,0;19798,0;245,0;5,865306122448979;80,80816326530612
HJK;UNIDADE URGENCIA/EMERGENCIA;2025,0;7,0;1632,0;20266,0;236,0;6,915254237288136;85,87288135593221
HJK;UNIDADE URGENCIA/EMERGENCIA;2025,0;8,0;1521,0;20242,0;264,0;5,761363636363637;76,67424242424242
HJK;UNIDADE URGENCIA/EMERGENCIA;2025,0;9,0;1565,0;21007,0;240,0;6,520833333333333;87,52916666666667
HJK;UNIDADE URGENCIA/EMERGENCIA;2025,0;10,0;1430,0;19706,0;242,0;5,909090909090909;81,4297520661157
HJK;UNIDADE URGENCIA/EMERGENCIA;2025,0;11,0;1409,0;19577,0;226,0;6,234513274336283;86,62389380530973
HJK;UNIDADE URGENCIA/EMERGENCIA;2025,0;12,0;1472,0;19359,0;238,0;6,184873949579832;81,34033613445378
HJK;UNIDADE URGENCIA/EMERGENCIA;2026,0;1,0;1486,0;20904,0;243,0;6,11522633744856;86,0246913580247
HJK;UNIDADE URGENCIA/EMERGENCIA;2026,0;2,0;1240,0;16823,0;210,0;5,904761904761905;80,10952380952381
HJK;UNIDADE URGENCIA/EMERGENCIA CLÍNICA MÉDICA - INTERNAÇÃO;2020,0;1,0;8,0;213,0;7,0;1,1428571428571428;30,428571428571427
HJK;UNIDADE URGENCIA/EMERGENCIA CLÍNICA MÉDICA - INTERNAÇÃO;2020,0;2,0;93,0;1862,0;59,0;1,576271186440678;31,559322033898304
HJK;UNIDADE URGENCIA/EMERGENCIA CLÍNICA MÉDICA - INTERNAÇÃO;2020,0;3,0;74,0;1235,0;50,0;1,48;24,7
HJK;UNIDADE URGENCIA/EMERGENCIA CLÍNICA MÉDICA - INTERNAÇÃO;2020,0;4,0;47,0;551,0;33,0;1,4242424242424243;16,696969696969695
HJK;UNIDADE URGENCIA/EMERGENCIA CLÍNICA MÉDICA - INTERNAÇÃO;2020,0;5,0;36,0;355,0;45,0;0,8;7,888888888888889
HJK;UNIDADE URGENCIA/EMERGENCIA CLÍNICA MÉDICA - INTERNAÇÃO;2020,0;6,0;134,0;1744,0;36,0;3,7222222222222223;48,44444444444444
HJK;UTI - ADULTO;2022,0;5,0;172,0;3552,0;5,0;34,4;710,4
HJK;UTI - ADULTO;2022,0;6,0;326,0;6754,0;19,0;17,157894736842106;355,4736842105263
HJK;UTI - ADULTO;2022,0;7,0;290,0;6345,0;18,0;16,11111111111111;352,5
HJK;UTI - ADULTO;2022,0;8,0;177,0;3622,0;10,0;17,7;362,2
HJK;UTI - ADULTO;2022,0;9,0;185,0;4090,0;9,0;20,555555555555557;454,44444444444446
HJK;UTI - ADULTO;2022,0;10,0;169,0;4257,0;13,0;13,0;327,46153846153845
HJK;UTI - ADULTO;2022,0;11,0;170,0;3666,0;11,0;15,454545454545455;333,27272727272725
HJK;UTI - ADULTO;2022,0;12,0;141,0;3930,0;6,0;23,5;655,0
HJK;UTI - ADULTO;2023,0;1,0;152,0;3889,0;12,0;12,666666666666666;324,0833333333333
HJK;UTI - ADULTO;2023,0;2,0;166,0;3601,0;16,0;10,375;225,0625
HJK;UTI - ADULTO;2023,0;3,0;185,0;4996,0;11,0;16,818181818181817;454,1818181818182
HJK;UTI - ADULTO;2023,0;4,0;272,0;7420,0;15,0;18,133333333333333;494,6666666666667
HJK;UTI - ADULTO;2023,0;5,0;288,0;7663,0;24,0;12,0;319,2916666666667
HJK;UTI - ADULTO;2023,0;6,0;305,0;7256,0;28,0;10,892857142857142;259,14285714285717
HJK;UTI - ADULTO;2023,0;7,0;304,0;8006,0;18,0;16,88888888888889;444,77777777777777
HJK;UTI - ADULTO;2023,0;8,0;465,0;10035,0;31,0;15,0;323,7096774193548
HJK;UTI - ADULTO;2023,0;9,0;383,0;10450,0;26,0;14,73076923076923;401,9230769230769
HJK;UTI - ADULTO;2023,0;10,0;454,0;11237,0;31,0;14,64516129032258;362,48387096774195
HJK;UTI - ADULTO;2023,0;11,0;485,0;11302,0;37,0;13,108108108108109;305,4594594594595
HJK;UTI - ADULTO;2023,0;12,0;445,0;11613,0;40,0;11,125;290,325
HJK;UTI - ADULTO;2024,0;1,0;448,0;10902,0;28,0;16,0;389,35714285714283
HJK;UTI - ADULTO;2024,0;2,0;408,0;10179,0;33,0;12,363636363636363;308,45454545454544
HJK;UTI - ADULTO;2024,0;3,0;383,0;10857,0;35,0;10,942857142857143;310,2
HJK;UTI - ADULTO;2024,0;4,0;387,0;10628,0;27,0;14,333333333333334;393,6296296296296
HJK;UTI - ADULTO;2024,0;5,0;480,0;10914,0;41,0;11,707317073170731;266,1951219512195
HJK;UTI - ADULTO;2024,0;6,0;436,0;10332,0;38,0;11,473684210526315;271,89473684210526
HJK;UTI - ADULTO;2024,0;7,0;463,0;11325,0;37,0;12,513513513513514;306,0810810810811
HJK;UTI - ADULTO;2024,0;8,0;498,0;11797,0;40,0;12,45;294,925
HJK;UTI - ADULTO;2024,0;9,0;415,0;10380,0;34,0;12,205882352941176;305,29411764705884
HJK;UTI - ADULTO;2024,0;10,0;484,0;10986,0;40,0;12,1;274,65
HJK;UTI - ADULTO;2024,0;11,0;420,0;10716,0;28,0;15,0;382,7142857142857
HJK;UTI - ADULTO;2024,0;12,0;478,0;11106,0;49,0;9,755102040816327;226,6530612244898
HJK;UTI - ADULTO;2025,0;1,0;446,0;10932,0;32,0;13,9375;341,625
HJK;UTI - ADULTO;2025,0;2,0;413,0;10382,0;31,0;13,32258064516129;334,9032258064516
HJK;UTI - ADULTO;2025,0;3,0;446,0;11111,0;39,0;11,435897435897436;284,8974358974359
HJK;UTI - ADULTO;2025,0;4,0;439,0;10404,0;27,0;16,25925925925926;385,3333333333333
HJK;UTI - ADULTO;2025,0;5,0;491,0;11594,0;36,0;13,63888888888889;322,05555555555554
HJK;UTI - ADULTO;2025,0;6,0;599,0;13923,0;45,0;13,311111111111112;309,4
HJK;UTI - ADULTO;2025,0;7,0;632,0;15415,0;53,0;11,924528301886792;290,8490566037736
HJK;UTI - ADULTO;2025,0;8,0;634,0;15287,0;39,0;16,256410256410255;391,97435897435895
HJK;UTI - ADULTO;2025,0;9,0;585,0;14579,0;44,0;13,295454545454545;331,34090909090907
HJK;UTI - ADULTO;2025,0;10,0;624,0;15087,0;50,0;12,48;301,74
HJK;UTI - ADULTO;2025,0;11,0;596,0;14866,0;58,0;10,275862068965518;256,3103448275862
HJK;UTI - ADULTO;2025,0;12,0;484,0;14404,0;56,0;8,642857142857142;257,2142857142857
HJK;UTI - ADULTO;2026,0;1,0;626,0;13788,0;44,0;14,227272727272727;313,3636363636364
HJK;UTI - ADULTO;2026,0;2,0;480,0;12929,0;49,0;9,795918367346939;263,85714285714283
HJK;UTI - ADULTO;2026,0;3,0;484,0;11402,0;47,0;10,297872340425531;242,59574468085106
HJK;UTI - ADULTO;2026,0;4,0;460,0;11894,0;49,0;9,387755102040817;242,73469387755102
HJK;UTI - ADULTO;2026,0;5,0;478,0;13430,0;48,0;9,958333333333334;279,7916666666667
HJK;UTI - ADULTO;2026,0;6,0;483,0;12530,0;31,0;15,580645161290322;404,19354838709677
HJK;UTI - ADULTO;2026,0;7,0;562,0;13566,0;49,0;11,46938775510204;276,85714285714283
HJK;UTI - ADULTO;2026,0;8,0;493,0;12208,0;57,0;8,649122807017545;214,17543859649123
HJK;UTI - ADULTO COVID-19 (CTI 03);2021,0;4,0;95,0;2347,0;3,0;31,666666666666668;782,3333333333334
HJK;UTI - ADULTO COVID-19 (CTI 03);2021,0;5,0;52,0;970,0;2,0;26,0;485,0
HJK;UTI - ADULTO COVID-19 (CTI 03);2021,0;7,0;27,0;392,0;14,0;1,9285714285714286;28,0
HJK;UTI - ADULTO COVID-19 (CTI 03);2021,0;10,0;2,0;67,0;1,0;2,0;67,0
HJK;UTI - NEONATAL;2022,0;6,0;60,0;486,0;5,0;12,0;97,2
HJK;UTI - NEONATAL;2022,0;7,0;125,0;886,0;5,0;25,0;177,2
HJK;UTI - NEONATAL;2022,0;8,0;140,0;880,0;3,0;46,666666666666664;293,3333333333333
HJK;UTI - NEONATAL;2022,0;10,0;80,0;614,0;3,0;26,666666666666668;204,66666666666666
HJK;UTI - NEONATAL;2022,0;11,0;64,0;518,0;3,0;21,333333333333332;172,66666666666666
HJK;UTI - NEONATAL;2022,0;12,0;73,0;650,0;5,0;14,6;130,0
HJK;UTI - NEONATAL;2023,0;1,0;79,0;582,0;6,0;13,166666666666666;97,0
HJK;UTI - NEONATAL;2023,0;2,0;78,0;656,0;2,0;39,0;328,0
HJK;UTI - NEONATAL;2023,0;3,0;66,0;722,0;1,0;66,0;722,0
HJK;UTI - NEONATAL;2023,0;4,0;72,0;701,0;3,0;24,0;233,66666666666666
HJK;UTI - NEONATAL;2023,0;5,0;51,0;577,0;1,0;51,0;577,0
HJK;UTI - NEONATAL;2023,0;6,0;122,0;784,0;4,0;30,5;196,0
HJK;UTI - NEONATAL;2023,0;7,0;68,0;668,0;2,0;34,0;334,0
HJK;UTI - NEONATAL;2023,0;8,0;92,0;728,0;1,0;92,0;728,0
HJK;UTI - NEONATAL;2023,0;9,0;84,0;635,0;2,0;42,0;317,5
HJK;UTI - NEONATAL;2023,0;11,0;58,0;463,0;2,0;29,0;231,5
HJK;UTI - NEONATAL;2023,0;12,0;104,0;901,0;2,0;52,0;450,5
HJK;UTI - NEONATAL;2024,0;2,0;107,0;925,0;2,0;53,5;462,5
HJK;UTI - NEONATAL;2024,0;3,0;110,0;671,0;1,0;110,0;671,0
HJK;UTI - NEONATAL;2024,0;4,0;118,0;756,0;4,0;29,5;189,0
HJK;UTI - NEONATAL;2024,0;5,0;118,0;696,0;7,0;16,857142857142858;99,42857142857143
HJK;UTI - NEONATAL;2024,0;6,0;117,0;694,0;7,0;16,714285714285715;99,14285714285714
HJK;UTI - NEONATAL;2024,0;7,0;108,0;735,0;3,0;36,0;245,0
HJK;UTI - NEONATAL;2024,0;8,0;123,0;732,0;3,0;41,0;244,0
HJK;UTI - NEONATAL;2024,0;9,0;109,0;615,0;3,0;36,333333333333336;205,0
HJK;UTI - NEONATAL;2024,0;10,0;158,0;858,0;4,0;39,5;214,5
HJK;UTI - NEONATAL;2024,0;11,0;88,0;585,0;1,0;88,0;585,0
HJK;UTI - NEONATAL;2024,0;12,0;98,0;588,0;3,0;32,666666666666664;196,0
HJK;UTI - NEONATAL;2025,0;1,0;111,0;648,0;3,0;37,0;216,0
HJK;UTI - NEONATAL;2025,0;2,0;138,0;663,0;2,0;69,0;331,5
HJK;UTI - NEONATAL;2025,0;3,0;164,0;1048,0;6,0;27,333333333333332;174,66666666666666
HJK;UTI - NEONATAL;2025,0;4,0;138,0;937,0;2,0;69,0;468,5
HJK;UTI - NEONATAL;2025,0;5,0;159,0;1127,0;18,0;8,833333333333334;62,611111111111114
HJK;UTI - NEONATAL;2025,0;6,0;116,0;1062,0;14,0;8,285714285714286;75,85714285714286
HJK;UTI - NEONATAL;2025,0;7,0;80,0;968,0;18,0;4,444444444444445;53,77777777777778
HJK;UTI - NEONATAL;2025,0;8,0;110,0;915,0;4,0;27,5;228,75
HJK;UTI - NEONATAL;2025,0;9,0;103,0;727,0;5,0;20,6;145,4
HJK;UTI - NEONATAL;2025,0;10,0;94,0;826,0;1,0;94,0;826,0
HJK;UTI - NEONATAL;2025,0;11,0;98,0;609,0;3,0;32,666666666666664;203,0
HJK;UTI - NEONATAL;2025,0;12,0;152,0;1011,0;4,0;38,0;252,75
HJK;UTI - NEONATAL;2026,0;1,0;121,0;818,0;3,0;40,333333333333336;272,6666666666667
HJK;UTI - NEONATAL;2026,0;2,0;92,0;633,0;1,0;92,0;633,0
HJK;UTI - NEONATAL;2026,0;3,0;73,0;317,0;6,0;12,166666666666666;52,833333333333336
HJK;UTI - NEONATAL;2026,0;4,0;30,0;126,0;1,0;30,0;126,0
HJK;UTI - NEONATAL;2026,0;6,0;55,0;371,0;5,0;11,0;74,2
HJK;UTI - NEONATAL;2026,0;7,0;57,0;240,0;1,0;57,0;240,0
HJK;UTI - NEONATAL;2026,0;8,0;52,0;195,0;5,0;10,4;39,0
HJK;UTI - NEONATAL E PEDIATRICO UTIN E UCIN;2019,0;1,0;108,0;794,0;5,0;21,6;158,8
HJK;UTI - NEONATAL E PEDIATRICO UTIN E UCIN;2019,0;2,0;123,0;781,0;10,0;12,3;78,1
HJK;UTI - NEONATAL E PEDIATRICO UTIN E UCIN;2019,0;3,0;160,0;1074,0;14,0;11,428571428571429;76,71428571428571
HJK;UTI - NEONATAL E PEDIATRICO UTIN E UCIN;2019,0;4,0;128,0;1016,0;12,0;10,666666666666666;84,66666666666667
HJK;UTI - NEONATAL E PEDIATRICO UTIN E UCIN;2019,0;5,0;140,0;843,0;13,0;10,76923076923077;64,84615384615384
HJK;UTI - NEONATAL E PEDIATRICO UTIN E UCIN;2019,0;6,0;114,0;854,0;14,0;8,142857142857142;61,0
HJK;UTI - NEONATAL E PEDIATRICO UTIN E UCIN;2019,0;7,0;128,0;994,0;8,0;16,0;124,25
HJK;UTI - NEONATAL E PEDIATRICO UTIN E UCIN;2019,0;8,0;73,0;578,0;3,0;24,333333333333332;192,66666666666666
HJK;UTI - NEONATAL E PEDIATRICO UTIN E UCIN;2019,0;9,0;111,0;821,0;8,0;13,875;102,625
HJK;UTI - NEONATAL E PEDIATRICO UTIN E UCIN;2019,0;10,0;118,0;763,0;7,0;16,857142857142858;109,0
HJK;UTI - NEONATAL E PEDIATRICO UTIN E UCIN;2019,0;11,0;126,0;836,0;8,0;15,75;104,5
HJK;UTI - NEONATAL E PEDIATRICO UTIN E UCIN;2019,0;12,0;177,0;1133,0;4,0;44,25;283,25
HJK;UTI - NEONATAL E PEDIATRICO UTIN E UCIN;2020,0;1,0;169,0;1202,0;7,0;24,142857142857142;171,71428571428572
HJK;UTI - NEONATAL E PEDIATRICO UTIN E UCIN;2020,0;2,0;113,0;824,0;8,0;14,125;103,0
HJK;UTI - NEONATAL E PEDIATRICO UTIN E UCIN;2020,0;3,0;81,0;678,0;8,0;10,125;84,75
HJK;UTI - NEONATAL E PEDIATRICO UTIN E UCIN;2020,0;4,0;103,0;879,0;9,0;11,444444444444445;97,66666666666667
HJK;UTI - NEONATAL E PEDIATRICO UTIN E UCIN;2020,0;5,0;82,0;654,0;9,0;9,11111111111111;72,66666666666667
HJK;UTI - NEONATAL E PEDIATRICO UTIN E UCIN;2020,0;6,0;175,0;1034,0;6,0;29,166666666666668;172,33333333333334
HJK;UTI - NEONATAL E PEDIATRICO UTIN E UCIN;2020,0;7,0;127,0;811,0;13,0;9,76923076923077;62,38461538461539
HJK;UTI - NEONATAL E PEDIATRICO UTIN E UCIN;2020,0;8,0;137,0;882,0;10,0;13,7;88,2
HJK;UTI - NEONATAL E PEDIATRICO UTIN E UCIN;2020,0;9,0;141,0;909,0;11,0;12,818181818181818;82,63636363636364
HJK;UTI - NEONATAL E PEDIATRICO UTIN E UCIN;2020,0;10,0;144,0;1291,0;4,0;36,0;322,75
HJK;UTI - NEONATAL E PEDIATRICO UTIN E UCIN;2020,0;11,0;107,0;810,0;11,0;9,727272727272727;73,63636363636364
HJK;UTI - NEONATAL E PEDIATRICO UTIN E UCIN;2020,0;12,0;105,0;1058,0;8,0;13,125;132,25
HJK;UTI - NEONATAL E PEDIATRICO UTIN E UCIN;2021,0;1,0;174,0;1421,0;8,0;21,75;177,625
HJK;UTI - NEONATAL E PEDIATRICO UTIN E UCIN;2021,0;2,0;127,0;1041,0;8,0;15,875;130,125
HJK;UTI - NEONATAL E PEDIATRICO UTIN E UCIN;2021,0;3,0;172,0;1689,0;17,0;10,117647058823529;99,3529411764706
HJK;UTI - NEONATAL E PEDIATRICO UTIN E UCIN;2021,0;4,0;148,0;1033,0;11,0;13,454545454545455;93,9090909090909
HJK;UTI - NEONATAL E PEDIATRICO UTIN E UCIN;2021,0;5,0;104,0;829,0;13,0;8,0;63,76923076923077
HJK;UTI - NEONATAL E PEDIATRICO UTIN E UCIN;2021,0;6,0;63,0;575,0;7,0;9,0;82,14285714285714
HJK;UTI - NEONATAL E PEDIATRICO UTIN E UCIN;2021,0;7,0;84,0;812,0;11,0;7,636363636363637;73,81818181818181
HJK;UTI - NEONATAL E PEDIATRICO UTIN E UCIN;2021,0;8,0;103,0;987,0;14,0;7,357142857142857;70,5
HJK;UTI - NEONATAL E PEDIATRICO UTIN E UCIN;2021,0;9,0;106,0;945,0;4,0;26,5;236,25
HJK;UTI - NEONATAL E PEDIATRICO UTIN E UCIN;2021,0;10,0;81,0;766,0;11,0;7,363636363636363;69,63636363636364
HJK;UTI - NEONATAL E PEDIATRICO UTIN E UCIN;2021,0;11,0;86,0;793,0;8,0;10,75;99,125
HJK;UTI - NEONATAL E PEDIATRICO UTIN E UCIN;2021,0;12,0;96,0;679,0;11,0;8,727272727272727;61,72727272727273
HJK;UTI - NEONATAL E PEDIATRICO UTIN E UCIN;2022,0;1,0;139,0;1165,0;9,0;15,444444444444445;129,44444444444446
HJK;UTI - NEONATAL E PEDIATRICO UTIN E UCIN;2022,0;2,0;103,0;964,0;8,0;12,875;120,5
HJK;UTI - NEONATAL E PEDIATRICO UTIN E UCIN;2022,0;3,0;142,0;1061,0;13,0;10,923076923076923;81,61538461538461
HJK;UTI - NEONATAL E PEDIATRICO UTIN E UCIN;2022,0;4,0;64,0;636,0;8,0;8,0;79,5
HJK;UTI - NEONATAL E PEDIATRICO UTIN E UCIN;2022,0;5,0;111,0;783,0;17,0;6,529411764705882;46,05882352941177
HJK;UTI COVID-19;2020,0;7,0;618,0;13659,0;36,0;17,166666666666668;379,4166666666667
HJK;UTI COVID-19;2020,0;8,0;500,0;12827,0;41,0;12,195121951219512;312,8536585365854
HJK;UTI COVID-19;2020,0;9,0;457,0;10343,0;26,0;17,576923076923077;397,8076923076923
HJK;UTI COVID-19;2020,0;10,0;389,0;8944,0;26,0;14,961538461538462;344,0
HJK;UTI COVID-19;2020,0;11,0;400,0;8822,0;18,0;22,22222222222222;490,1111111111111
HJK;UTI COVID-19;2020,0;12,0;435,0;10998,0;35,0;12,428571428571429;314,22857142857146
HJK;UTI COVID-19;2021,0;1,0;467,0;11618,0;31,0;15,064516129032258;374,7741935483871
HJK;UTI COVID-19;2021,0;2,0;505,0;12395,0;34,0;14,852941176470589;364,55882352941177
HJK;UTI COVID-19;2021,0;3,0;629,0;15411,0;43,0;14,627906976744185;358,3953488372093
HJK;UTI COVID-19;2021,0;4,0;610,0;17392,0;50,0;12,2;347,84
HJK;UTI COVID-19;2021,0;5,0;482,0;16232,0;26,0;18,53846153846154;624,3076923076923
HJK;UTI COVID-19;2021,0;6,0;540,0;15060,0;39,0;13,846153846153847;386,15384615384613
HJK;UTI COVID-19;2021,0;7,0;439,0;11596,0;21,0;20,904761904761905;552,1904761904761
HJK;UTI COVID-19;2021,0;8,0;387,0;9032,0;20,0;19,35;451,6
HJK;UTI COVID-19;2021,0;9,0;203,0;4674,0;13,0;15,615384615384615;359,53846153846155
HJK;UTI COVID-19;2021,0;10,0;254,0;4842,0;16,0;15,875;302,625
HJK;UTI COVID-19;2021,0;11,0;292,0;7600,0;17,0;17,176470588235293;447,05882352941177
HJK;UTI COVID-19;2021,0;12,0;333,0;7178,0;20,0;16,65;358,9
HJK;UTI COVID-19;2022,0;1,0;377,0;7817,0;20,0;18,85;390,85
HJK;UTI COVID-19;2022,0;2,0;274,0;6713,0;12,0;22,833333333333332;559,4166666666666
HJK;UTI COVID-19;2022,0;3,0;216,0;4069,0;8,0;27,0;508,625
HJK;UTI COVID-19;2022,0;4,0;97,0;2797,0;14,0;6,928571428571429;199,78571428571428
HJK;UTI COVID-19;2022,0;5,0;166,0;3426,0;11,0;15,090909090909092;311,45454545454544
HJK;UTI CTI;2019,0;1,0;473,0;6980,0;21,0;22,523809523809526;332,3809523809524
HJK;UTI CTI;2019,0;2,0;468,0;6688,0;18,0;26,0;371,55555555555554
HJK;UTI CTI;2019,0;3,0;428,0;7646,0;16,0;26,75;477,875
HJK;UTI CTI;2019,0;4,0;437,0;7023,0;18,0;24,27777777777778;390,1666666666667
HJK;UTI CTI;2019,0;5,0;409,0;7243,0;14,0;29,214285714285715;517,3571428571429
HJK;UTI CTI;2019,0;6,0;423,0;7037,0;18,0;23,5;390,94444444444446
HJK;UTI CTI;2019,0;7,0;436,0;6905,0;24,0;18,166666666666668;287,7083333333333
HJK;UTI CTI;2019,0;8,0;383,0;6635,0;16,0;23,9375;414,6875
HJK;UTI CTI;2019,0;9,0;417,0;5843,0;16,0;26,0625;365,1875
HJK;UTI CTI;2019,0;10,0;405,0;6184,0;29,0;13,96551724137931;213,24137931034483
HJK;UTI CTI;2019,0;11,0;391,0;5967,0;24,0;16,291666666666668;248,625
HJK;UTI CTI;2019,0;12,0;406,0;6557,0;15,0;27,066666666666666;437,1333333333333
HJK;UTI CTI;2020,0;1,0;373,0;6079,0;23,0;16,217391304347824;264,30434782608694
HJK;UTI CTI;2020,0;2,0;425,0;6218,0;19,0;22,36842105263158;327,2631578947368
HJK;UTI CTI;2020,0;3,0;382,0;6010,0;25,0;15,28;240,4
HJK;UTI CTI;2020,0;4,0;298,0;4584,0;21,0;14,19047619047619;218,28571428571428
HJK;UTI CTI;2020,0;5,0;283,0;5438,0;17,0;16,647058823529413;319,88235294117646
HJK;UTI CTI;2020,0;6,0;335,0;6041,0;14,0;23,928571428571427;431,5
HJK;UTI CTI;2020,0;7,0;191,0;3307,0;5,0;38,2;661,4
HJK;UTI CTI;2020,0;8,0;176,0;3051,0;4,0;44,0;762,75
HJK;UTI CTI;2020,0;9,0;203,0;3369,0;8,0;25,375;421,125
HJK;UTI CTI;2020,0;10,0;180,0;3058,0;12,0;15,0;254,83333333333334
HJK;UTI CTI;2020,0;11,0;186,0;2830,0;7,0;26,571428571428573;404,2857142857143
HJK;UTI CTI;2020,0;12,0;190,0;3019,0;9,0;21,11111111111111;335,44444444444446
HJK;UTI CTI;2021,0;1,0;155,0;2979,0;11,0;14,090909090909092;270,8181818181818
HJK;UTI CTI;2021,0;2,0;173,0;2970,0;11,0;15,727272727272727;270,0
HJK;UTI CTI;2021,0;3,0;162,0;3269,0;18,0;9,0;181,61111111111111
HJK;UTI CTI;2021,0;4,0;114,0;3084,0;11,0;10,363636363636363;280,3636363636364
HJK;UTI CTI;2021,0;5,0;127,0;3484,0;6,0;21,166666666666668;580,6666666666666
HJK;UTI CTI;2021,0;6,0;131,0;3036,0;9,0;14,555555555555555;337,3333333333333
HJK;UTI CTI;2021,0;7,0;157,0;3611,0;11,0;14,272727272727273;328,27272727272725
HJK;UTI CTI;2021,0;8,0;164,0;3674,0;7,0;23,428571428571427;524,8571428571429
HJK;UTI CTI;2021,0;9,0;169,0;3436,0;14,0;12,071428571428571;245,42857142857142
HJK;UTI CTI;2021,0;10,0;158,0;3423,0;7,0;22,571428571428573;489,0
HJK;UTI CTI;2021,0;11,0;126,0;2331,0;7,0;18,0;333,0
HJK;UTI CTI;2021,0;12,0;121,0;3225,0;8,0;15,125;403,125
HJK;UTI CTI;2022,0;1,0;168,0;3812,0;8,0;21,0;476,5
HJK;UTI CTI;2022,0;2,0;108,0;2829,0;15,0;7,2;188,6
HJK;UTI CTI;2022,0;3,0;98,0;2351,0;10,0;9,8;235,1
HJK;UTI CTI;2022,0;4,0;119,0;2415,0;4,0;29,75;603,75
HJK;UTI CTI;2022,0;5,0;20,0;476,0;1,0;20,0;476,0
HJXXIII;AMBULATORIO - RETORNOS;2021,0;3,0;6,0;30,0;1,0;6,0;30,0
HJXXIII;AMBULATORIO - RETORNOS;2021,0;8,0;8,0;75,0;1,0;8,0;75,0
HJXXIII;AMBULATORIO - RETORNOS;2021,0;12,0;6,0;62,0;1,0;6,0;62,0
HJXXIII;AMBULATORIO - RETORNOS;2022,0;7,0;18,0;46,0;1,0;18,0;46,0
HJXXIII;BLOCO CIRURGICO;2019,0;1,0;67,0;552,0;16,0;4,1875;34,5
HJXXIII;BLOCO CIRURGICO;2019,0;2,0;70,0;526,0;11,0;6,363636363636363;47,81818181818182
HJXXIII;BLOCO CIRURGICO;2019,0;3,0;48,0;581,0;19,0;2,526315789473684;30,57894736842105
HJXXIII;BLOCO CIRURGICO;2019,0;4,0;35,0;596,0;26,0;1,3461538461538463;22,923076923076923
HJXXIII;BLOCO CIRURGICO;2019,0;5,0;51,0;720,0;33,0;1,5454545454545454;21,818181818181817
HJXXIII;BLOCO CIRURGICO;2019,0;6,0;66,0;953,0;20,0;3,3;47,65
HJXXIII;BLOCO CIRURGICO;2019,0;7,0;56,0;780,0;27,0;2,074074074074074;28,88888888888889
HJXXIII;BLOCO CIRURGICO;2019,0;8,0;33,0;556,0;14,0;2,357142857142857;39,714285714285715
HJXXIII;BLOCO CIRURGICO;2019,0;9,0;51,0;735,0;13,0;3,923076923076923;56,53846153846154
HJXXIII;BLOCO CIRURGICO;2019,0;10,0;43,0;980,0;25,0;1,72;39,2
HJXXIII;BLOCO CIRURGICO;2019,0;11,0;48,0;540,0;24,0;2,0;22,5
HJXXIII;BLOCO CIRURGICO;2019,0;12,0;42,0;734,0;31,0;1,3548387096774193;23,677419354838708
HJXXIII;BLOCO CIRURGICO;2020,0;1,0;44,0;396,0;28,0;1,5714285714285714;14,142857142857142
HJXXIII;BLOCO CIRURGICO;2020,0;2,0;29,0;274,0;24,0;1,2083333333333333;11,416666666666666
HJXXIII;BLOCO CIRURGICO;2020,0;3,0;19,0;324,0;21,0;0,9047619047619048;15,428571428571429
HJXXIII;BLOCO CIRURGICO;2020,0;4,0;10,0;259,0;12,0;0,8333333333333334;21,583333333333332
HJXXIII;BLOCO CIRURGICO;2020,0;5,0;38,0;546,0;17,0;2,235294117647059;32,11764705882353
HJXXIII;BLOCO CIRURGICO;2020,0;6,0;48,0;674,0;35,0;1,3714285714285714;19,257142857142856
HJXXIII;BLOCO CIRURGICO;2020,0;7,0;42,0;573,0;33,0;1,2727272727272727;17,363636363636363
HJXXIII;BLOCO CIRURGICO;2020,0;8,0;52,0;1087,0;36,0;1,4444444444444444;30,194444444444443
HJXXIII;BLOCO CIRURGICO;2020,0;9,0;40,0;358,0;41,0;0,975609756097561;8,731707317073171
HJXXIII;BLOCO CIRURGICO;2020,0;10,0;39,0;604,0;38,0;1,0263157894736843;15,894736842105264
HJXXIII;BLOCO CIRURGICO;2020,0;11,0;52,0;541,0;34,0;1,5294117647058822;15,911764705882353
HJXXIII;BLOCO CIRURGICO;2020,0;12,0;60,0;519,0;27,0;2,2222222222222223;19,22222222222222
HJXXIII;BLOCO CIRURGICO;2021,0;1,0;54,0;470,0;40,0;1,35;11,75
HJXXIII;BLOCO CIRURGICO;2021,0;2,0;38,0;483,0;34,0;1,1176470588235294;14,205882352941176
HJXXIII;BLOCO CIRURGICO;2021,0;3,0;50,0;547,0;41,0;1,2195121951219512;13,341463414634147
HJXXIII;BLOCO CIRURGICO;2021,0;4,0;56,0;1274,0;31,0;1,8064516129032258;41,096774193548384
HJXXIII;BLOCO CIRURGICO;2021,0;5,0;78,0;1008,0;40,0;1,95;25,2
HJXXIII;BLOCO CIRURGICO;2021,0;6,0;60,0;937,0;46,0;1,3043478260869565;20,369565217391305
HJXXIII;BLOCO CIRURGICO;2021,0;7,0;88,0;715,0;49,0;1,7959183673469388;14,591836734693878
HJXXIII;BLOCO CIRURGICO;2021,0;8,0;52,0;544,0;43,0;1,2093023255813953;12,651162790697674
HJXXIII;BLOCO CIRURGICO;2021,0;9,0;61,0;528,0;39,0;1,564102564102564;13,538461538461538
HJXXIII;BLOCO CIRURGICO;2021,0;10,0;84,0;661,0;43,0;1,9534883720930232;15,372093023255815
HJXXIII;BLOCO CIRURGICO;2021,0;11,0;66,0;814,0;46,0;1,434782608695652;17,695652173913043
HJXXIII;BLOCO CIRURGICO;2021,0;12,0;82,0;647,0;77,0;1,0649350649350648;8,402597402597403
HJXXIII;BLOCO CIRURGICO;2022,0;1,0;80,0;580,0;46,0;1,7391304347826086;12,608695652173912
HJXXIII;BLOCO CIRURGICO;2022,0;2,0;70,0;451,0;48,0;1,4583333333333333;9,395833333333334
HJXXIII;BLOCO CIRURGICO;2022,0;3,0;73,0;862,0;71,0;1,028169014084507;12,140845070422536
HJXXIII;BLOCO CIRURGICO;2022,0;4,0;72,0;581,0;30,0;2,4;19,366666666666667
HJXXIII;BLOCO CIRURGICO;2022,0;5,0;68,0;414,0;45,0;1,511111111111111;9,2
HJXXIII;BLOCO CIRURGICO;2022,0;6,0;46,0;388,0;33,0;1,393939393939394;11,757575757575758
HJXXIII;BLOCO CIRURGICO;2022,0;7,0;69,0;693,0;48,0;1,4375;14,4375
HJXXIII;BLOCO CIRURGICO;2022,0;8,0;45,0;763,0;41,0;1,0975609756097562;18,609756097560975
HJXXIII;BLOCO CIRURGICO;2022,0;9,0;71,0;828,0;47,0;1,5106382978723405;17,617021276595743
HJXXIII;BLOCO CIRURGICO;2022,0;10,0;101,0;959,0;50,0;2,02;19,18
HJXXIII;BLOCO CIRURGICO;2022,0;11,0;76,0;483,0;41,0;1,853658536585366;11,78048780487805
HJXXIII;BLOCO CIRURGICO;2022,0;12,0;45,0;487,0;38,0;1,1842105263157894;12,81578947368421
HJXXIII;BLOCO CIRURGICO;2023,0;1,0;46,0;527,0;30,0;1,5333333333333334;17,566666666666666
HJXXIII;BLOCO CIRURGICO;2023,0;2,0;57,0;556,0;34,0;1,6764705882352942;16,352941176470587
HJXXIII;BLOCO CIRURGICO;2023,0;3,0;60,0;544,0;49,0;1,2244897959183674;11,10204081632653
HJXXIII;BLOCO CIRURGICO;2023,0;4,0;82,0;502,0;34,0;2,411764705882353;14,764705882352942
HJXXIII;BLOCO CIRURGICO;2023,0;5,0;110,0;942,0;47,0;2,3404255319148937;20,04255319148936
HJXXIII;BLOCO CIRURGICO;2023,0;6,0;63,0;591,0;43,0;1,4651162790697674;13,744186046511627
HJXXIII;BLOCO CIRURGICO;2023,0;7,0;98,0;945,0;54,0;1,8148148148148149;17,5
HJXXIII;BLOCO CIRURGICO;2023,0;8,0;96,0;1046,0;72,0;1,3333333333333333;14,527777777777779
HJXXIII;BLOCO CIRURGICO;2023,0;9,0;103,0;1075,0;64,0;1,609375;16,796875
HJXXIII;BLOCO CIRURGICO;2023,0;10,0;85,0;851,0;58,0;1,4655172413793103;14,672413793103448
HJXXIII;BLOCO CIRURGICO;2023,0;11,0;98,0;626,0;64,0;1,53125;9,78125
HJXXIII;BLOCO CIRURGICO;2023,0;12,0;98,0;803,0;69,0;1,4202898550724639;11,63768115942029
HJXXIII;BLOCO CIRURGICO;2024,0;1,0;71,0;668,0;54,0;1,3148148148148149;12,37037037037037
HJXXIII;BLOCO CIRURGICO;2024,0;2,0;57,0;550,0;47,0;1,2127659574468086;11,702127659574469
HJXXIII;BLOCO CIRURGICO;2024,0;3,0;115,0;766,0;57,0;2,017543859649123;13,43859649122807
HJXXIII;BLOCO CIRURGICO;2024,0;4,0;57,0;632,0;43,0;1,3255813953488371;14,69767441860465
HJXXIII;BLOCO CIRURGICO;2024,0;5,0;99,0;730,0;61,0;1,6229508196721312;11,967213114754099
HJXXIII;BLOCO CIRURGICO;2024,0;6,0;92,0;806,0;49,0;1,8775510204081634;16,448979591836736
HJXXIII;BLOCO CIRURGICO;2024,0;7,0;110,0;651,0;59,0;1,8644067796610169;11,033898305084746
HJXXIII;BLOCO CIRURGICO;2024,0;8,0;80,0;598,0;54,0;1,4814814814814814;11,074074074074074
HJXXIII;BLOCO CIRURGICO;2024,0;9,0;110,0;918,0;57,0;1,9298245614035088;16,105263157894736
HJXXIII;BLOCO CIRURGICO;2024,0;10,0;111,0;954,0;48,0;2,3125;19,875
HJXXIII;BLOCO CIRURGICO;2024,0;11,0;85,0;281,0;28,0;3,0357142857142856;10,035714285714286
HJXXIII;BLOCO CIRURGICO;2024,0;12,0;99,0;727,0;33,0;3,0;22,03030303030303
HJXXIII;BLOCO CIRURGICO;2025,0;1,0;83,0;393,0;52,0;1,5961538461538463;7,5576923076923075
HJXXIII;BLOCO CIRURGICO;2025,0;2,0;83,0;372,0;29,0;2,8620689655172415;12,827586206896552
HJXXIII;BLOCO CIRURGICO;2025,0;3,0;57,0;279,0;33,0;1,7272727272727273;8,454545454545455
HJXXIII;BLOCO CIRURGICO;2025,0;4,0;77,0;513,0;32,0;2,40625;16,03125
HJXXIII;BLOCO CIRURGICO;2025,0;5,0;66,0;463,0;41,0;1,6097560975609757;11,292682926829269
HJXXIII;BLOCO CIRURGICO;2025,0;6,0;88,0;380,0;35,0;2,5142857142857142;10,857142857142858
HJXXIII;BLOCO CIRURGICO;2025,0;7,0;66,0;435,0;51,0;1,2941176470588236;8,529411764705882
HJXXIII;BLOCO CIRURGICO;2025,0;8,0;89,0;443,0;68,0;1,3088235294117647;6,514705882352941
HJXXIII;BLOCO CIRURGICO;2025,0;9,0;97,0;445,0;53,0;1,830188679245283;8,39622641509434
HJXXIII;BLOCO CIRURGICO;2025,0;10,0;70,0;450,0;65,0;1,0769230769230769;6,923076923076923
HJXXIII;BLOCO CIRURGICO;2025,0;11,0;60,0;413,0;56,0;1,0714285714285714;7,375
HJXXIII;BLOCO CIRURGICO;2025,0;12,0;75,0;509,0;51,0;1,4705882352941178;9,980392156862745
HJXXIII;BLOCO CIRURGICO;2026,0;1,0;67,0;375,0;55,0;1,2181818181818183;6,818181818181818
HJXXIII;BLOCO CIRURGICO;2026,0;2,0;68,0;464,0;55,0;1,2363636363636363;8,436363636363636
HJXXIII;BLOCO CIRURGICO;2026,0;3,0;78,0;440,0;57,0;1,368421052631579;7,719298245614035
HJXXIII;BLOCO CIRURGICO;2026,0;4,0;92,0;444,0;56,0;1,6428571428571428;7,928571428571429
HJXXIII;BLOCO CIRURGICO;2026,0;5,0;76,0;448,0;52,0;1,4615384615384615;8,615384615384615
HJXXIII;BLOCO CIRURGICO;2026,0;6,0;87,0;440,0;48,0;1,8125;9,166666666666666
HJXXIII;BLOCO CIRURGICO;2026,0;7,0;126,0;725,0;59,0;2,135593220338983;12,288135593220339
HJXXIII;BLOCO CIRURGICO;2026,0;8,0;153,0;947,0;58,0;2,6379310344827585;16,32758620689655
HJXXIII;PRONTO SOCORRO;2019,0;1,0;3416,0;12853,0;531,0;6,4331450094161955;24,205273069679848
HJXXIII;PRONTO SOCORRO;2019,0;2,0;3224,0;11736,0;477,0;6,758909853249476;24,60377358490566
HJXXIII;PRONTO SOCORRO;2019,0;3,0;3924,0;12258,0;604,0;6,496688741721854;20,294701986754966
HJXXIII;PRONTO SOCORRO;2019,0;4,0;3581,0;13895,0;616,0;5,813311688311688;22,556818181818183
HJXXIII;PRONTO SOCORRO;2019,0;5,0;4182,0;14703,0;645,0;6,4837209302325585;22,795348837209303
HJXXIII;PRONTO SOCORRO;2019,0;6,0;3851,0;13336,0;575,0;6,697391304347826;23,19304347826087
HJXXIII;PRONTO SOCORRO;2019,0;7,0;3979,0;12680,0;585,0;6,8017094017094015;21,675213675213676
HJXXIII;PRONTO SOCORRO;2019,0;8,0;3745,0;12839,0;546,0;6,858974358974359;23,514652014652015
HJXXIII;PRONTO SOCORRO;2019,0;9,0;3958,0;14066,0;543,0;7,289134438305709;25,90423572744015
HJXXIII;PRONTO SOCORRO;2019,0;10,0;3759,0;13318,0;573,0;6,560209424083769;23,24258289703316
HJXXIII;PRONTO SOCORRO;2019,0;11,0;3521,0;12196,0;574,0;6,134146341463414;21,247386759581882
HJXXIII;PRONTO SOCORRO;2019,0;12,0;3722,0;13072,0;603,0;6,172470978441128;21,678275290215588
HJXXIII;PRONTO SOCORRO;2020,0;1,0;3211,0;11905,0;515,0;6,23495145631068;23,116504854368934
HJXXIII;PRONTO SOCORRO;2020,0;2,0;3552,0;11533,0;528,0;6,7272727272727275;21,84280303030303
HJXXIII;PRONTO SOCORRO;2020,0;3,0;3028,0;10093,0;487,0;6,217659137577002;20,724845995893222
HJXXIII;PRONTO SOCORRO;2020,0;4,0;2533,0;7295,0;281,0;9,01423487544484;25,96085409252669
HJXXIII;PRONTO SOCORRO;2020,0;5,0;3307,0;10418,0;276,0;11,981884057971014;37,7463768115942
HJXXIII;PRONTO SOCORRO;2020,0;6,0;3528,0;12849,0;455,0;7,753846153846154;28,23956043956044
HJXXIII;PRONTO SOCORRO;2020,0;7,0;3321,0;14387,0;464,0;7,157327586206897;31,00646551724138
HJXXIII;PRONTO SOCORRO;2020,0;8,0;4220,0;18730,0;547,0;7,714808043875686;34,24131627056673
HJXXIII;PRONTO SOCORRO;2020,0;9,0;3710,0;16749,0;535,0;6,934579439252336;31,306542056074765
HJXXIII;PRONTO SOCORRO;2020,0;10,0;4108,0;18458,0;608,0;6,756578947368421;30,35855263157895
HJXXIII;PRONTO SOCORRO;2020,0;11,0;3990,0;17162,0;553,0;7,215189873417722;31,034358047016276
HJXXIII;PRONTO SOCORRO;2020,0;12,0;3629,0;16751,0;568,0;6,389084507042254;29,491197183098592
HJXXIII;PRONTO SOCORRO;2021,0;1,0;3600,0;16474,0;496,0;7,258064516129032;33,21370967741935
HJXXIII;PRONTO SOCORRO;2021,0;2,0;3270,0;16498,0;422,0;7,748815165876778;39,09478672985782
HJXXIII;PRONTO SOCORRO;2021,0;3,0;3658,0;19321,0;491,0;7,45010183299389;39,35030549898167
HJXXIII;PRONTO SOCORRO;2021,0;4,0;3802,0;20778,0;546,0;6,9633699633699635;38,05494505494506
HJXXIII;PRONTO SOCORRO;2021,0;5,0;4175,0;21519,0;547,0;7,63254113345521;39,3400365630713
HJXXIII;PRONTO SOCORRO;2021,0;6,0;3713,0;20434,0;603,0;6,157545605306799;33,88723051409619
HJXXIII;PRONTO SOCORRO;2021,0;7,0;4086,0;18212,0;588,0;6,948979591836735;30,972789115646258
HJXXIII;PRONTO SOCORRO;2021,0;8,0;3605,0;16004,0;477,0;7,5576519916142555;33,55136268343816
HJXXIII;PRONTO SOCORRO;2021,0;9,0;3662,0;16370,0;464,0;7,892241379310345;35,2801724137931
HJXXIII;PRONTO SOCORRO;2021,0;10,0;3947,0;16958,0;458,0;8,617903930131005;37,02620087336245
HJXXIII;PRONTO SOCORRO;2021,0;11,0;3737,0;19178,0;471,0;7,934182590233545;40,717622080679405
HJXXIII;PRONTO SOCORRO;2021,0;12,0;3588,0;18660,0;530,0;6,769811320754717;35,20754716981132
HJXXIII;PRONTO SOCORRO;2022,0;1,0;3616,0;18845,0;510,0;7,090196078431372;36,950980392156865
HJXXIII;PRONTO SOCORRO;2022,0;2,0;2709,0;15479,0;454,0;5,966960352422907;34,09471365638767
HJXXIII;PRONTO SOCORRO;2022,0;3,0;3541,0;16336,0;505,0;7,011881188118812;32,34851485148515
HJXXIII;PRONTO SOCORRO;2022,0;4,0;3520,0;16485,0;490,0;7,183673469387755;33,642857142857146
HJXXIII;PRONTO SOCORRO;2022,0;5,0;3552,0;15002,0;443,0;8,01805869074492;33,864559819413095
HJXXIII;PRONTO SOCORRO;2022,0;6,0;3615,0;16908,0;441,0;8,197278911564625;38,34013605442177
HJXXIII;PRONTO SOCORRO;2022,0;7,0;3957,0;17377,0;495,0;7,993939393939394;35,10505050505051
HJXXIII;PRONTO SOCORRO;2022,0;8,0;3776,0;16952,0;422,0;8,947867298578199;40,170616113744074
HJXXIII;PRONTO SOCORRO;2022,0;9,0;3455,0;16179,0;470,0;7,351063829787234;34,42340425531915
HJXXIII;PRONTO SOCORRO;2022,0;10,0;3818,0;18338,0;464,0;8,22844827586207;39,52155172413793
HJXXIII;PRONTO SOCORRO;2022,0;11,0;3613,0;16628,0;516,0;7,001937984496124;32,224806201550386
HJXXIII;PRONTO SOCORRO;2022,0;12,0;3449,0;17356,0;516,0;6,684108527131783;33,63565891472868
HJXXIII;PRONTO SOCORRO;2023,0;1,0;3860,0;16879,0;430,0;8,976744186046512;39,253488372093024
HJXXIII;PRONTO SOCORRO;2023,0;2,0;3428,0;13047,0;452,0;7,584070796460177;28,865044247787612
HJXXIII;PRONTO SOCORRO;2023,0;3,0;3863,0;16043,0;523,0;7,3862332695984705;30,674952198852772
HJXXIII;PRONTO SOCORRO;2023,0;4,0;3782,0;14833,0;453,0;8,34878587196468;32,7439293598234
HJXXIII;PRONTO SOCORRO;2023,0;5,0;4035,0;17731,0;554,0;7,283393501805054;32,005415162454874
HJXXIII;PRONTO SOCORRO;2023,0;6,0;3592,0;16337,0;493,0;7,286004056795131;33,13793103448276
HJXXIII;PRONTO SOCORRO;2023,0;7,0;4192,0;18779,0;513,0;8,171539961013645;36,606237816764136
HJXXIII;PRONTO SOCORRO;2023,0;8,0;3819,0;16726,0;546,0;6,9945054945054945;30,633699633699635
HJXXIII;PRONTO SOCORRO;2023,0;9,0;3969,0;18750,0;537,0;7,391061452513966;34,91620111731844
HJXXIII;PRONTO SOCORRO;2023,0;10,0;3948,0;18456,0;592,0;6,668918918918919;31,175675675675677
HJXXIII;PRONTO SOCORRO;2023,0;11,0;3951,0;17467,0;565,0;6,992920353982301;30,91504424778761
HJXXIII;PRONTO SOCORRO;2023,0;12,0;3941,0;16254,0;564,0;6,98758865248227;28,819148936170212
HJXXIII;PRONTO SOCORRO;2024,0;1,0;3013,0;14325,0;491,0;6,136456211812627;29,175152749490834
HJXXIII;PRONTO SOCORRO;2024,0;2,0;3307,0;15068,0;484,0;6,832644628099174;31,132231404958677
HJXXIII;PRONTO SOCORRO;2024,0;3,0;3779,0;19575,0;615,0;6,144715447154471;31,829268292682926
HJXXIII;PRONTO SOCORRO;2024,0;4,0;3707,0;15912,0;528,0;7,020833333333333;30,136363636363637
HJXXIII;PRONTO SOCORRO;2024,0;5,0;4117,0;18457,0;515,0;7,994174757281553;35,83883495145631
HJXXIII;PRONTO SOCORRO;2024,0;6,0;3875,0;17410,0;507,0;7,642998027613412;34,33925049309665
HJXXIII;PRONTO SOCORRO;2024,0;7,0;3785,0;14817,0;602,0;6,287375415282392;24,61295681063123
HJXXIII;PRONTO SOCORRO;2024,0;8,0;4010,0;15548,0;541,0;7,412199630314233;28,739371534195932
HJXXIII;PRONTO SOCORRO;2024,0;9,0;4121,0;15718,0;525,0;7,849523809523809;29,93904761904762
HJXXIII;PRONTO SOCORRO;2024,0;10,0;4158,0;17222,0;574,0;7,2439024390243905;30,00348432055749
HJXXIII;PRONTO SOCORRO;2024,0;11,0;3572,0;14613,0;525,0;6,803809523809524;27,834285714285713
HJXXIII;PRONTO SOCORRO;2024,0;12,0;3778,0;18112,0;604,0;6,254966887417218;29,986754966887418
HJXXIII;PRONTO SOCORRO;2025,0;1,0;3901,0;17573,0;700,0;5,572857142857143;25,104285714285716
HJXXIII;PRONTO SOCORRO;2025,0;2,0;3444,0;14456,0;588,0;5,857142857142857;24,58503401360544
HJXXIII;PRONTO SOCORRO;2025,0;3,0;3801,0;14782,0;633,0;6,004739336492891;23,352290679304897
HJXXIII;PRONTO SOCORRO;2025,0;4,0;4045,0;15539,0;672,0;6,019345238095238;23,123511904761905
HJXXIII;PRONTO SOCORRO;2025,0;5,0;4115,0;16497,0;626,0;6,573482428115016;26,35303514376997
HJXXIII;PRONTO SOCORRO;2025,0;6,0;4072,0;17484,0;623,0;6,536115569823435;28,064205457463885
HJXXIII;PRONTO SOCORRO;2025,0;7,0;4097,0;16722,0;691,0;5,929088277858177;24,19971056439942
HJXXIII;PRONTO SOCORRO;2025,0;8,0;4398,0;19917,0;673,0;6,534918276374443;29,59435364041605
HJXXIII;PRONTO SOCORRO;2025,0;9,0;4269,0;15929,0;592,0;7,211148648648648;26,907094594594593
HJXXIII;PRONTO SOCORRO;2025,0;10,0;4109,0;17463,0;698,0;5,886819484240688;25,01862464183381
HJXXIII;PRONTO SOCORRO;2025,0;11,0;3593,0;14236,0;593,0;6,059021922428331;24,006745362563237
HJXXIII;PRONTO SOCORRO;2025,0;12,0;4047,0;17975,0;632,0;6,4034810126582276;28,44145569620253
HJXXIII;PRONTO SOCORRO;2026,0;1,0;3680,0;16079,0;579,0;6,355785837651123;27,77029360967185
HJXXIII;PRONTO SOCORRO;2026,0;2,0;3505,0;14986,0;541,0;6,478743068391867;27,700554528650645
HJXXIII;PRONTO SOCORRO;2026,0;3,0;4288,0;18623,0;662,0;6,477341389728097;28,13141993957704
HJXXIII;PRONTO SOCORRO;2026,0;4,0;3866,0;16388,0;684,0;5,652046783625731;23,95906432748538
HJXXIII;PRONTO SOCORRO;2026,0;5,0;4030,0;16760,0;667,0;6,041979010494753;25,12743628185907
HJXXIII;PRONTO SOCORRO;2026,0;6,0;4148,0;16940,0;668,0;6,209580838323354;25,35928143712575
HJXXIII;PRONTO SOCORRO;2026,0;7,0;4344,0;17460,0;644,0;6,745341614906832;27,111801242236027
HJXXIII;PRONTO SOCORRO;2026,0;8,0;4350,0;18653,0;718,0;6,0584958217270195;25,979108635097493
HJXXIII;PRONTO SOCORRO SALA 08 - EMERG. CLINICAS;2019,0;1,0;101,0;1871,0;32,0;3,15625;58,46875
HJXXIII;PRONTO SOCORRO SALA 08 - EMERG. CLINICAS;2019,0;2,0;121,0;2057,0;22,0;5,5;93,5
HJXXIII;PRONTO SOCORRO SALA 08 - EMERG. CLINICAS;2019,0;3,0;179,0;2782,0;24,0;7,458333333333333;115,91666666666667
HJXXIII;PRONTO SOCORRO SALA 08 - EMERG. CLINICAS;2019,0;4,0;129,0;2821,0;22,0;5,863636363636363;128,22727272727272
HJXXIII;PRONTO SOCORRO SALA 08 - EMERG. CLINICAS;2019,0;5,0;164,0;3181,0;30,0;5,466666666666667;106,03333333333333
HJXXIII;PRONTO SOCORRO SALA 08 - EMERG. CLINICAS;2019,0;6,0;132,0;3085,0;25,0;5,28;123,4
HJXXIII;PRONTO SOCORRO SALA 08 - EMERG. CLINICAS;2019,0;7,0;179,0;2674,0;17,0;10,529411764705882;157,2941176470588
HJXXIII;PRONTO SOCORRO SALA 08 - EMERG. CLINICAS;2019,0;8,0;200,0;2523,0;25,0;8,0;100,92
HJXXIII;PRONTO SOCORRO SALA 08 - EMERG. CLINICAS;2019,0;9,0;168,0;2742,0;26,0;6,461538461538462;105,46153846153847
HJXXIII;PRONTO SOCORRO SALA 08 - EMERG. CLINICAS;2019,0;10,0;185,0;2592,0;24,0;7,708333333333333;108,0
HJXXIII;PRONTO SOCORRO SALA 08 - EMERG. CLINICAS;2019,0;11,0;177,0;2806,0;29,0;6,103448275862069;96,75862068965517
HJXXIII;PRONTO SOCORRO SALA 08 - EMERG. CLINICAS;2019,0;12,0;185,0;2611,0;31,0;5,967741935483871;84,2258064516129
HJXXIII;PRONTO SOCORRO SALA 08 - EMERG. CLINICAS;2020,0;1,0;93,0;1310,0;34,0;2,735294117647059;38,529411764705884
HJXXIII;PRONTO SOCORRO SALA 08 - EMERG. CLINICAS;2020,0;2,0;92,0;1786,0;24,0;3,8333333333333335;74,41666666666667
HJXXIII;PRONTO SOCORRO SALA 08 - EMERG. CLINICAS;2020,0;3,0;106,0;1866,0;28,0;3,7857142857142856;66,64285714285714
HJXXIII;PRONTO SOCORRO SALA 08 - EMERG. CLINICAS;2020,0;4,0;72,0;1043,0;20,0;3,6;52,15
HJXXIII;PRONTO SOCORRO SALA 08 - EMERG. CLINICAS;2020,0;5,0;121,0;2109,0;15,0;8,066666666666666;140,6
HJXXIII;PRONTO SOCORRO SALA 08 - EMERG. CLINICAS;2020,0;6,0;173,0;2874,0;34,0;5,088235294117647;84,52941176470588
HJXXIII;PRONTO SOCORRO SALA 08 - EMERG. CLINICAS;2020,0;7,0;125,0;2764,0;30,0;4,166666666666667;92,13333333333334
HJXXIII;PRONTO SOCORRO SALA 08 - EMERG. CLINICAS;2020,0;8,0;30,0;664,0;2,0;15,0;332,0
HJXXIII;PRONTO SOCORRO SALA 08 - EMERG. CLINICAS;2020,0;12,0;9,0;99,0;3,0;3,0;33,0
HJXXIII;PRONTO SOCORRO SALA 08 - EMERG. CLINICAS;2021,0;1,0;10,0;115,0;3,0;3,3333333333333335;38,333333333333336
HJXXIII;PRONTO SOCORRO SALA 08 - EMERG. CLINICAS;2021,0;2,0;6,0;107,0;2,0;3,0;53,5
HJXXIII;PRONTO SOCORRO SALA 08 - EMERG. CLINICAS;2021,0;3,0;14,0;114,0;1,0;14,0;114,0
HJXXIII;PRONTO SOCORRO SALA 08 - EMERG. CLINICAS;2021,0;4,0;8,0;141,0;4,0;2,0;35,25
HJXXIII;UNIDADE INTERNAÇÃO - CIRURGIA GERAL 4º ANDAR;2019,0;1,0;277,0;2452,0;130,0;2,1307692307692307;18,861538461538462
HJXXIII;UNIDADE INTERNAÇÃO - CIRURGIA GERAL 4º ANDAR;2019,0;2,0;222,0;1906,0;101,0;2,198019801980198;18,871287128712872
HJXXIII;UNIDADE INTERNAÇÃO - CIRURGIA GERAL 4º ANDAR;2019,0;3,0;261,0;2221,0;94,0;2,776595744680851;23,627659574468087
HJXXIII;UNIDADE INTERNAÇÃO - CIRURGIA GERAL 4º ANDAR;2019,0;4,0;182,0;1695,0;83,0;2,1927710843373496;20,42168674698795
HJXXIII;UNIDADE INTERNAÇÃO - CIRURGIA GERAL 4º ANDAR;2019,0;5,0;248,0;1865,0;91,0;2,7252747252747254;20,494505494505493
HJXXIII;UNIDADE INTERNAÇÃO - CIRURGIA GERAL 4º ANDAR;2019,0;6,0;178,0;1555,0;116,0;1,5344827586206897;13,405172413793103
HJXXIII;UNIDADE INTERNAÇÃO - CIRURGIA GERAL 4º ANDAR;2019,0;7,0;242,0;1520,0;121,0;2,0;12,561983471074381
HJXXIII;UNIDADE INTERNAÇÃO - CIRURGIA GERAL 4º ANDAR;2019,0;8,0;192,0;1387,0;94,0;2,0425531914893615;14,75531914893617
HJXXIII;UNIDADE INTERNAÇÃO - CIRURGIA GERAL 4º ANDAR;2019,0;9,0;242,0;1226,0;105,0;2,3047619047619046;11,676190476190476
HJXXIII;UNIDADE INTERNAÇÃO - CIRURGIA GERAL 4º ANDAR;2019,0;10,0;242,0;1749,0;114,0;2,1228070175438596;15,342105263157896
HJXXIII;UNIDADE INTERNAÇÃO - CIRURGIA GERAL 4º ANDAR;2019,0;11,0;196,0;1696,0;112,0;1,75;15,142857142857142
HJXXIII;UNIDADE INTERNAÇÃO - CIRURGIA GERAL 4º ANDAR;2019,0;12,0;200,0;1688,0;102,0;1,9607843137254901;16,54901960784314
HJXXIII;UNIDADE INTERNAÇÃO - CIRURGIA GERAL 4º ANDAR;2020,0;1,0;209,0;1849,0;95,0;2,2;19,46315789473684
HJXXIII;UNIDADE INTERNAÇÃO - CIRURGIA GERAL 4º ANDAR;2020,0;2,0;201,0;1963,0;100,0;2,01;19,63
HJXXIII;UNIDADE INTERNAÇÃO - CIRURGIA GERAL 4º ANDAR;2020,0;3,0;183,0;1439,0;105,0;1,7428571428571429;13,704761904761904
HJXXIII;UNIDADE INTERNAÇÃO - CIRURGIA GERAL 4º ANDAR;2020,0;4,0;176,0;1304,0;92,0;1,9130434782608696;14,173913043478262
HJXXIII;UNIDADE INTERNAÇÃO - CIRURGIA GERAL 4º ANDAR;2020,0;5,0;177,0;1518,0;146,0;1,2123287671232876;10,397260273972602
HJXXIII;UNIDADE INTERNAÇÃO - CIRURGIA GERAL 4º ANDAR;2020,0;6,0;217,0;1878,0;141,0;1,5390070921985815;13,319148936170214
HJXXIII;UNIDADE INTERNAÇÃO - CIRURGIA GERAL 4º ANDAR;2020,0;7,0;231,0;1812,0;165,0;1,4;10,981818181818182
HJXXIII;UNIDADE INTERNAÇÃO - CIRURGIA GERAL 4º ANDAR;2020,0;8,0;239,0;2531,0;147,0;1,6258503401360545;17,217687074829932
HJXXIII;UNIDADE INTERNAÇÃO - CIRURGIA GERAL 4º ANDAR;2020,0;9,0;263,0;2663,0;131,0;2,0076335877862594;20,328244274809162
HJXXIII;UNIDADE INTERNAÇÃO - CIRURGIA GERAL 4º ANDAR;2020,0;10,0;210,0;2235,0;123,0;1,7073170731707317;18,170731707317074
HJXXIII;UNIDADE INTERNAÇÃO - CIRURGIA GERAL 4º ANDAR;2020,0;11,0;264,0;2611,0;121,0;2,1818181818181817;21,578512396694215
HJXXIII;UNIDADE INTERNAÇÃO - CIRURGIA GERAL 4º ANDAR;2020,0;12,0;260,0;2740,0;140,0;1,8571428571428572;19,571428571428573
HJXXIII;UNIDADE INTERNAÇÃO - CIRURGIA GERAL 4º ANDAR;2021,0;1,0;223,0;2460,0;117,0;1,9059829059829059;21,025641025641026
HJXXIII;UNIDADE INTERNAÇÃO - CIRURGIA GERAL 4º ANDAR;2021,0;2,0;189,0;2608,0;118,0;1,6016949152542372;22,10169491525424
HJXXIII;UNIDADE INTERNAÇÃO - CIRURGIA GERAL 4º ANDAR;2021,0;3,0;283,0;2962,0;149,0;1,8993288590604027;19,879194630872483
HJXXIII;UNIDADE INTERNAÇÃO - CIRURGIA GERAL 4º ANDAR;2021,0;4,0;275,0;2779,0;162,0;1,6975308641975309;17,15432098765432
HJXXIII;UNIDADE INTERNAÇÃO - CIRURGIA GERAL 4º ANDAR;2021,0;5,0;227,0;3011,0;152,0;1,493421052631579;19,80921052631579
HJXXIII;UNIDADE INTERNAÇÃO - CIRURGIA GERAL 4º ANDAR;2021,0;6,0;196,0;2604,0;141,0;1,3900709219858156;18,46808510638298
HJXXIII;UNIDADE INTERNAÇÃO - CIRURGIA GERAL 4º ANDAR;2021,0;7,0;249,0;2932,0;140,0;1,7785714285714285;20,942857142857143
HJXXIII;UNIDADE INTERNAÇÃO - CIRURGIA GERAL 4º ANDAR;2021,0;8,0;271,0;2871,0;149,0;1,8187919463087248;19,268456375838927
HJXXIII;UNIDADE INTERNAÇÃO - CIRURGIA GERAL 4º ANDAR;2021,0;9,0;229,0;3245,0;155,0;1,4774193548387098;20,93548387096774
HJXXIII;UNIDADE INTERNAÇÃO - CIRURGIA GERAL 4º ANDAR;2021,0;10,0;207,0;2039,0;152,0;1,361842105263158;13,414473684210526
HJXXIII;UNIDADE INTERNAÇÃO - CIRURGIA GERAL 4º ANDAR;2021,0;11,0;250,0;2645,0;147,0;1,7006802721088434;17,993197278911566
HJXXIII;UNIDADE INTERNAÇÃO - CIRURGIA GERAL 4º ANDAR;2021,0;12,0;237,0;2839,0;131,0;1,8091603053435115;21,671755725190838
HJXXIII;UNIDADE INTERNAÇÃO - CIRURGIA GERAL 4º ANDAR;2022,0;1,0;232,0;3143,0;124,0;1,8709677419354838;25,346774193548388
HJXXIII;UNIDADE INTERNAÇÃO - CIRURGIA GERAL 4º ANDAR;2022,0;2,0;178,0;1948,0;104,0;1,7115384615384615;18,73076923076923
HJXXIII;UNIDADE INTERNAÇÃO - CIRURGIA GERAL 4º ANDAR;2022,0;3,0;298,0;2231,0;156,0;1,9102564102564104;14,301282051282051
HJXXIII;UNIDADE INTERNAÇÃO - CIRURGIA GERAL 4º ANDAR;2022,0;4,0;226,0;1888,0;143,0;1,5804195804195804;13,202797202797203
HJXXIII;UNIDADE INTERNAÇÃO - CIRURGIA GERAL 4º ANDAR;2022,0;5,0;219,0;1766,0;157,0;1,394904458598726;11,248407643312103
HJXXIII;UNIDADE INTERNAÇÃO - CIRURGIA GERAL 4º ANDAR;2022,0;6,0;202,0;2397,0;154,0;1,3116883116883118;15,564935064935066
HJXXIII;UNIDADE INTERNAÇÃO - CIRURGIA GERAL 4º ANDAR;2022,0;7,0;238,0;1639,0;135,0;1,762962962962963;12,14074074074074
HJXXIII;UNIDADE INTERNAÇÃO - CIRURGIA GERAL 4º ANDAR;2022,0;8,0;217,0;1852,0;156,0;1,391025641025641;11,871794871794872
HJXXIII;UNIDADE INTERNAÇÃO - CIRURGIA GERAL 4º ANDAR;2022,0;9,0;217,0;2142,0;148,0;1,4662162162162162;14,472972972972974
HJXXIII;UNIDADE INTERNAÇÃO - CIRURGIA GERAL 4º ANDAR;2022,0;10,0;245,0;2153,0;149,0;1,6442953020134228;14,449664429530202
HJXXIII;UNIDADE INTERNAÇÃO - CIRURGIA GERAL 4º ANDAR;2022,0;11,0;227,0;2929,0;147,0;1,5442176870748299;19,92517006802721
HJXXIII;UNIDADE INTERNAÇÃO - CIRURGIA GERAL 4º ANDAR;2022,0;12,0;194,0;2531,0;152,0;1,2763157894736843;16,651315789473685
HJXXIII;UNIDADE INTERNAÇÃO - CIRURGIA GERAL 4º ANDAR;2023,0;1,0;162,0;2419,0;176,0;0,9204545454545454;13,744318181818182
HJXXIII;UNIDADE INTERNAÇÃO - CIRURGIA GERAL 4º ANDAR;2023,0;2,0;151,0;2034,0;123,0;1,2276422764227641;16,536585365853657
HJXXIII;UNIDADE INTERNAÇÃO - CIRURGIA GERAL 4º ANDAR;2023,0;3,0;236,0;2111,0;150,0;1,5733333333333333;14,073333333333334
HJXXIII;UNIDADE INTERNAÇÃO - CIRURGIA GERAL 4º ANDAR;2023,0;4,0;201,0;1668,0;137,0;1,467153284671533;12,175182481751825
HJXXIII;UNIDADE INTERNAÇÃO - CIRURGIA GERAL 4º ANDAR;2023,0;5,0;220,0;1853,0;170,0;1,2941176470588236;10,9
HJXXIII;UNIDADE INTERNAÇÃO - CIRURGIA GERAL 4º ANDAR;2023,0;6,0;167,0;1829,0;140,0;1,1928571428571428;13,064285714285715
HJXXIII;UNIDADE INTERNAÇÃO - CIRURGIA GERAL 4º ANDAR;2023,0;7,0;200,0;2140,0;150,0;1,3333333333333333;14,266666666666667
HJXXIII;UNIDADE INTERNAÇÃO - CIRURGIA GERAL 4º ANDAR;2023,0;8,0;253,0;2477,0;103,0;2,4563106796116503;24,04854368932039
HJXXIII;UNIDADE INTERNAÇÃO - CIRURGIA GERAL 4º ANDAR;2023,0;9,0;176,0;1803,0;143,0;1,2307692307692308;12,608391608391608
HJXXIII;UNIDADE INTERNAÇÃO - CIRURGIA GERAL 4º ANDAR;2023,0;10,0;173,0;1732,0;136,0;1,2720588235294117;12,735294117647058
HJXXIII;UNIDADE INTERNAÇÃO - CIRURGIA GERAL 4º ANDAR;2023,0;11,0;170,0;2130,0;134,0;1,2686567164179106;15,895522388059701
HJXXIII;UNIDADE INTERNAÇÃO - CIRURGIA GERAL 4º ANDAR;2023,0;12,0;132,0;1555,0;118,0;1,11864406779661;13,177966101694915
HJXXIII;UNIDADE INTERNAÇÃO - CIRURGIA GERAL 4º ANDAR;2024,0;1,0;179,0;2363,0;117,0;1,5299145299145298;20,196581196581196
HJXXIII;UNIDADE INTERNAÇÃO - CIRURGIA GERAL 4º ANDAR;2024,0;2,0;181,0;2394,0;103,0;1,7572815533980584;23,24271844660194
HJXXIII;UNIDADE INTERNAÇÃO - CIRURGIA GERAL 4º ANDAR;2024,0;3,0;176,0;2512,0;121,0;1,4545454545454546;20,760330578512395
HJXXIII;UNIDADE INTERNAÇÃO - CIRURGIA GERAL 4º ANDAR;2024,0;4,0;225,0;2349,0;145,0;1,5517241379310345;16,2
HJXXIII;UNIDADE INTERNAÇÃO - CIRURGIA GERAL 4º ANDAR;2024,0;5,0;223,0;2356,0;142,0;1,5704225352112675;16,591549295774648
HJXXIII;UNIDADE INTERNAÇÃO - CIRURGIA GERAL 4º ANDAR;2024,0;6,0;170,0;2267,0;153,0;1,1111111111111112;14,816993464052288
HJXXIII;UNIDADE INTERNAÇÃO - CIRURGIA GERAL 4º ANDAR;2024,0;7,0;182,0;2638,0;119,0;1,5294117647058822;22,168067226890756
HJXXIII;UNIDADE INTERNAÇÃO - CIRURGIA GERAL 4º ANDAR;2024,0;8,0;200,0;2224,0;131,0;1,5267175572519085;16,977099236641223
HJXXIII;UNIDADE INTERNAÇÃO - CIRURGIA GERAL 4º ANDAR;2024,0;9,0;255,0;2474,0;120,0;2,125;20,616666666666667
HJXXIII;UNIDADE INTERNAÇÃO - CIRURGIA GERAL 4º ANDAR;2024,0;10,0;177,0;1750,0;125,0;1,416;14,0
HJXXIII;UNIDADE INTERNAÇÃO - CIRURGIA GERAL 4º ANDAR;2024,0;11,0;186,0;1970,0;123,0;1,5121951219512195;16,016260162601625
HJXXIII;UNIDADE INTERNAÇÃO - CIRURGIA GERAL 4º ANDAR;2024,0;12,0;221,0;2286,0;133,0;1,6616541353383458;17,18796992481203
HJXXIII;UNIDADE INTERNAÇÃO - CIRURGIA GERAL 4º ANDAR;2025,0;1,0;175,0;2523,0;109,0;1,6055045871559632;23,146788990825687
HJXXIII;UNIDADE INTERNAÇÃO - CIRURGIA GERAL 4º ANDAR;2025,0;2,0;186,0;1802,0;114,0;1,631578947368421;15,807017543859649
HJXXIII;UNIDADE INTERNAÇÃO - CIRURGIA GERAL 4º ANDAR;2025,0;3,0;233,0;2123,0;126,0;1,8492063492063493;16,849206349206348
HJXXIII;UNIDADE INTERNAÇÃO - CIRURGIA GERAL 4º ANDAR;2025,0;4,0;219,0;2341,0;113,0;1,9380530973451326;20,716814159292035
HJXXIII;UNIDADE INTERNAÇÃO - CIRURGIA GERAL 4º ANDAR;2025,0;5,0;206,0;3120,0;131,0;1,5725190839694656;23,81679389312977
HJXXIII;UNIDADE INTERNAÇÃO - CIRURGIA GERAL 4º ANDAR;2025,0;6,0;244,0;2347,0;114,0;2,1403508771929824;20,587719298245613
HJXXIII;UNIDADE INTERNAÇÃO - CIRURGIA GERAL 4º ANDAR;2025,0;7,0;243,0;3096,0;94,0;2,5851063829787235;32,93617021276596
HJXXIII;UNIDADE INTERNAÇÃO - CIRURGIA GERAL 4º ANDAR;2025,0;8,0;194,0;2783,0;106,0;1,830188679245283;26,254716981132077
HJXXIII;UNIDADE INTERNAÇÃO - CIRURGIA GERAL 4º ANDAR;2025,0;9,0;207,0;2664,0;106,0;1,9528301886792452;25,132075471698112
HJXXIII;UNIDADE INTERNAÇÃO - CIRURGIA GERAL 4º ANDAR;2025,0;10,0;160,0;3081,0;109,0;1,4678899082568808;28,26605504587156
HJXXIII;UNIDADE INTERNAÇÃO - CIRURGIA GERAL 4º ANDAR;2025,0;11,0;140,0;3088,0;78,0;1,794871794871795;39,58974358974359
HJXXIII;UNIDADE INTERNAÇÃO - CIRURGIA GERAL 4º ANDAR;2025,0;12,0;238,0;3502,0;126,0;1,8888888888888888;27,793650793650794
HJXXIII;UNIDADE INTERNAÇÃO - CIRURGIA GERAL 4º ANDAR;2026,0;1,0;185,0;3021,0;91,0;2,032967032967033;33,1978021978022
HJXXIII;UNIDADE INTERNAÇÃO - CIRURGIA GERAL 4º ANDAR;2026,0;2,0;191,0;2868,0;95,0;2,0105263157894737;30,189473684210526
HJXXIII;UNIDADE INTERNAÇÃO - CIRURGIA GERAL 4º ANDAR;2026,0;3,0;232,0;3439,0;111,0;2,09009009009009;30,98198198198198
HJXXIII;UNIDADE INTERNAÇÃO - CIRURGIA GERAL 4º ANDAR;2026,0;4,0;214,0;3764,0;99,0;2,1616161616161618;38,02020202020202
HJXXIII;UNIDADE INTERNAÇÃO - CIRURGIA GERAL 4º ANDAR;2026,0;5,0;173,0;4188,0;92,0;1,8804347826086956;45,52173913043478
HJXXIII;UNIDADE INTERNAÇÃO - CIRURGIA GERAL 4º ANDAR;2026,0;6,0;208,0;3564,0;131,0;1,5877862595419847;27,206106870229007
HJXXIII;UNIDADE INTERNAÇÃO - CIRURGIA GERAL 4º ANDAR;2026,0;7,0;200,0;3146,0;104,0;1,9230769230769231;30,25
HJXXIII;UNIDADE INTERNAÇÃO - CIRURGIA GERAL 4º ANDAR;2026,0;8,0;243,0;3892,0;105,0;2,3142857142857145;37,06666666666667
HJXXIII;UNIDADE INTERNAÇÃO - CIRURGIA PLÁSTICA 7º ANDAR;2019,0;1,0;192,0;1265,0;106,0;1,8113207547169812;11,933962264150944
HJXXIII;UNIDADE INTERNAÇÃO - CIRURGIA PLÁSTICA 7º ANDAR;2019,0;2,0;146,0;1676,0;102,0;1,4313725490196079;16,431372549019606
HJXXIII;UNIDADE INTERNAÇÃO - CIRURGIA PLÁSTICA 7º ANDAR;2019,0;3,0;160,0;1995,0;74,0;2,1621621621621623;26,95945945945946
HJXXIII;UNIDADE INTERNAÇÃO - CIRURGIA PLÁSTICA 7º ANDAR;2019,0;4,0;161,0;1710,0;91,0;1,7692307692307692;18,791208791208792
HJXXIII;UNIDADE INTERNAÇÃO - CIRURGIA PLÁSTICA 7º ANDAR;2019,0;5,0;162,0;1606,0;83,0;1,9518072289156627;19,349397590361445
HJXXIII;UNIDADE INTERNAÇÃO - CIRURGIA PLÁSTICA 7º ANDAR;2019,0;6,0;130,0;1523,0;81,0;1,6049382716049383;18,80246913580247
HJXXIII;UNIDADE INTERNAÇÃO - CIRURGIA PLÁSTICA 7º ANDAR;2019,0;7,0;132,0;1549,0;79,0;1,6708860759493671;19,60759493670886
HJXXIII;UNIDADE INTERNAÇÃO - CIRURGIA PLÁSTICA 7º ANDAR;2019,0;8,0;163,0;1817,0;100,0;1,63;18,17
HJXXIII;UNIDADE INTERNAÇÃO - CIRURGIA PLÁSTICA 7º ANDAR;2019,0;9,0;211,0;1949,0;99,0;2,1313131313131315;19,68686868686869
HJXXIII;UNIDADE INTERNAÇÃO - CIRURGIA PLÁSTICA 7º ANDAR;2019,0;10,0;182,0;1622,0;101,0;1,801980198019802;16,059405940594058
HJXXIII;UNIDADE INTERNAÇÃO - CIRURGIA PLÁSTICA 7º ANDAR;2019,0;11,0;209,0;1755,0;90,0;2,3222222222222224;19,5
HJXXIII;UNIDADE INTERNAÇÃO - CIRURGIA PLÁSTICA 7º ANDAR;2019,0;12,0;194,0;1352,0;109,0;1,7798165137614679;12,403669724770642
HJXXIII;UNIDADE INTERNAÇÃO - CIRURGIA PLÁSTICA 7º ANDAR;2020,0;1,0;198,0;2243,0;75,0;2,64;29,906666666666666
HJXXIII;UNIDADE INTERNAÇÃO - CIRURGIA PLÁSTICA 7º ANDAR;2020,0;2,0;165,0;1836,0;83,0;1,9879518072289157;22,120481927710845
HJXXIII;UNIDADE INTERNAÇÃO - CIRURGIA PLÁSTICA 7º ANDAR;2020,0;3,0;202,0;1198,0;121,0;1,6694214876033058;9,900826446280991
HJXXIII;UNIDADE INTERNAÇÃO - CIRURGIA PLÁSTICA 7º ANDAR;2020,0;4,0;170,0;1087,0;112,0;1,5178571428571428;9,705357142857142
HJXXIII;UNIDADE INTERNAÇÃO - CIRURGIA PLÁSTICA 7º ANDAR;2020,0;5,0;150,0;1318,0;148,0;1,0135135135135136;8,905405405405405
HJXXIII;UNIDADE INTERNAÇÃO - CIRURGIA PLÁSTICA 7º ANDAR;2020,0;6,0;185,0;1214,0;136,0;1,3602941176470589;8,926470588235293
HJXXIII;UNIDADE INTERNAÇÃO - CIRURGIA PLÁSTICA 7º ANDAR;2020,0;7,0;177,0;1588,0;96,0;1,84375;16,541666666666668
HJXXIII;UNIDADE INTERNAÇÃO - CIRURGIA PLÁSTICA 7º ANDAR;2020,0;8,0;183,0;2535,0;99,0;1,8484848484848484;25,606060606060606
HJXXIII;UNIDADE INTERNAÇÃO - CIRURGIA PLÁSTICA 7º ANDAR;2020,0;9,0;145,0;1409,0;110,0;1,3181818181818181;12,809090909090909
HJXXIII;UNIDADE INTERNAÇÃO - CIRURGIA PLÁSTICA 7º ANDAR;2020,0;10,0;140,0;1444,0;122,0;1,1475409836065573;11,836065573770492
HJXXIII;UNIDADE INTERNAÇÃO - CIRURGIA PLÁSTICA 7º ANDAR;2020,0;11,0;159,0;1370,0;108,0;1,4722222222222223;12,685185185185185
HJXXIII;UNIDADE INTERNAÇÃO - CIRURGIA PLÁSTICA 7º ANDAR;2020,0;12,0;146,0;1590,0;130,0;1,123076923076923;12,23076923076923
HJXXIII;UNIDADE INTERNAÇÃO - CIRURGIA PLÁSTICA 7º ANDAR;2021,0;1,0;174,0;1312,0;134,0;1,2985074626865671;9,791044776119403
HJXXIII;UNIDADE INTERNAÇÃO - CIRURGIA PLÁSTICA 7º ANDAR;2021,0;2,0;125,0;2284,0;144,0;0,8680555555555556;15,86111111111111
HJXXIII;UNIDADE INTERNAÇÃO - CIRURGIA PLÁSTICA 7º ANDAR;2021,0;3,0;171,0;2107,0;175,0;0,9771428571428571;12,04
HJXXIII;UNIDADE INTERNAÇÃO - CIRURGIA PLÁSTICA 7º ANDAR;2021,0;4,0;182,0;2580,0;157,0;1,1592356687898089;16,43312101910828
HJXXIII;UNIDADE INTERNAÇÃO - CIRURGIA PLÁSTICA 7º ANDAR;2021,0;5,0;173,0;2173,0;156,0;1,108974358974359;13,929487179487179
HJXXIII;UNIDADE INTERNAÇÃO - CIRURGIA PLÁSTICA 7º ANDAR;2021,0;6,0;191,0;2608,0;139,0;1,3741007194244603;18,762589928057555
HJXXIII;UNIDADE INTERNAÇÃO - CIRURGIA PLÁSTICA 7º ANDAR;2021,0;7,0;209,0;2348,0;150,0;1,3933333333333333;15,653333333333334
HJXXIII;UNIDADE INTERNAÇÃO - CIRURGIA PLÁSTICA 7º ANDAR;2021,0;8,0;137,0;1992,0;140,0;0,9785714285714285;14,228571428571428
HJXXIII;UNIDADE INTERNAÇÃO - CIRURGIA PLÁSTICA 7º ANDAR;2021,0;9,0;239,0;2189,0;141,0;1,6950354609929077;15,52482269503546
HJXXIII;UNIDADE INTERNAÇÃO - CIRURGIA PLÁSTICA 7º ANDAR;2021,0;10,0;169,0;2814,0;134,0;1,2611940298507462;21,0
HJXXIII;UNIDADE INTERNAÇÃO - CIRURGIA PLÁSTICA 7º ANDAR;2021,0;11,0;176,0;2676,0;141,0;1,24822695035461;18,97872340425532
HJXXIII;UNIDADE INTERNAÇÃO - CIRURGIA PLÁSTICA 7º ANDAR;2021,0;12,0;156,0;2414,0;92,0;1,6956521739130435;26,23913043478261
HJXXIII;UNIDADE INTERNAÇÃO - CIRURGIA PLÁSTICA 7º ANDAR;2022,0;1,0;174,0;2220,0;129,0;1,3488372093023255;17,209302325581394
HJXXIII;UNIDADE INTERNAÇÃO - CIRURGIA PLÁSTICA 7º ANDAR;2022,0;2,0;168,0;2093,0;106,0;1,5849056603773586;19,745283018867923
HJXXIII;UNIDADE INTERNAÇÃO - CIRURGIA PLÁSTICA 7º ANDAR;2022,0;3,0;194,0;2894,0;124,0;1,564516129032258;23,338709677419356
HJXXIII;UNIDADE INTERNAÇÃO - CIRURGIA PLÁSTICA 7º ANDAR;2022,0;4,0;171,0;2437,0;143,0;1,1958041958041958;17,041958041958043
HJXXIII;UNIDADE INTERNAÇÃO - CIRURGIA PLÁSTICA 7º ANDAR;2022,0;5,0;197,0;2640,0;149,0;1,3221476510067114;17,71812080536913
HJXXIII;UNIDADE INTERNAÇÃO - CIRURGIA PLÁSTICA 7º ANDAR;2022,0;6,0;151,0;1399,0;156,0;0,967948717948718;8,967948717948717
HJXXIII;UNIDADE INTERNAÇÃO - CIRURGIA PLÁSTICA 7º ANDAR;2022,0;7,0;191,0;1767,0;145,0;1,3172413793103448;12,186206896551724
HJXXIII;UNIDADE INTERNAÇÃO - CIRURGIA PLÁSTICA 7º ANDAR;2022,0;8,0;214,0;2072,0;130,0;1,646153846153846;15,938461538461539
HJXXIII;UNIDADE INTERNAÇÃO - CIRURGIA PLÁSTICA 7º ANDAR;2022,0;9,0;153,0;1702,0;102,0;1,5;16,686274509803923
HJXXIII;UNIDADE INTERNAÇÃO - CIRURGIA PLÁSTICA 7º ANDAR;2022,0;10,0;180,0;2293,0;83,0;2,1686746987951806;27,626506024096386
HJXXIII;UNIDADE INTERNAÇÃO - CIRURGIA PLÁSTICA 7º ANDAR;2022,0;11,0;162,0;1940,0;98,0;1,653061224489796;19,79591836734694
HJXXIII;UNIDADE INTERNAÇÃO - CIRURGIA PLÁSTICA 7º ANDAR;2022,0;12,0;151,0;2606,0;109,0;1,385321100917431;23,908256880733944
HJXXIII;UNIDADE INTERNAÇÃO - CIRURGIA PLÁSTICA 7º ANDAR;2023,0;1,0;150,0;1985,0;120,0;1,25;16,541666666666668
HJXXIII;UNIDADE INTERNAÇÃO - CIRURGIA PLÁSTICA 7º ANDAR;2023,0;2,0;141,0;2410,0;101,0;1,396039603960396;23,861386138613863
HJXXIII;UNIDADE INTERNAÇÃO - CIRURGIA PLÁSTICA 7º ANDAR;2023,0;3,0;206,0;2168,0;109,0;1,889908256880734;19,889908256880734
HJXXIII;UNIDADE INTERNAÇÃO - CIRURGIA PLÁSTICA 7º ANDAR;2023,0;4,0;184,0;1695,0;113,0;1,6283185840707965;15,0
HJXXIII;UNIDADE INTERNAÇÃO - CIRURGIA PLÁSTICA 7º ANDAR;2023,0;5,0;174,0;1451,0;115,0;1,5130434782608695;12,617391304347827
HJXXIII;UNIDADE INTERNAÇÃO - CIRURGIA PLÁSTICA 7º ANDAR;2023,0;6,0;165,0;2058,0;87,0;1,896551724137931;23,655172413793103
HJXXIII;UNIDADE INTERNAÇÃO - CIRURGIA PLÁSTICA 7º ANDAR;2023,0;7,0;212,0;2232,0;101,0;2,099009900990099;22,099009900990097
HJXXIII;UNIDADE INTERNAÇÃO - CIRURGIA PLÁSTICA 7º ANDAR;2023,0;8,0;179,0;2883,0;99,0;1,8080808080808082;29,12121212121212
HJXXIII;UNIDADE INTERNAÇÃO - CIRURGIA PLÁSTICA 7º ANDAR;2023,0;9,0;167,0;2735,0;75,0;2,2266666666666666;36,46666666666667
HJXXIII;UNIDADE INTERNAÇÃO - CIRURGIA PLÁSTICA 7º ANDAR;2023,0;10,0;127,0;1736,0;98,0;1,2959183673469388;17,714285714285715
HJXXIII;UNIDADE INTERNAÇÃO - CIRURGIA PLÁSTICA 7º ANDAR;2023,0;11,0;149,0;1930,0;83,0;1,7951807228915662;23,253012048192772
HJXXIII;UNIDADE INTERNAÇÃO - CIRURGIA PLÁSTICA 7º ANDAR;2023,0;12,0;104,0;1663,0;98,0;1,0612244897959184;16,96938775510204
HJXXIII;UNIDADE INTERNAÇÃO - CIRURGIA PLÁSTICA 7º ANDAR;2024,0;1,0;131,0;2168,0;89,0;1,4719101123595506;24,359550561797754
HJXXIII;UNIDADE INTERNAÇÃO - CIRURGIA PLÁSTICA 7º ANDAR;2024,0;2,0;130,0;2770,0;101,0;1,2871287128712872;27,425742574257427
HJXXIII;UNIDADE INTERNAÇÃO - CIRURGIA PLÁSTICA 7º ANDAR;2024,0;3,0;179,0;2583,0;100,0;1,79;25,83
HJXXIII;UNIDADE INTERNAÇÃO - CIRURGIA PLÁSTICA 7º ANDAR;2024,0;4,0;155,0;2022,0;109,0;1,4220183486238531;18,55045871559633
HJXXIII;UNIDADE INTERNAÇÃO - CIRURGIA PLÁSTICA 7º ANDAR;2024,0;5,0;166,0;2748,0;140,0;1,1857142857142857;19,62857142857143
HJXXIII;UNIDADE INTERNAÇÃO - CIRURGIA PLÁSTICA 7º ANDAR;2024,0;6,0;208,0;2742,0;97,0;2,1443298969072164;28,2680412371134
HJXXIII;UNIDADE INTERNAÇÃO - CIRURGIA PLÁSTICA 7º ANDAR;2024,0;7,0;201,0;2666,0;102,0;1,9705882352941178;26,137254901960784
HJXXIII;UNIDADE INTERNAÇÃO - CIRURGIA PLÁSTICA 7º ANDAR;2024,0;8,0;159,0;2446,0;73,0;2,1780821917808217;33,50684931506849
HJXXIII;UNIDADE INTERNAÇÃO - CIRURGIA PLÁSTICA 7º ANDAR;2024,0;9,0;147,0;1717,0;102,0;1,4411764705882353;16,833333333333332
HJXXIII;UNIDADE INTERNAÇÃO - CIRURGIA PLÁSTICA 7º ANDAR;2024,0;10,0;194,0;2024,0;87,0;2,2298850574712645;23,264367816091955
HJXXIII;UNIDADE INTERNAÇÃO - CIRURGIA PLÁSTICA 7º ANDAR;2024,0;11,0;130,0;2071,0;82,0;1,5853658536585367;25,25609756097561
HJXXIII;UNIDADE INTERNAÇÃO - CIRURGIA PLÁSTICA 7º ANDAR;2024,0;12,0;130,0;2308,0;86,0;1,5116279069767442;26,837209302325583
HJXXIII;UNIDADE INTERNAÇÃO - CIRURGIA PLÁSTICA 7º ANDAR;2025,0;1,0;123,0;1974,0;86,0;1,430232558139535;22,953488372093023
HJXXIII;UNIDADE INTERNAÇÃO - CIRURGIA PLÁSTICA 7º ANDAR;2025,0;2,0;122,0;1521,0;81,0;1,5061728395061729;18,77777777777778
HJXXIII;UNIDADE INTERNAÇÃO - CIRURGIA PLÁSTICA 7º ANDAR;2025,0;3,0;222,0;1742,0;80,0;2,775;21,775
HJXXIII;UNIDADE INTERNAÇÃO - CIRURGIA PLÁSTICA 7º ANDAR;2025,0;4,0;144,0;1980,0;68,0;2,1176470588235294;29,11764705882353
HJXXIII;UNIDADE INTERNAÇÃO - CIRURGIA PLÁSTICA 7º ANDAR;2025,0;5,0;164,0;2196,0;113,0;1,4513274336283186;19,43362831858407
HJXXIII;UNIDADE INTERNAÇÃO - CIRURGIA PLÁSTICA 7º ANDAR;2025,0;6,0;138,0;2413,0;78,0;1,7692307692307692;30,935897435897434
HJXXIII;UNIDADE INTERNAÇÃO - CIRURGIA PLÁSTICA 7º ANDAR;2025,0;7,0;147,0;2243,0;76,0;1,9342105263157894;29,513157894736842
HJXXIII;UNIDADE INTERNAÇÃO - CIRURGIA PLÁSTICA 7º ANDAR;2025,0;8,0;153,0;2184,0;85,0;1,8;25,694117647058825
HJXXIII;UNIDADE INTERNAÇÃO - CIRURGIA PLÁSTICA 7º ANDAR;2025,0;9,0;167,0;2798,0;120,0;1,3916666666666666;23,316666666666666
HJXXIII;UNIDADE INTERNAÇÃO - CIRURGIA PLÁSTICA 7º ANDAR;2025,0;10,0;134,0;2023,0;105,0;1,276190476190476;19,266666666666666
HJXXIII;UNIDADE INTERNAÇÃO - CIRURGIA PLÁSTICA 7º ANDAR;2025,0;11,0;127,0;1908,0;82,0;1,548780487804878;23,26829268292683
HJXXIII;UNIDADE INTERNAÇÃO - CIRURGIA PLÁSTICA 7º ANDAR;2025,0;12,0;153,0;2264,0;93,0;1,6451612903225807;24,344086021505376
HJXXIII;UNIDADE INTERNAÇÃO - CIRURGIA PLÁSTICA 7º ANDAR;2026,0;1,0;118,0;2439,0;70,0;1,6857142857142857;34,84285714285714
HJXXIII;UNIDADE INTERNAÇÃO - CIRURGIA PLÁSTICA 7º ANDAR;2026,0;2,0;139,0;2047,0;81,0;1,7160493827160495;25,271604938271604
HJXXIII;UNIDADE INTERNAÇÃO - CIRURGIA PLÁSTICA 7º ANDAR;2026,0;3,0;190,0;2229,0;100,0;1,9;22,29
HJXXIII;UNIDADE INTERNAÇÃO - CIRURGIA PLÁSTICA 7º ANDAR;2026,0;4,0;190,0;2183,0;70,0;2,7142857142857144;31,185714285714287
HJXXIII;UNIDADE INTERNAÇÃO - CIRURGIA PLÁSTICA 7º ANDAR;2026,0;5,0;140,0;1962,0;100,0;1,4;19,62
HJXXIII;UNIDADE INTERNAÇÃO - CIRURGIA PLÁSTICA 7º ANDAR;2026,0;6,0;152,0;1652,0;92,0;1,6521739130434783;17,956521739130434
HJXXIII;UNIDADE INTERNAÇÃO - CIRURGIA PLÁSTICA 7º ANDAR;2026,0;7,0;188,0;2083,0;98,0;1,9183673469387754;21,255102040816325
HJXXIII;UNIDADE INTERNAÇÃO - CIRURGIA PLÁSTICA 7º ANDAR;2026,0;8,0;203,0;2510,0;91,0;2,230769230769231;27,582417582417584
HJXXIII;UNIDADE INTERNAÇÃO - CLINICA CUIDADOS PROGRESSIVOS 3º ANDAR;2019,0;1,0;36,0;2515,0;6,0;6,0;419,1666666666667
HJXXIII;UNIDADE INTERNAÇÃO - CLINICA CUIDADOS PROGRESSIVOS 3º ANDAR;2019,0;2,0;115,0;2013,0;4,0;28,75;503,25
HJXXIII;UNIDADE INTERNAÇÃO - CLINICA CUIDADOS PROGRESSIVOS 3º ANDAR;2019,0;3,0;34,0;2940,0;3,0;11,333333333333334;980,0
HJXXIII;UNIDADE INTERNAÇÃO - CLINICA CUIDADOS PROGRESSIVOS 3º ANDAR;2019,0;4,0;58,0;2102,0;3,0;19,333333333333332;700,6666666666666
HJXXIII;UNIDADE INTERNAÇÃO - CLINICA CUIDADOS PROGRESSIVOS 3º ANDAR;2019,0;5,0;63,0;2113,0;8,0;7,875;264,125
HJXXIII;UNIDADE INTERNAÇÃO - CLINICA CUIDADOS PROGRESSIVOS 3º ANDAR;2019,0;6,0;72,0;2010,0;5,0;14,4;402,0
HJXXIII;UNIDADE INTERNAÇÃO - CLINICA CUIDADOS PROGRESSIVOS 3º ANDAR;2019,0;7,0;99,0;2709,0;5,0;19,8;541,8
HJXXIII;UNIDADE INTERNAÇÃO - CLINICA CUIDADOS PROGRESSIVOS 3º ANDAR;2019,0;8,0;82,0;2157,0;5,0;16,4;431,4
HJXXIII;UNIDADE INTERNAÇÃO - CLINICA CUIDADOS PROGRESSIVOS 3º ANDAR;2019,0;9,0;109,0;2075,0;5,0;21,8;415,0
HJXXIII;UNIDADE INTERNAÇÃO - CLINICA CUIDADOS PROGRESSIVOS 3º ANDAR;2019,0;10,0;100,0;2528,0;6,0;16,666666666666668;421,3333333333333
HJXXIII;UNIDADE INTERNAÇÃO - CLINICA CUIDADOS PROGRESSIVOS 3º ANDAR;2019,0;11,0;76,0;2089,0;3,0;25,333333333333332;696,3333333333334
HJXXIII;UNIDADE INTERNAÇÃO - CLINICA CUIDADOS PROGRESSIVOS 3º ANDAR;2019,0;12,0;89,0;2299,0;3,0;29,666666666666668;766,3333333333334
HJXXIII;UNIDADE INTERNAÇÃO - CLINICA CUIDADOS PROGRESSIVOS 3º ANDAR;2020,0;1,0;98,0;2483,0;2,0;49,0;1241,5
HJXXIII;UNIDADE INTERNAÇÃO - CLINICA CUIDADOS PROGRESSIVOS 3º ANDAR;2020,0;2,0;49,0;2138,0;4,0;12,25;534,5
HJXXIII;UNIDADE INTERNAÇÃO - CLINICA CUIDADOS PROGRESSIVOS 3º ANDAR;2020,0;3,0;86,0;2708,0;9,0;9,555555555555555;300,8888888888889
HJXXIII;UNIDADE INTERNAÇÃO - CLINICA CUIDADOS PROGRESSIVOS 3º ANDAR;2020,0;4,0;94,0;2670,0;9,0;10,444444444444445;296,6666666666667
HJXXIII;UNIDADE INTERNAÇÃO - CLINICA CUIDADOS PROGRESSIVOS 3º ANDAR;2020,0;5,0;100,0;3190,0;8,0;12,5;398,75
HJXXIII;UNIDADE INTERNAÇÃO - CLINICA CUIDADOS PROGRESSIVOS 3º ANDAR;2020,0;6,0;76,0;2814,0;4,0;19,0;703,5
HJXXIII;UNIDADE INTERNAÇÃO - CLINICA CUIDADOS PROGRESSIVOS 3º ANDAR;2020,0;7,0;93,0;2553,0;15,0;6,2;170,2
HJXXIII;UNIDADE INTERNAÇÃO - CLINICA CUIDADOS PROGRESSIVOS 3º ANDAR;2020,0;8,0;93,0;3086,0;10,0;9,3;308,6
HJXXIII;UNIDADE INTERNAÇÃO - CLINICA CUIDADOS PROGRESSIVOS 3º ANDAR;2020,0;9,0;102,0;3703,0;14,0;7,285714285714286;264,5
HJXXIII;UNIDADE INTERNAÇÃO - CLINICA CUIDADOS PROGRESSIVOS 3º ANDAR;2020,0;10,0;125,0;3166,0;9,0;13,88888888888889;351,77777777777777
HJXXIII;UNIDADE INTERNAÇÃO - CLINICA CUIDADOS PROGRESSIVOS 3º ANDAR;2020,0;11,0;100,0;3617,0;8,0;12,5;452,125
HJXXIII;UNIDADE INTERNAÇÃO - CLINICA CUIDADOS PROGRESSIVOS 3º ANDAR;2020,0;12,0;72,0;3020,0;5,0;14,4;604,0
HJXXIII;UNIDADE INTERNAÇÃO - CLINICA CUIDADOS PROGRESSIVOS 3º ANDAR;2021,0;1,0;136,0;2684,0;16,0;8,5;167,75
HJXXIII;UNIDADE INTERNAÇÃO - CLINICA CUIDADOS PROGRESSIVOS 3º ANDAR;2021,0;2,0;89,0;2345,0;4,0;22,25;586,25
HJXXIII;UNIDADE INTERNAÇÃO - CLINICA CUIDADOS PROGRESSIVOS 3º ANDAR;2021,0;3,0;86,0;2525,0;9,0;9,555555555555555;280,55555555555554
HJXXIII;UNIDADE INTERNAÇÃO - CLINICA CUIDADOS PROGRESSIVOS 3º ANDAR;2021,0;4,0;118,0;2960,0;4,0;29,5;740,0
HJXXIII;UNIDADE INTERNAÇÃO - CLINICA CUIDADOS PROGRESSIVOS 3º ANDAR;2021,0;5,0;100,0;3028,0;13,0;7,6923076923076925;232,92307692307693
HJXXIII;UNIDADE INTERNAÇÃO - CLINICA CUIDADOS PROGRESSIVOS 3º ANDAR;2021,0;6,0;92,0;2944,0;10,0;9,2;294,4
HJXXIII;UNIDADE INTERNAÇÃO - CLINICA CUIDADOS PROGRESSIVOS 3º ANDAR;2021,0;7,0;86,0;2885,0;12,0;7,166666666666667;240,41666666666666
HJXXIII;UNIDADE INTERNAÇÃO - CLINICA CUIDADOS PROGRESSIVOS 3º ANDAR;2021,0;8,0;87,0;3197,0;11,0;7,909090909090909;290,6363636363636
HJXXIII;UNIDADE INTERNAÇÃO - CLINICA CUIDADOS PROGRESSIVOS 3º ANDAR;2021,0;9,0;138,0;4222,0;9,0;15,333333333333334;469,1111111111111
HJXXIII;UNIDADE INTERNAÇÃO - CLINICA CUIDADOS PROGRESSIVOS 3º ANDAR;2021,0;10,0;122,0;4087,0;5,0;24,4;817,4
HJXXIII;UNIDADE INTERNAÇÃO - CLINICA CUIDADOS PROGRESSIVOS 3º ANDAR;2021,0;11,0;88,0;3533,0;10,0;8,8;353,3
HJXXIII;UNIDADE INTERNAÇÃO - CLINICA CUIDADOS PROGRESSIVOS 3º ANDAR;2021,0;12,0;65,0;3683,0;8,0;8,125;460,375
HJXXIII;UNIDADE INTERNAÇÃO - CLINICA CUIDADOS PROGRESSIVOS 3º ANDAR;2022,0;1,0;88,0;3158,0;9,0;9,777777777777779;350,8888888888889
HJXXIII;UNIDADE INTERNAÇÃO - CLINICA CUIDADOS PROGRESSIVOS 3º ANDAR;2022,0;2,0;88,0;3056,0;10,0;8,8;305,6
HJXXIII;UNIDADE INTERNAÇÃO - CLINICA CUIDADOS PROGRESSIVOS 3º ANDAR;2022,0;3,0;80,0;3402,0;6,0;13,333333333333334;567,0
HJXXIII;UNIDADE INTERNAÇÃO - CLINICA CUIDADOS PROGRESSIVOS 3º ANDAR;2022,0;4,0;80,0;3428,0;6,0;13,333333333333334;571,3333333333334
HJXXIII;UNIDADE INTERNAÇÃO - CLINICA CUIDADOS PROGRESSIVOS 3º ANDAR;2022,0;5,0;89,0;4202,0;10,0;8,9;420,2
HJXXIII;UNIDADE INTERNAÇÃO - CLINICA CUIDADOS PROGRESSIVOS 3º ANDAR;2022,0;6,0;115,0;4233,0;9,0;12,777777777777779;470,3333333333333
HJXXIII;UNIDADE INTERNAÇÃO - CLINICA CUIDADOS PROGRESSIVOS 3º ANDAR;2022,0;7,0;143,0;4288,0;6,0;23,833333333333332;714,6666666666666
HJXXIII;UNIDADE INTERNAÇÃO - CLINICA CUIDADOS PROGRESSIVOS 3º ANDAR;2022,0;8,0;144,0;4239,0;6,0;24,0;706,5
HJXXIII;UNIDADE INTERNAÇÃO - CLINICA CUIDADOS PROGRESSIVOS 3º ANDAR;2022,0;9,0;111,0;3488,0;8,0;13,875;436,0
HJXXIII;UNIDADE INTERNAÇÃO - CLINICA CUIDADOS PROGRESSIVOS 3º ANDAR;2022,0;10,0;111,0;3579,0;11,0;10,090909090909092;325,3636363636364
HJXXIII;UNIDADE INTERNAÇÃO - CLINICA CUIDADOS PROGRESSIVOS 3º ANDAR;2022,0;11,0;68,0;3439,0;5,0;13,6;687,8
HJXXIII;UNIDADE INTERNAÇÃO - CLINICA CUIDADOS PROGRESSIVOS 3º ANDAR;2022,0;12,0;109,0;4182,0;12,0;9,083333333333334;348,5
HJXXIII;UNIDADE INTERNAÇÃO - CLINICA CUIDADOS PROGRESSIVOS 3º ANDAR;2023,0;1,0;130,0;3751,0;4,0;32,5;937,75
HJXXIII;UNIDADE INTERNAÇÃO - CLINICA CUIDADOS PROGRESSIVOS 3º ANDAR;2023,0;2,0;116,0;3398,0;7,0;16,571428571428573;485,42857142857144
HJXXIII;UNIDADE INTERNAÇÃO - CLINICA CUIDADOS PROGRESSIVOS 3º ANDAR;2023,0;3,0;82,0;3596,0;7,0;11,714285714285714;513,7142857142857
HJXXIII;UNIDADE INTERNAÇÃO - CLINICA CUIDADOS PROGRESSIVOS 3º ANDAR;2023,0;4,0;81,0;3699,0;12,0;6,75;308,25
HJXXIII;UNIDADE INTERNAÇÃO - CLINICA CUIDADOS PROGRESSIVOS 3º ANDAR;2023,0;5,0;200,0;3591,0;14,0;14,285714285714286;256,5
HJXXIII;UNIDADE INTERNAÇÃO - CLINICA CUIDADOS PROGRESSIVOS 3º ANDAR;2023,0;6,0;194,0;5339,0;6,0;32,333333333333336;889,8333333333334
HJXXIII;UNIDADE INTERNAÇÃO - CLINICA CUIDADOS PROGRESSIVOS 3º ANDAR;2023,0;7,0;173,0;5413,0;5,0;34,6;1082,6
HJXXIII;UNIDADE INTERNAÇÃO - CLINICA CUIDADOS PROGRESSIVOS 3º ANDAR;2023,0;8,0;129,0;3625,0;2,0;64,5;1812,5
HJXXIII;UNIDADE INTERNAÇÃO - CLINICA CUIDADOS PROGRESSIVOS 3º ANDAR;2023,0;9,0;113,0;3003,0;6,0;18,833333333333332;500,5
HJXXIII;UNIDADE INTERNAÇÃO - CLINICA CUIDADOS PROGRESSIVOS 3º ANDAR;2023,0;10,0;134,0;3027,0;3,0;44,666666666666664;1009,0
HJXXIII;UNIDADE INTERNAÇÃO - CLINICA CUIDADOS PROGRESSIVOS 3º ANDAR;2023,0;11,0;117,0;2786,0;5,0;23,4;557,2
HJXXIII;UNIDADE INTERNAÇÃO - CLINICA CUIDADOS PROGRESSIVOS 3º ANDAR;2023,0;12,0;110,0;3925,0;8,0;13,75;490,625
HJXXIII;UNIDADE INTERNAÇÃO - CLINICA CUIDADOS PROGRESSIVOS 3º ANDAR;2024,0;1,0;168,0;5079,0;6,0;28,0;846,5
HJXXIII;UNIDADE INTERNAÇÃO - CLINICA CUIDADOS PROGRESSIVOS 3º ANDAR;2024,0;2,0;183,0;5438,0;12,0;15,25;453,1666666666667
HJXXIII;UNIDADE INTERNAÇÃO - CLINICA CUIDADOS PROGRESSIVOS 3º ANDAR;2024,0;3,0;175,0;5344,0;16,0;10,9375;334,0
HJXXIII;UNIDADE INTERNAÇÃO - CLINICA CUIDADOS PROGRESSIVOS 3º ANDAR;2024,0;4,0;207,0;6037,0;16,0;12,9375;377,3125
HJXXIII;UNIDADE INTERNAÇÃO - CLINICA CUIDADOS PROGRESSIVOS 3º ANDAR;2024,0;5,0;240,0;6075,0;10,0;24,0;607,5
HJXXIII;UNIDADE INTERNAÇÃO - CLINICA CUIDADOS PROGRESSIVOS 3º ANDAR;2024,0;6,0;225,0;5907,0;12,0;18,75;492,25
HJXXIII;UNIDADE INTERNAÇÃO - CLINICA CUIDADOS PROGRESSIVOS 3º ANDAR;2024,0;7,0;239,0;5832,0;4,0;59,75;1458,0
HJXXIII;UNIDADE INTERNAÇÃO - CLINICA CUIDADOS PROGRESSIVOS 3º ANDAR;2024,0;8,0;171,0;5669,0;12,0;14,25;472,4166666666667
HJXXIII;UNIDADE INTERNAÇÃO - CLINICA CUIDADOS PROGRESSIVOS 3º ANDAR;2024,0;9,0;168,0;5487,0;10,0;16,8;548,7
HJXXIII;UNIDADE INTERNAÇÃO - CLINICA CUIDADOS PROGRESSIVOS 3º ANDAR;2024,0;10,0;105,0;3350,0;7,0;15,0;478,57142857142856
HJXXIII;UNIDADE INTERNAÇÃO - CLINICA CUIDADOS PROGRESSIVOS 3º ANDAR;2024,0;11,0;83,0;3020,0;9,0;9,222222222222221;335,55555555555554
HJXXIII;UNIDADE INTERNAÇÃO - CLINICA CUIDADOS PROGRESSIVOS 3º ANDAR;2024,0;12,0;99,0;3804,0;8,0;12,375;475,5
HJXXIII;UNIDADE INTERNAÇÃO - CLINICA CUIDADOS PROGRESSIVOS 3º ANDAR;2025,0;1,0;120,0;4642,0;22,0;5,454545454545454;211,0
HJXXIII;UNIDADE INTERNAÇÃO - CLINICA CUIDADOS PROGRESSIVOS 3º ANDAR;2025,0;2,0;149,0;4836,0;8,0;18,625;604,5
HJXXIII;UNIDADE INTERNAÇÃO - CLINICA CUIDADOS PROGRESSIVOS 3º ANDAR;2025,0;3,0;179,0;4677,0;22,0;8,136363636363637;212,5909090909091
HJXXIII;UNIDADE INTERNAÇÃO - CLINICA CUIDADOS PROGRESSIVOS 3º ANDAR;2025,0;4,0;198,0;5917,0;20,0;9,9;295,85
HJXXIII;UNIDADE INTERNAÇÃO - CLINICA CUIDADOS PROGRESSIVOS 3º ANDAR;2025,0;5,0;238,0;6182,0;15,0;15,866666666666667;412,1333333333333
HJXXIII;UNIDADE INTERNAÇÃO - CLINICA CUIDADOS PROGRESSIVOS 3º ANDAR;2025,0;6,0;225,0;6168,0;16,0;14,0625;385,5
HJXXIII;UNIDADE INTERNAÇÃO - CLINICA CUIDADOS PROGRESSIVOS 3º ANDAR;2025,0;7,0;191,0;6397,0;25,0;7,64;255,88
HJXXIII;UNIDADE INTERNAÇÃO - CLINICA CUIDADOS PROGRESSIVOS 3º ANDAR;2025,0;8,0;213,0;6062,0;31,0;6,870967741935484;195,5483870967742
HJXXIII;UNIDADE INTERNAÇÃO - CLINICA CUIDADOS PROGRESSIVOS 3º ANDAR;2025,0;9,0;233,0;6670,0;16,0;14,5625;416,875
HJXXIII;UNIDADE INTERNAÇÃO - CLINICA CUIDADOS PROGRESSIVOS 3º ANDAR;2025,0;10,0;257,0;7276,0;20,0;12,85;363,8
HJXXIII;UNIDADE INTERNAÇÃO - CLINICA CUIDADOS PROGRESSIVOS 3º ANDAR;2025,0;11,0;224,0;6635,0;15,0;14,933333333333334;442,3333333333333
HJXXIII;UNIDADE INTERNAÇÃO - CLINICA CUIDADOS PROGRESSIVOS 3º ANDAR;2025,0;12,0;216,0;7085,0;16,0;13,5;442,8125
HJXXIII;UNIDADE INTERNAÇÃO - CLINICA CUIDADOS PROGRESSIVOS 3º ANDAR;2026,0;1,0;240,0;6998,0;8,0;30,0;874,75
HJXXIII;UNIDADE INTERNAÇÃO - CLINICA CUIDADOS PROGRESSIVOS 3º ANDAR;2026,0;2,0;196,0;5911,0;16,0;12,25;369,4375
HJXXIII;UNIDADE INTERNAÇÃO - CLINICA CUIDADOS PROGRESSIVOS 3º ANDAR;2026,0;3,0;230,0;6890,0;15,0;15,333333333333334;459,3333333333333
HJXXIII;UNIDADE INTERNAÇÃO - CLINICA CUIDADOS PROGRESSIVOS 3º ANDAR;2026,0;4,0;238,0;7348,0;7,0;34,0;1049,7142857142858
HJXXIII;UNIDADE INTERNAÇÃO - CLINICA CUIDADOS PROGRESSIVOS 3º ANDAR;2026,0;5,0;258,0;6507,0;17,0;15,176470588235293;382,7647058823529
HJXXIII;UNIDADE INTERNAÇÃO - CLINICA CUIDADOS PROGRESSIVOS 3º ANDAR;2026,0;6,0;239,0;6558,0;19,0;12,578947368421053;345,1578947368421
HJXXIII;UNIDADE INTERNAÇÃO - CLINICA CUIDADOS PROGRESSIVOS 3º ANDAR;2026,0;7,0;221,0;6455,0;19,0;11,631578947368421;339,7368421052632
HJXXIII;UNIDADE INTERNAÇÃO - CLINICA CUIDADOS PROGRESSIVOS 3º ANDAR;2026,0;8,0;221,0;5681,0;10,0;22,1;568,1
HJXXIII;UNIDADE INTERNAÇÃO - CLINICA MÉDICA 6º ANDAR;2019,0;1,0;197,0;3532,0;57,0;3,456140350877193;61,96491228070175
HJXXIII;UNIDADE INTERNAÇÃO - CLINICA MÉDICA 6º ANDAR;2019,0;2,0;231,0;3333,0;68,0;3,3970588235294117;49,01470588235294
HJXXIII;UNIDADE INTERNAÇÃO - CLINICA MÉDICA 6º ANDAR;2019,0;3,0;189,0;3456,0;54,0;3,5;64,0
HJXXIII;UNIDADE INTERNAÇÃO - CLINICA MÉDICA 6º ANDAR;2019,0;4,0;277,0;3601,0;57,0;4,859649122807017;63,175438596491226
HJXXIII;UNIDADE INTERNAÇÃO - CLINICA MÉDICA 6º ANDAR;2019,0;5,0;259,0;4160,0;58,0;4,4655172413793105;71,72413793103448
HJXXIII;UNIDADE INTERNAÇÃO - CLINICA MÉDICA 6º ANDAR;2019,0;6,0;242,0;3605,0;66,0;3,6666666666666665;54,621212121212125
HJXXIII;UNIDADE INTERNAÇÃO - CLINICA MÉDICA 6º ANDAR;2019,0;7,0;215,0;4108,0;68,0;3,161764705882353;60,411764705882355
HJXXIII;UNIDADE INTERNAÇÃO - CLINICA MÉDICA 6º ANDAR;2019,0;8,0;265,0;4008,0;76,0;3,486842105263158;52,73684210526316
HJXXIII;UNIDADE INTERNAÇÃO - CLINICA MÉDICA 6º ANDAR;2019,0;9,0;201,0;2654,0;65,0;3,0923076923076924;40,83076923076923
HJXXIII;UNIDADE INTERNAÇÃO - CLINICA MÉDICA 6º ANDAR;2019,0;10,0;224,0;4028,0;45,0;4,977777777777778;89,5111111111111
HJXXIII;UNIDADE INTERNAÇÃO - CLINICA MÉDICA 6º ANDAR;2019,0;11,0;201,0;3354,0;31,0;6,483870967741935;108,19354838709677
HJXXIII;UNIDADE INTERNAÇÃO - CLINICA MÉDICA 6º ANDAR;2019,0;12,0;195,0;3692,0;45,0;4,333333333333333;82,04444444444445
HJXXIII;UNIDADE INTERNAÇÃO - CLINICA MÉDICA 6º ANDAR;2020,0;1,0;234,0;3612,0;54,0;4,333333333333333;66,88888888888889
HJXXIII;UNIDADE INTERNAÇÃO - CLINICA MÉDICA 6º ANDAR;2020,0;2,0;211,0;3315,0;47,0;4,48936170212766;70,53191489361703
HJXXIII;UNIDADE INTERNAÇÃO - CLINICA MÉDICA 6º ANDAR;2020,0;3,0;204,0;2866,0;42,0;4,857142857142857;68,23809523809524
HJXXIII;UNIDADE INTERNAÇÃO - CLINICA MÉDICA 6º ANDAR;2020,0;4,0;195,0;3226,0;57,0;3,4210526315789473;56,59649122807018
HJXXIII;UNIDADE INTERNAÇÃO - CLINICA MÉDICA 6º ANDAR;2020,0;5,0;237,0;3514,0;60,0;3,95;58,56666666666667
HJXXIII;UNIDADE INTERNAÇÃO - CLINICA MÉDICA 6º ANDAR;2020,0;6,0;251,0;3687,0;49,0;5,122448979591836;75,24489795918367
HJXXIII;UNIDADE INTERNAÇÃO - CLINICA MÉDICA 6º ANDAR;2020,0;7,0;111,0;1726,0;38,0;2,9210526315789473;45,421052631578945
HJXXIII;UNIDADE INTERNAÇÃO - CLINICA MÉDICA 6º ANDAR;2020,0;8,0;98,0;1490,0;25,0;3,92;59,6
HJXXIII;UNIDADE INTERNAÇÃO - CLINICA MÉDICA 6º ANDAR;2020,0;9,0;95,0;1949,0;38,0;2,5;51,28947368421053
HJXXIII;UNIDADE INTERNAÇÃO - CLINICA MÉDICA 6º ANDAR;2020,0;10,0;112,0;2134,0;29,0;3,8620689655172415;73,58620689655173
HJXXIII;UNIDADE INTERNAÇÃO - CLINICA MÉDICA 6º ANDAR;2020,0;11,0;105,0;2192,0;26,0;4,038461538461538;84,3076923076923
HJXXIII;UNIDADE INTERNAÇÃO - CLINICA MÉDICA 6º ANDAR;2020,0;12,0;130,0;2596,0;38,0;3,4210526315789473;68,3157894736842
HJXXIII;UNIDADE INTERNAÇÃO - CLINICA MÉDICA 6º ANDAR;2021,0;1,0;104,0;2680,0;36,0;2,888888888888889;74,44444444444444
HJXXIII;UNIDADE INTERNAÇÃO - CLINICA MÉDICA 6º ANDAR;2021,0;2,0;99,0;2079,0;22,0;4,5;94,5
HJXXIII;UNIDADE INTERNAÇÃO - CLINICA MÉDICA 6º ANDAR;2021,0;3,0;121,0;2637,0;50,0;2,42;52,74
HJXXIII;UNIDADE INTERNAÇÃO - CLINICA MÉDICA 6º ANDAR;2021,0;4,0;105,0;2410,0;49,0;2,142857142857143;49,183673469387756
HJXXIII;UNIDADE INTERNAÇÃO - CLINICA MÉDICA 6º ANDAR;2021,0;5,0;189,0;3295,0;40,0;4,725;82,375
HJXXIII;UNIDADE INTERNAÇÃO - CLINICA MÉDICA 6º ANDAR;2021,0;6,0;140,0;3226,0;51,0;2,7450980392156863;63,254901960784316
HJXXIII;UNIDADE INTERNAÇÃO - CLINICA MÉDICA 6º ANDAR;2021,0;7,0;155,0;2689,0;59,0;2,6271186440677967;45,57627118644068
HJXXIII;UNIDADE INTERNAÇÃO - CLINICA MÉDICA 6º ANDAR;2021,0;8,0;111,0;3239,0;88,0;1,2613636363636365;36,80681818181818
HJXXIII;UNIDADE INTERNAÇÃO - CLINICA MÉDICA 6º ANDAR;2021,0;9,0;145,0;3225,0;78,0;1,858974358974359;41,34615384615385
HJXXIII;UNIDADE INTERNAÇÃO - CLINICA MÉDICA 6º ANDAR;2021,0;10,0;207,0;3124,0;51,0;4,0588235294117645;61,254901960784316
HJXXIII;UNIDADE INTERNAÇÃO - CLINICA MÉDICA 6º ANDAR;2021,0;11,0;210,0;4483,0;62,0;3,3870967741935485;72,30645161290323
HJXXIII;UNIDADE INTERNAÇÃO - CLINICA MÉDICA 6º ANDAR;2021,0;12,0;224,0;3694,0;69,0;3,246376811594203;53,53623188405797
HJXXIII;UNIDADE INTERNAÇÃO - CLINICA MÉDICA 6º ANDAR;2022,0;1,0;150,0;3393,0;59,0;2,542372881355932;57,50847457627118
HJXXIII;UNIDADE INTERNAÇÃO - CLINICA MÉDICA 6º ANDAR;2022,0;2,0;148,0;2256,0;44,0;3,3636363636363638;51,27272727272727
HJXXIII;UNIDADE INTERNAÇÃO - CLINICA MÉDICA 6º ANDAR;2022,0;3,0;191,0;2827,0;50,0;3,82;56,54
HJXXIII;UNIDADE INTERNAÇÃO - CLINICA MÉDICA 6º ANDAR;2022,0;4,0;211,0;3434,0;49,0;4,3061224489795915;70,08163265306122
HJXXIII;UNIDADE INTERNAÇÃO - CLINICA MÉDICA 6º ANDAR;2022,0;5,0;190,0;3348,0;50,0;3,8;66,96
HJXXIII;UNIDADE INTERNAÇÃO - CLINICA MÉDICA 6º ANDAR;2022,0;6,0;149,0;2721,0;56,0;2,6607142857142856;48,589285714285715
HJXXIII;UNIDADE INTERNAÇÃO - CLINICA MÉDICA 6º ANDAR;2022,0;7,0;162,0;3088,0;65,0;2,4923076923076923;47,50769230769231
HJXXIII;UNIDADE INTERNAÇÃO - CLINICA MÉDICA 6º ANDAR;2022,0;8,0;150,0;2694,0;50,0;3,0;53,88
HJXXIII;UNIDADE INTERNAÇÃO - CLINICA MÉDICA 6º ANDAR;2022,0;9,0;161,0;2832,0;48,0;3,3541666666666665;59,0
HJXXIII;UNIDADE INTERNAÇÃO - CLINICA MÉDICA 6º ANDAR;2022,0;10,0;177,0;3902,0;52,0;3,4038461538461537;75,03846153846153
HJXXIII;UNIDADE INTERNAÇÃO - CLINICA MÉDICA 6º ANDAR;2022,0;11,0;139,0;3526,0;45,0;3,088888888888889;78,35555555555555
HJXXIII;UNIDADE INTERNAÇÃO - CLINICA MÉDICA 6º ANDAR;2022,0;12,0;207,0;3974,0;55,0;3,7636363636363637;72,25454545454545
HJXXIII;UNIDADE INTERNAÇÃO - CLINICA MÉDICA 6º ANDAR;2023,0;1,0;189,0;3508,0;54,0;3,5;64,96296296296296
HJXXIII;UNIDADE INTERNAÇÃO - CLINICA MÉDICA 6º ANDAR;2023,0;2,0;115,0;2955,0;46,0;2,5;64,23913043478261
HJXXIII;UNIDADE INTERNAÇÃO - CLINICA MÉDICA 6º ANDAR;2023,0;3,0;155,0;2488,0;44,0;3,522727272727273;56,54545454545455
HJXXIII;UNIDADE INTERNAÇÃO - CLINICA MÉDICA 6º ANDAR;2023,0;4,0;126,0;1813,0;46,0;2,739130434782609;39,41304347826087
HJXXIII;UNIDADE INTERNAÇÃO - CLINICA MÉDICA 6º ANDAR;2023,0;5,0;195,0;3052,0;40,0;4,875;76,3
HJXXIII;UNIDADE INTERNAÇÃO - CLINICA MÉDICA 6º ANDAR;2023,0;6,0;143,0;2985,0;30,0;4,766666666666667;99,5
HJXXIII;UNIDADE INTERNAÇÃO - CLINICA MÉDICA 6º ANDAR;2023,0;7,0;170,0;2382,0;36,0;4,722222222222222;66,16666666666667
HJXXIII;UNIDADE INTERNAÇÃO - CLINICA MÉDICA 6º ANDAR;2023,0;8,0;129,0;2879,0;39,0;3,3076923076923075;73,82051282051282
HJXXIII;UNIDADE INTERNAÇÃO - CLINICA MÉDICA 6º ANDAR;2023,0;9,0;149,0;3699,0;23,0;6,478260869565218;160,82608695652175
HJXXIII;UNIDADE INTERNAÇÃO - CLINICA MÉDICA 6º ANDAR;2023,0;10,0;113,0;2114,0;37,0;3,054054054054054;57,13513513513514
HJXXIII;UNIDADE INTERNAÇÃO - CLINICA MÉDICA 6º ANDAR;2023,0;11,0;156,0;3221,0;34,0;4,588235294117647;94,73529411764706
HJXXIII;UNIDADE INTERNAÇÃO - CLINICA MÉDICA 6º ANDAR;2023,0;12,0;134,0;3007,0;33,0;4,0606060606060606;91,12121212121212
HJXXIII;UNIDADE INTERNAÇÃO - CLINICA MÉDICA 6º ANDAR;2024,0;1,0;126,0;4325,0;46,0;2,739130434782609;94,02173913043478
HJXXIII;UNIDADE INTERNAÇÃO - CLINICA MÉDICA 6º ANDAR;2024,0;2,0;134,0;3089,0;47,0;2,851063829787234;65,72340425531915
HJXXIII;UNIDADE INTERNAÇÃO - CLINICA MÉDICA 6º ANDAR;2024,0;3,0;146,0;3503,0;49,0;2,979591836734694;71,48979591836735
HJXXIII;UNIDADE INTERNAÇÃO - CLINICA MÉDICA 6º ANDAR;2024,0;4,0;143,0;3352,0;54,0;2,6481481481481484;62,074074074074076
HJXXIII;UNIDADE INTERNAÇÃO - CLINICA MÉDICA 6º ANDAR;2024,0;5,0;162,0;3546,0;48,0;3,375;73,875
HJXXIII;UNIDADE INTERNAÇÃO - CLINICA MÉDICA 6º ANDAR;2024,0;6,0;161,0;3587,0;40,0;4,025;89,675
HJXXIII;UNIDADE INTERNAÇÃO - CLINICA MÉDICA 6º ANDAR;2024,0;7,0;141,0;3325,0;29,0;4,862068965517241;114,65517241379311
HJXXIII;UNIDADE INTERNAÇÃO - CLINICA MÉDICA 6º ANDAR;2024,0;8,0;138,0;3786,0;39,0;3,5384615384615383;97,07692307692308
HJXXIII;UNIDADE INTERNAÇÃO - CLINICA MÉDICA 6º ANDAR;2024,0;9,0;149,0;3354,0;42,0;3,5476190476190474;79,85714285714286
HJXXIII;UNIDADE INTERNAÇÃO - CLINICA MÉDICA 6º ANDAR;2024,0;10,0;117,0;2858,0;45,0;2,6;63,51111111111111
HJXXIII;UNIDADE INTERNAÇÃO - CLINICA MÉDICA 6º ANDAR;2024,0;11,0;148,0;3411,0;40,0;3,7;85,275
HJXXIII;UNIDADE INTERNAÇÃO - CLINICA MÉDICA 6º ANDAR;2024,0;12,0;114,0;2871,0;41,0;2,7804878048780486;70,02439024390245
HJXXIII;UNIDADE INTERNAÇÃO - CLINICA MÉDICA 6º ANDAR;2025,0;1,0;126,0;2755,0;39,0;3,230769230769231;70,64102564102564
HJXXIII;UNIDADE INTERNAÇÃO - CLINICA MÉDICA 6º ANDAR;2025,0;2,0;121,0;2259,0;39,0;3,1025641025641026;57,92307692307692
HJXXIII;UNIDADE INTERNAÇÃO - CLINICA MÉDICA 6º ANDAR;2025,0;3,0;130,0;2420,0;33,0;3,9393939393939394;73,33333333333333
HJXXIII;UNIDADE INTERNAÇÃO - CLINICA MÉDICA 6º ANDAR;2025,0;4,0;191,0;3184,0;61,0;3,1311475409836067;52,19672131147541
HJXXIII;UNIDADE INTERNAÇÃO - CLINICA MÉDICA 6º ANDAR;2025,0;5,0;160,0;2634,0;60,0;2,6666666666666665;43,9
HJXXIII;UNIDADE INTERNAÇÃO - CLINICA MÉDICA 6º ANDAR;2025,0;6,0;150,0;3184,0;51,0;2,9411764705882355;62,431372549019606
HJXXIII;UNIDADE INTERNAÇÃO - CLINICA MÉDICA 6º ANDAR;2025,0;7,0;148,0;3059,0;55,0;2,690909090909091;55,61818181818182
HJXXIII;UNIDADE INTERNAÇÃO - CLINICA MÉDICA 6º ANDAR;2025,0;8,0;129,0;2085,0;51,0;2,5294117647058822;40,88235294117647
HJXXIII;UNIDADE INTERNAÇÃO - CLINICA MÉDICA 6º ANDAR;2025,0;9,0;150,0;3692,0;62,0;2,4193548387096775;59,54838709677419
HJXXIII;UNIDADE INTERNAÇÃO - CLINICA MÉDICA 6º ANDAR;2025,0;10,0;170,0;4152,0;72,0;2,361111111111111;57,666666666666664
HJXXIII;UNIDADE INTERNAÇÃO - CLINICA MÉDICA 6º ANDAR;2025,0;11,0;129,0;2960,0;56,0;2,3035714285714284;52,857142857142854
HJXXIII;UNIDADE INTERNAÇÃO - CLINICA MÉDICA 6º ANDAR;2025,0;12,0;109,0;3461,0;60,0;1,8166666666666667;57,68333333333333
HJXXIII;UNIDADE INTERNAÇÃO - CLINICA MÉDICA 6º ANDAR;2026,0;1,0;147,0;3616,0;68,0;2,161764705882353;53,1764705882353
HJXXIII;UNIDADE INTERNAÇÃO - CLINICA MÉDICA 6º ANDAR;2026,0;2,0;112,0;2372,0;59,0;1,8983050847457628;40,20338983050848
HJXXIII;UNIDADE INTERNAÇÃO - CLINICA MÉDICA 6º ANDAR;2026,0;3,0;156,0;2676,0;61,0;2,557377049180328;43,868852459016395
HJXXIII;UNIDADE INTERNAÇÃO - CLINICA MÉDICA 6º ANDAR;2026,0;4,0;165,0;2794,0;62,0;2,661290322580645;45,064516129032256
HJXXIII;UNIDADE INTERNAÇÃO - CLINICA MÉDICA 6º ANDAR;2026,0;5,0;152,0;3131,0;71,0;2,140845070422535;44,098591549295776
HJXXIII;UNIDADE INTERNAÇÃO - CLINICA MÉDICA 6º ANDAR;2026,0;6,0;173,0;2791,0;69,0;2,5072463768115942;40,44927536231884
HJXXIII;UNIDADE INTERNAÇÃO - CLINICA MÉDICA 6º ANDAR;2026,0;7,0;194,0;2691,0;68,0;2,8529411764705883;39,5735294117647
HJXXIII;UNIDADE INTERNAÇÃO - CLINICA MÉDICA 6º ANDAR;2026,0;8,0;172,0;3135,0;52,0;3,3076923076923075;60,28846153846154
HJXXIII;UNIDADE INTERNAÇÃO - CLINICA NEUROLOGICA 5º ANDAR;2019,0;1,0;133,0;2241,0;42,0;3,1666666666666665;53,357142857142854
HJXXIII;UNIDADE INTERNAÇÃO - CLINICA NEUROLOGICA 5º ANDAR;2019,0;2,0;118,0;1719,0;30,0;3,933333333333333;57,3
HJXXIII;UNIDADE INTERNAÇÃO - CLINICA NEUROLOGICA 5º ANDAR;2019,0;3,0;132,0;2249,0;44,0;3,0;51,11363636363637
HJXXIII;UNIDADE INTERNAÇÃO - CLINICA NEUROLOGICA 5º ANDAR;2019,0;4,0;132,0;2304,0;54,0;2,4444444444444446;42,666666666666664
HJXXIII;UNIDADE INTERNAÇÃO - CLINICA NEUROLOGICA 5º ANDAR;2019,0;5,0;125,0;2291,0;31,0;4,032258064516129;73,90322580645162
HJXXIII;UNIDADE INTERNAÇÃO - CLINICA NEUROLOGICA 5º ANDAR;2019,0;6,0;120,0;1953,0;41,0;2,926829268292683;47,63414634146341
HJXXIII;UNIDADE INTERNAÇÃO - CLINICA NEUROLOGICA 5º ANDAR;2019,0;7,0;126,0;2029,0;54,0;2,3333333333333335;37,574074074074076
HJXXIII;UNIDADE INTERNAÇÃO - CLINICA NEUROLOGICA 5º ANDAR;2019,0;8,0;136,0;2445,0;42,0;3,238095238095238;58,214285714285715
HJXXIII;UNIDADE INTERNAÇÃO - CLINICA NEUROLOGICA 5º ANDAR;2019,0;9,0;122,0;2227,0;36,0;3,388888888888889;61,861111111111114
HJXXIII;UNIDADE INTERNAÇÃO - CLINICA NEUROLOGICA 5º ANDAR;2019,0;10,0;105,0;2424,0;38,0;2,763157894736842;63,78947368421053
HJXXIII;UNIDADE INTERNAÇÃO - CLINICA NEUROLOGICA 5º ANDAR;2019,0;11,0;101,0;2206,0;33,0;3,0606060606060606;66,84848484848484
HJXXIII;UNIDADE INTERNAÇÃO - CLINICA NEUROLOGICA 5º ANDAR;2019,0;12,0;100,0;2529,0;45,0;2,2222222222222223;56,2
HJXXIII;UNIDADE INTERNAÇÃO - CLINICA NEUROLOGICA 5º ANDAR;2020,0;1,0;155,0;2436,0;53,0;2,9245283018867925;45,9622641509434
HJXXIII;UNIDADE INTERNAÇÃO - CLINICA NEUROLOGICA 5º ANDAR;2020,0;2,0;135,0;1944,0;50,0;2,7;38,88
HJXXIII;UNIDADE INTERNAÇÃO - CLINICA NEUROLOGICA 5º ANDAR;2020,0;3,0;117,0;2094,0;42,0;2,7857142857142856;49,857142857142854
HJXXIII;UNIDADE INTERNAÇÃO - CLINICA NEUROLOGICA 5º ANDAR;2020,0;4,0;144,0;1511,0;54,0;2,6666666666666665;27,98148148148148
HJXXIII;UNIDADE INTERNAÇÃO - CLINICA NEUROLOGICA 5º ANDAR;2020,0;5,0;145,0;2137,0;60,0;2,4166666666666665;35,61666666666667
HJXXIII;UNIDADE INTERNAÇÃO - CLINICA NEUROLOGICA 5º ANDAR;2020,0;6,0;146,0;2207,0;47,0;3,106382978723404;46,95744680851064
HJXXIII;UNIDADE INTERNAÇÃO - CLINICA NEUROLOGICA 5º ANDAR;2020,0;7,0;150,0;2661,0;53,0;2,830188679245283;50,20754716981132
HJXXIII;UNIDADE INTERNAÇÃO - CLINICA NEUROLOGICA 5º ANDAR;2020,0;8,0;167,0;2801,0;38,0;4,394736842105263;73,71052631578948
HJXXIII;UNIDADE INTERNAÇÃO - CLINICA NEUROLOGICA 5º ANDAR;2020,0;9,0;207,0;2883,0;56,0;3,6964285714285716;51,482142857142854
HJXXIII;UNIDADE INTERNAÇÃO - CLINICA NEUROLOGICA 5º ANDAR;2020,0;10,0;156,0;2935,0;54,0;2,888888888888889;54,351851851851855
HJXXIII;UNIDADE INTERNAÇÃO - CLINICA NEUROLOGICA 5º ANDAR;2020,0;11,0;148,0;3382,0;66,0;2,242424242424242;51,24242424242424
HJXXIII;UNIDADE INTERNAÇÃO - CLINICA NEUROLOGICA 5º ANDAR;2020,0;12,0;169,0;3854,0;81,0;2,0864197530864197;47,58024691358025
HJXXIII;UNIDADE INTERNAÇÃO - CLINICA NEUROLOGICA 5º ANDAR;2021,0;1,0;191,0;3156,0;75,0;2,546666666666667;42,08
HJXXIII;UNIDADE INTERNAÇÃO - CLINICA NEUROLOGICA 5º ANDAR;2021,0;2,0;163,0;2812,0;55,0;2,963636363636364;51,127272727272725
HJXXIII;UNIDADE INTERNAÇÃO - CLINICA NEUROLOGICA 5º ANDAR;2021,0;3,0;193,0;2722,0;65,0;2,9692307692307693;41,87692307692308
HJXXIII;UNIDADE INTERNAÇÃO - CLINICA NEUROLOGICA 5º ANDAR;2021,0;4,0;147,0;3966,0;48,0;3,0625;82,625
HJXXIII;UNIDADE INTERNAÇÃO - CLINICA NEUROLOGICA 5º ANDAR;2021,0;5,0;177,0;3217,0;44,0;4,0227272727272725;73,11363636363636
HJXXIII;UNIDADE INTERNAÇÃO - CLINICA NEUROLOGICA 5º ANDAR;2021,0;6,0;136,0;2851,0;52,0;2,6153846153846154;54,82692307692308
HJXXIII;UNIDADE INTERNAÇÃO - CLINICA NEUROLOGICA 5º ANDAR;2021,0;7,0;120,0;2142,0;65,0;1,8461538461538463;32,95384615384615
HJXXIII;UNIDADE INTERNAÇÃO - CLINICA NEUROLOGICA 5º ANDAR;2021,0;8,0;141,0;2480,0;91,0;1,5494505494505495;27,252747252747252
HJXXIII;UNIDADE INTERNAÇÃO - CLINICA NEUROLOGICA 5º ANDAR;2021,0;9,0;180,0;3425,0;72,0;2,5;47,56944444444444
HJXXIII;UNIDADE INTERNAÇÃO - CLINICA NEUROLOGICA 5º ANDAR;2021,0;10,0;162,0;3123,0;81,0;2,0;38,55555555555556
HJXXIII;UNIDADE INTERNAÇÃO - CLINICA NEUROLOGICA 5º ANDAR;2021,0;11,0;131,0;2470,0;79,0;1,6582278481012658;31,265822784810126
HJXXIII;UNIDADE INTERNAÇÃO - CLINICA NEUROLOGICA 5º ANDAR;2021,0;12,0;147,0;2645,0;65,0;2,2615384615384615;40,69230769230769
HJXXIII;UNIDADE INTERNAÇÃO - CLINICA NEUROLOGICA 5º ANDAR;2022,0;1,0;145,0;3192,0;71,0;2,0422535211267605;44,95774647887324
HJXXIII;UNIDADE INTERNAÇÃO - CLINICA NEUROLOGICA 5º ANDAR;2022,0;2,0;140,0;2848,0;72,0;1,9444444444444444;39,55555555555556
HJXXIII;UNIDADE INTERNAÇÃO - CLINICA NEUROLOGICA 5º ANDAR;2022,0;3,0;148,0;2324,0;68,0;2,176470588235294;34,1764705882353
HJXXIII;UNIDADE INTERNAÇÃO - CLINICA NEUROLOGICA 5º ANDAR;2022,0;4,0;150,0;2781,0;69,0;2,1739130434782608;40,30434782608695
HJXXIII;UNIDADE INTERNAÇÃO - CLINICA NEUROLOGICA 5º ANDAR;2022,0;5,0;162,0;3800,0;68,0;2,3823529411764706;55,88235294117647
HJXXIII;UNIDADE INTERNAÇÃO - CLINICA NEUROLOGICA 5º ANDAR;2022,0;6,0;168,0;3378,0;71,0;2,3661971830985915;47,57746478873239
HJXXIII;UNIDADE INTERNAÇÃO - CLINICA NEUROLOGICA 5º ANDAR;2022,0;7,0;161,0;3203,0;54,0;2,9814814814814814;59,31481481481482
HJXXIII;UNIDADE INTERNAÇÃO - CLINICA NEUROLOGICA 5º ANDAR;2022,0;8,0;198,0;3877,0;62,0;3,193548387096774;62,53225806451613
HJXXIII;UNIDADE INTERNAÇÃO - CLINICA NEUROLOGICA 5º ANDAR;2022,0;9,0;226,0;3407,0;70,0;3,2285714285714286;48,67142857142857
HJXXIII;UNIDADE INTERNAÇÃO - CLINICA NEUROLOGICA 5º ANDAR;2022,0;10,0;213,0;3886,0;66,0;3,227272727272727;58,878787878787875
HJXXIII;UNIDADE INTERNAÇÃO - CLINICA NEUROLOGICA 5º ANDAR;2022,0;11,0;126,0;3760,0;51,0;2,4705882352941178;73,72549019607843
HJXXIII;UNIDADE INTERNAÇÃO - CLINICA NEUROLOGICA 5º ANDAR;2022,0;12,0;185,0;3371,0;51,0;3,627450980392157;66,09803921568627
HJXXIII;UNIDADE INTERNAÇÃO - CLINICA NEUROLOGICA 5º ANDAR;2023,0;1,0;261,0;4084,0;61,0;4,278688524590164;66,95081967213115
HJXXIII;UNIDADE INTERNAÇÃO - CLINICA NEUROLOGICA 5º ANDAR;2023,0;2,0;157,0;3116,0;74,0;2,1216216216216215;42,108108108108105
HJXXIII;UNIDADE INTERNAÇÃO - CLINICA NEUROLOGICA 5º ANDAR;2023,0;3,0;166,0;3300,0;54,0;3,074074074074074;61,111111111111114
HJXXIII;UNIDADE INTERNAÇÃO - CLINICA NEUROLOGICA 5º ANDAR;2023,0;4,0;196,0;2412,0;50,0;3,92;48,24
HJXXIII;UNIDADE INTERNAÇÃO - CLINICA NEUROLOGICA 5º ANDAR;2023,0;5,0;185,0;2992,0;46,0;4,021739130434782;65,04347826086956
HJXXIII;UNIDADE INTERNAÇÃO - CLINICA NEUROLOGICA 5º ANDAR;2023,0;6,0;154,0;2460,0;43,0;3,5813953488372094;57,2093023255814
HJXXIII;UNIDADE INTERNAÇÃO - CLINICA NEUROLOGICA 5º ANDAR;2023,0;7,0;144,0;2917,0;46,0;3,130434782608696;63,41304347826087
HJXXIII;UNIDADE INTERNAÇÃO - CLINICA NEUROLOGICA 5º ANDAR;2023,0;8,0;169,0;2971,0;47,0;3,595744680851064;63,212765957446805
HJXXIII;UNIDADE INTERNAÇÃO - CLINICA NEUROLOGICA 5º ANDAR;2023,0;9,0;158,0;3236,0;49,0;3,2244897959183674;66,04081632653062
HJXXIII;UNIDADE INTERNAÇÃO - CLINICA NEUROLOGICA 5º ANDAR;2023,0;10,0;160,0;3326,0;55,0;2,909090909090909;60,472727272727276
HJXXIII;UNIDADE INTERNAÇÃO - CLINICA NEUROLOGICA 5º ANDAR;2023,0;11,0;159,0;3662,0;59,0;2,694915254237288;62,067796610169495
HJXXIII;UNIDADE INTERNAÇÃO - CLINICA NEUROLOGICA 5º ANDAR;2023,0;12,0;140,0;3163,0;68,0;2,0588235294117645;46,51470588235294
HJXXIII;UNIDADE INTERNAÇÃO - CLINICA NEUROLOGICA 5º ANDAR;2024,0;1,0;160,0;3134,0;46,0;3,4782608695652173;68,1304347826087
HJXXIII;UNIDADE INTERNAÇÃO - CLINICA NEUROLOGICA 5º ANDAR;2024,0;2,0;170,0;3570,0;47,0;3,617021276595745;75,95744680851064
HJXXIII;UNIDADE INTERNAÇÃO - CLINICA NEUROLOGICA 5º ANDAR;2024,0;3,0;167,0;3145,0;63,0;2,6507936507936507;49,92063492063492
HJXXIII;UNIDADE INTERNAÇÃO - CLINICA NEUROLOGICA 5º ANDAR;2024,0;4,0;195,0;2993,0;77,0;2,5324675324675323;38,87012987012987
HJXXIII;UNIDADE INTERNAÇÃO - CLINICA NEUROLOGICA 5º ANDAR;2024,0;5,0;161,0;3354,0;81,0;1,9876543209876543;41,407407407407405
HJXXIII;UNIDADE INTERNAÇÃO - CLINICA NEUROLOGICA 5º ANDAR;2024,0;6,0;211,0;3140,0;64,0;3,296875;49,0625
HJXXIII;UNIDADE INTERNAÇÃO - CLINICA NEUROLOGICA 5º ANDAR;2024,0;7,0;189,0;3607,0;53,0;3,5660377358490565;68,05660377358491
HJXXIII;UNIDADE INTERNAÇÃO - CLINICA NEUROLOGICA 5º ANDAR;2024,0;8,0;160,0;3587,0;74,0;2,1621621621621623;48,472972972972975
HJXXIII;UNIDADE INTERNAÇÃO - CLINICA NEUROLOGICA 5º ANDAR;2024,0;9,0;206,0;3835,0;51,0;4,03921568627451;75,19607843137256
HJXXIII;UNIDADE INTERNAÇÃO - CLINICA NEUROLOGICA 5º ANDAR;2024,0;10,0;178,0;3798,0;68,0;2,6176470588235294;55,85294117647059
HJXXIII;UNIDADE INTERNAÇÃO - CLINICA NEUROLOGICA 5º ANDAR;2024,0;11,0;165,0;3767,0;68,0;2,426470588235294;55,39705882352941
HJXXIII;UNIDADE INTERNAÇÃO - CLINICA NEUROLOGICA 5º ANDAR;2024,0;12,0;184,0;3893,0;59,0;3,1186440677966103;65,98305084745763
HJXXIII;UNIDADE INTERNAÇÃO - CLINICA NEUROLOGICA 5º ANDAR;2025,0;1,0;199,0;3773,0;58,0;3,4310344827586206;65,05172413793103
HJXXIII;UNIDADE INTERNAÇÃO - CLINICA NEUROLOGICA 5º ANDAR;2025,0;2,0;145,0;2549,0;56,0;2,5892857142857144;45,517857142857146
HJXXIII;UNIDADE INTERNAÇÃO - CLINICA NEUROLOGICA 5º ANDAR;2025,0;3,0;125,0;3075,0;65,0;1,9230769230769231;47,30769230769231
HJXXIII;UNIDADE INTERNAÇÃO - CLINICA NEUROLOGICA 5º ANDAR;2025,0;4,0;152,0;2847,0;96,0;1,5833333333333333;29,65625
HJXXIII;UNIDADE INTERNAÇÃO - CLINICA NEUROLOGICA 5º ANDAR;2025,0;5,0;212,0;3313,0;77,0;2,7532467532467533;43,02597402597402
HJXXIII;UNIDADE INTERNAÇÃO - CLINICA NEUROLOGICA 5º ANDAR;2025,0;6,0;152,0;3674,0;75,0;2,026666666666667;48,986666666666665
HJXXIII;UNIDADE INTERNAÇÃO - CLINICA NEUROLOGICA 5º ANDAR;2025,0;7,0;171,0;3200,0;86,0;1,9883720930232558;37,2093023255814
HJXXIII;UNIDADE INTERNAÇÃO - CLINICA NEUROLOGICA 5º ANDAR;2025,0;8,0;222,0;3660,0;91,0;2,4395604395604398;40,21978021978022
HJXXIII;UNIDADE INTERNAÇÃO - CLINICA NEUROLOGICA 5º ANDAR;2025,0;9,0;203,0;3320,0;81,0;2,506172839506173;40,98765432098765
HJXXIII;UNIDADE INTERNAÇÃO - CLINICA NEUROLOGICA 5º ANDAR;2025,0;10,0;196,0;3800,0;68,0;2,8823529411764706;55,88235294117647
HJXXIII;UNIDADE INTERNAÇÃO - CLINICA NEUROLOGICA 5º ANDAR;2025,0;11,0;199,0;3382,0;52,0;3,826923076923077;65,03846153846153
HJXXIII;UNIDADE INTERNAÇÃO - CLINICA NEUROLOGICA 5º ANDAR;2025,0;12,0;183,0;3291,0;86,0;2,127906976744186;38,26744186046512
HJXXIII;UNIDADE INTERNAÇÃO - CLINICA NEUROLOGICA 5º ANDAR;2026,0;1,0;202,0;3672,0;81,0;2,493827160493827;45,333333333333336
HJXXIII;UNIDADE INTERNAÇÃO - CLINICA NEUROLOGICA 5º ANDAR;2026,0;2,0;190,0;3102,0;54,0;3,5185185185185186;57,44444444444444
HJXXIII;UNIDADE INTERNAÇÃO - CLINICA NEUROLOGICA 5º ANDAR;2026,0;3,0;204,0;3767,0;93,0;2,193548387096774;40,505376344086024
HJXXIII;UNIDADE INTERNAÇÃO - CLINICA NEUROLOGICA 5º ANDAR;2026,0;4,0;190,0;3394,0;76,0;2,5;44,6578947368421
HJXXIII;UNIDADE INTERNAÇÃO - CLINICA NEUROLOGICA 5º ANDAR;2026,0;5,0;227,0;3093,0;93,0;2,4408602150537635;33,25806451612903
HJXXIII;UNIDADE INTERNAÇÃO - CLINICA NEUROLOGICA 5º ANDAR;2026,0;6,0;194,0;4041,0;95,0;2,042105263157895;42,536842105263155
HJXXIII;UNIDADE INTERNAÇÃO - CLINICA NEUROLOGICA 5º ANDAR;2026,0;7,0;255,0;3652,0;105,0;2,4285714285714284;34,78095238095238
HJXXIII;UNIDADE INTERNAÇÃO - CLINICA NEUROLOGICA 5º ANDAR;2026,0;8,0;274,0;3395,0;91,0;3,010989010989011;37,30769230769231
HJXXIII;UNIDADE INTERNAÇÃO - CLINICA PEDIÁTRICA 2º ANDAR;2019,0;1,0;20,0;193,0;13,0;1,5384615384615385;14,846153846153847
HJXXIII;UNIDADE INTERNAÇÃO - CLINICA PEDIÁTRICA 2º ANDAR;2019,0;2,0;21,0;195,0;24,0;0,875;8,125
HJXXIII;UNIDADE INTERNAÇÃO - CLINICA PEDIÁTRICA 2º ANDAR;2019,0;3,0;30,0;209,0;36,0;0,8333333333333334;5,805555555555555
HJXXIII;UNIDADE INTERNAÇÃO - CLINICA PEDIÁTRICA 2º ANDAR;2019,0;4,0;40,0;204,0;26,0;1,5384615384615385;7,846153846153846
HJXXIII;UNIDADE INTERNAÇÃO - CLINICA PEDIÁTRICA 2º ANDAR;2019,0;5,0;73,0;454,0;29,0;2,5172413793103448;15,655172413793103
HJXXIII;UNIDADE INTERNAÇÃO - CLINICA PEDIÁTRICA 2º ANDAR;2019,0;6,0;32,0;98,0;11,0;2,909090909090909;8,909090909090908
HJXXIII;UNIDADE INTERNAÇÃO - CLINICA PEDIÁTRICA 2º ANDAR;2019,0;7,0;41,0;97,0;30,0;1,3666666666666667;3,2333333333333334
HJXXIII;UNIDADE INTERNAÇÃO - CLINICA PEDIÁTRICA 2º ANDAR;2019,0;8,0;49,0;185,0;38,0;1,2894736842105263;4,868421052631579
HJXXIII;UNIDADE INTERNAÇÃO - CLINICA PEDIÁTRICA 2º ANDAR;2019,0;9,0;24,0;92,0;41,0;0,5853658536585366;2,2439024390243905
HJXXIII;UNIDADE INTERNAÇÃO - CLINICA PEDIÁTRICA 2º ANDAR;2019,0;10,0;39,0;161,0;44,0;0,8863636363636364;3,659090909090909
HJXXIII;UNIDADE INTERNAÇÃO - CLINICA PEDIÁTRICA 2º ANDAR;2019,0;11,0;37,0;192,0;27,0;1,3703703703703705;7,111111111111111
HJXXIII;UNIDADE INTERNAÇÃO - CLINICA PEDIÁTRICA 2º ANDAR;2019,0;12,0;35,0;183,0;29,0;1,206896551724138;6,310344827586207
HJXXIII;UNIDADE INTERNAÇÃO - CLINICA PEDIÁTRICA 2º ANDAR;2020,0;1,0;29,0;210,0;41,0;0,7073170731707317;5,121951219512195
HJXXIII;UNIDADE INTERNAÇÃO - CLINICA PEDIÁTRICA 2º ANDAR;2020,0;2,0;39,0;128,0;19,0;2,0526315789473686;6,7368421052631575
HJXXIII;UNIDADE INTERNAÇÃO - CLINICA PEDIÁTRICA 2º ANDAR;2020,0;3,0;12,0;28,0;14,0;0,8571428571428571;2,0
HJXXIII;UNIDADE INTERNAÇÃO - CLINICA PEDIÁTRICA 2º ANDAR;2020,0;4,0;0,0;0,0;1,0;0,0;0,0
HJXXIII;UNIDADE INTERNAÇÃO - CLINICA PEDIÁTRICA 2º ANDAR;2020,0;8,0;0,0;0,0;1,0;0,0;0,0
HJXXIII;UNIDADE INTERNAÇÃO - CLINICA PEDIÁTRICA 2º ANDAR;2020,0;9,0;0,0;0,0;4,0;0,0;0,0
HJXXIII;UNIDADE INTERNAÇÃO - CLINICA PEDIÁTRICA 2º ANDAR;2021,0;2,0;0,0;0,0;1,0;0,0;0,0
HJXXIII;UNIDADE INTERNAÇÃO - CLINICA PEDIÁTRICA 2º ANDAR;2021,0;3,0;0,0;0,0;1,0;0,0;0,0
HJXXIII;UNIDADE INTERNAÇÃO - QUEIMADOS GRAVES 9º ANDAR;2019,0;2,0;93,0;3297,0;2,0;46,5;1648,5
HJXXIII;UNIDADE INTERNAÇÃO - QUEIMADOS GRAVES 9º ANDAR;2019,0;3,0;132,0;4003,0;3,0;44,0;1334,3333333333333
HJXXIII;UNIDADE INTERNAÇÃO - QUEIMADOS GRAVES 9º ANDAR;2019,0;4,0;100,0;3695,0;1,0;100,0;3695,0
HJXXIII;UNIDADE INTERNAÇÃO - QUEIMADOS GRAVES 9º ANDAR;2019,0;5,0;87,0;3437,0;3,0;29,0;1145,6666666666667
HJXXIII;UNIDADE INTERNAÇÃO - QUEIMADOS GRAVES 9º ANDAR;2019,0;6,0;173,0;3885,0;3,0;57,666666666666664;1295,0
HJXXIII;UNIDADE INTERNAÇÃO - QUEIMADOS GRAVES 9º ANDAR;2019,0;7,0;155,0;4205,0;3,0;51,666666666666664;1401,6666666666667
HJXXIII;UNIDADE INTERNAÇÃO - QUEIMADOS GRAVES 9º ANDAR;2019,0;8,0;110,0;3957,0;3,0;36,666666666666664;1319,0
HJXXIII;UNIDADE INTERNAÇÃO - QUEIMADOS GRAVES 9º ANDAR;2019,0;9,0;153,0;4155,0;1,0;153,0;4155,0
HJXXIII;UNIDADE INTERNAÇÃO - QUEIMADOS GRAVES 9º ANDAR;2019,0;10,0;127,0;4342,0;2,0;63,5;2171,0
HJXXIII;UNIDADE INTERNAÇÃO - QUEIMADOS GRAVES 9º ANDAR;2019,0;11,0;97,0;3679,0;2,0;48,5;1839,5
HJXXIII;UNIDADE INTERNAÇÃO - QUEIMADOS GRAVES 9º ANDAR;2019,0;12,0;122,0;3780,0;4,0;30,5;945,0
HJXXIII;UNIDADE INTERNAÇÃO - QUEIMADOS GRAVES 9º ANDAR;2020,0;1,0;116,0;3634,0;4,0;29,0;908,5
HJXXIII;UNIDADE INTERNAÇÃO - QUEIMADOS GRAVES 9º ANDAR;2020,0;2,0;88,0;3127,0;3,0;29,333333333333332;1042,3333333333333
HJXXIII;UNIDADE INTERNAÇÃO - QUEIMADOS GRAVES 9º ANDAR;2020,0;3,0;167,0;3826,0;3,0;55,666666666666664;1275,3333333333333
HJXXIII;UNIDADE INTERNAÇÃO - QUEIMADOS GRAVES 9º ANDAR;2020,0;4,0;85,0;3523,0;3,0;28,333333333333332;1174,3333333333333
HJXXIII;UNIDADE INTERNAÇÃO - QUEIMADOS GRAVES 9º ANDAR;2020,0;5,0;133,0;3742,0;1,0;133,0;3742,0
HJXXIII;UNIDADE INTERNAÇÃO - QUEIMADOS GRAVES 9º ANDAR;2020,0;6,0;116,0;3519,0;4,0;29,0;879,75
HJXXIII;UNIDADE INTERNAÇÃO - QUEIMADOS GRAVES 9º ANDAR;2020,0;8,0;73,0;3207,0;3,0;24,333333333333332;1069,0
HJXXIII;UNIDADE INTERNAÇÃO - QUEIMADOS GRAVES 9º ANDAR;2020,0;9,0;66,0;3047,0;2,0;33,0;1523,5
HJXXIII;UNIDADE INTERNAÇÃO - QUEIMADOS GRAVES 9º ANDAR;2020,0;10,0;134,0;3698,0;3,0;44,666666666666664;1232,6666666666667
HJXXIII;UNIDADE INTERNAÇÃO - QUEIMADOS GRAVES 9º ANDAR;2020,0;11,0;83,0;3565,0;2,0;41,5;1782,5
HJXXIII;UNIDADE INTERNAÇÃO - QUEIMADOS GRAVES 9º ANDAR;2020,0;12,0;104,0;3772,0;5,0;20,8;754,4
HJXXIII;UNIDADE INTERNAÇÃO - QUEIMADOS GRAVES 9º ANDAR;2021,0;1,0;108,0;3430,0;2,0;54,0;1715,0
HJXXIII;UNIDADE INTERNAÇÃO - QUEIMADOS GRAVES 9º ANDAR;2021,0;2,0;89,0;3289,0;1,0;89,0;3289,0
HJXXIII;UNIDADE INTERNAÇÃO - QUEIMADOS GRAVES 9º ANDAR;2021,0;3,0;110,0;4004,0;1,0;110,0;4004,0
HJXXIII;UNIDADE INTERNAÇÃO - QUEIMADOS GRAVES 9º ANDAR;2021,0;4,0;149,0;4160,0;3,0;49,666666666666664;1386,6666666666667
HJXXIII;UNIDADE INTERNAÇÃO - QUEIMADOS GRAVES 9º ANDAR;2021,0;5,0;157,0;4508,0;4,0;39,25;1127,0
HJXXIII;UNIDADE INTERNAÇÃO - QUEIMADOS GRAVES 9º ANDAR;2021,0;6,0;92,0;3833,0;2,0;46,0;1916,5
HJXXIII;UNIDADE INTERNAÇÃO - QUEIMADOS GRAVES 9º ANDAR;2021,0;7,0;113,0;4109,0;2,0;56,5;2054,5
HJXXIII;UNIDADE INTERNAÇÃO - QUEIMADOS GRAVES 9º ANDAR;2021,0;8,0;138,0;4073,0;2,0;69,0;2036,5
HJXXIII;UNIDADE INTERNAÇÃO - QUEIMADOS GRAVES 9º ANDAR;2021,0;9,0;131,0;3851,0;2,0;65,5;1925,5
HJXXIII;UNIDADE INTERNAÇÃO - QUEIMADOS GRAVES 9º ANDAR;2021,0;11,0;136,0;4109,0;2,0;68,0;2054,5
HJXXIII;UNIDADE INTERNAÇÃO - QUEIMADOS GRAVES 9º ANDAR;2022,0;1,0;113,0;3212,0;3,0;37,666666666666664;1070,6666666666667
HJXXIII;UNIDADE INTERNAÇÃO - QUEIMADOS GRAVES 9º ANDAR;2022,0;3,0;157,0;3973,0;3,0;52,333333333333336;1324,3333333333333
HJXXIII;UNIDADE INTERNAÇÃO - QUEIMADOS GRAVES 9º ANDAR;2022,0;4,0;137,0;4000,0;1,0;137,0;4000,0
HJXXIII;UNIDADE INTERNAÇÃO - QUEIMADOS GRAVES 9º ANDAR;2022,0;6,0;72,0;3287,0;1,0;72,0;3287,0
HJXXIII;UNIDADE INTERNAÇÃO - QUEIMADOS GRAVES 9º ANDAR;2022,0;7,0;91,0;3260,0;3,0;30,333333333333332;1086,6666666666667
HJXXIII;UNIDADE INTERNAÇÃO - QUEIMADOS GRAVES 9º ANDAR;2022,0;9,0;91,0;3822,0;2,0;45,5;1911,0
HJXXIII;UNIDADE INTERNAÇÃO - QUEIMADOS GRAVES 9º ANDAR;2022,0;10,0;130,0;4045,0;3,0;43,333333333333336;1348,3333333333333
HJXXIII;UNIDADE INTERNAÇÃO - QUEIMADOS GRAVES 9º ANDAR;2022,0;11,0;98,0;3260,0;1,0;98,0;3260,0
HJXXIII;UNIDADE INTERNAÇÃO - QUEIMADOS GRAVES 9º ANDAR;2023,0;1,0;162,0;4034,0;5,0;32,4;806,8
HJXXIII;UNIDADE INTERNAÇÃO - QUEIMADOS GRAVES 9º ANDAR;2023,0;2,0;157,0;3548,0;4,0;39,25;887,0
HJXXIII;UNIDADE INTERNAÇÃO - QUEIMADOS GRAVES 9º ANDAR;2023,0;3,0;116,0;4174,0;5,0;23,2;834,8
HJXXIII;UNIDADE INTERNAÇÃO - QUEIMADOS GRAVES 9º ANDAR;2023,0;4,0;93,0;3703,0;1,0;93,0;3703,0
HJXXIII;UNIDADE INTERNAÇÃO - QUEIMADOS GRAVES 9º ANDAR;2023,0;5,0;106,0;4059,0;2,0;53,0;2029,5
HJXXIII;UNIDADE INTERNAÇÃO - QUEIMADOS GRAVES 9º ANDAR;2023,0;6,0;78,0;3543,0;2,0;39,0;1771,5
HJXXIII;UNIDADE INTERNAÇÃO - QUEIMADOS GRAVES 9º ANDAR;2023,0;7,0;137,0;4052,0;1,0;137,0;4052,0
HJXXIII;UNIDADE INTERNAÇÃO - QUEIMADOS GRAVES 9º ANDAR;2023,0;8,0;152,0;3823,0;3,0;50,666666666666664;1274,3333333333333
HJXXIII;UNIDADE INTERNAÇÃO - QUEIMADOS GRAVES 9º ANDAR;2023,0;9,0;136,0;3951,0;3,0;45,333333333333336;1317,0
HJXXIII;UNIDADE INTERNAÇÃO - QUEIMADOS GRAVES 9º ANDAR;2023,0;10,0;122,0;3314,0;3,0;40,666666666666664;1104,6666666666667
HJXXIII;UNIDADE INTERNAÇÃO - QUEIMADOS GRAVES 9º ANDAR;2023,0;11,0;150,0;3787,0;6,0;25,0;631,1666666666666
HJXXIII;UNIDADE INTERNAÇÃO - QUEIMADOS GRAVES 9º ANDAR;2023,0;12,0;172,0;3973,0;2,0;86,0;1986,5
HJXXIII;UNIDADE INTERNAÇÃO - QUEIMADOS GRAVES 9º ANDAR;2024,0;1,0;178,0;4122,0;4,0;44,5;1030,5
HJXXIII;UNIDADE INTERNAÇÃO - QUEIMADOS GRAVES 9º ANDAR;2024,0;2,0;192,0;4103,0;1,0;192,0;4103,0
HJXXIII;UNIDADE INTERNAÇÃO - QUEIMADOS GRAVES 9º ANDAR;2024,0;3,0;149,0;4126,0;3,0;49,666666666666664;1375,3333333333333
HJXXIII;UNIDADE INTERNAÇÃO - QUEIMADOS GRAVES 9º ANDAR;2024,0;4,0;189,0;4141,0;6,0;31,5;690,1666666666666
HJXXIII;UNIDADE INTERNAÇÃO - QUEIMADOS GRAVES 9º ANDAR;2024,0;5,0;147,0;4173,0;2,0;73,5;2086,5
HJXXIII;UNIDADE INTERNAÇÃO - QUEIMADOS GRAVES 9º ANDAR;2024,0;6,0;140,0;3539,0;1,0;140,0;3539,0
HJXXIII;UNIDADE INTERNAÇÃO - QUEIMADOS GRAVES 9º ANDAR;2024,0;8,0;146,0;3832,0;2,0;73,0;1916,0
HJXXIII;UNIDADE INTERNAÇÃO - QUEIMADOS GRAVES 9º ANDAR;2024,0;9,0;154,0;3288,0;1,0;154,0;3288,0
HJXXIII;UNIDADE INTERNAÇÃO - QUEIMADOS GRAVES 9º ANDAR;2024,0;11,0;196,0;4062,0;2,0;98,0;2031,0
HJXXIII;UNIDADE INTERNAÇÃO - QUEIMADOS GRAVES 9º ANDAR;2024,0;12,0;217,0;4197,0;2,0;108,5;2098,5
HJXXIII;UNIDADE INTERNAÇÃO - QUEIMADOS GRAVES 9º ANDAR;2025,0;1,0;219,0;4307,0;1,0;219,0;4307,0
HJXXIII;UNIDADE INTERNAÇÃO - QUEIMADOS GRAVES 9º ANDAR;2025,0;2,0;208,0;4151,0;1,0;208,0;4151,0
HJXXIII;UNIDADE INTERNAÇÃO - QUEIMADOS GRAVES 9º ANDAR;2025,0;3,0;201,0;4296,0;4,0;50,25;1074,0
HJXXIII;UNIDADE INTERNAÇÃO - QUEIMADOS GRAVES 9º ANDAR;2025,0;4,0;223,0;4310,0;2,0;111,5;2155,0
HJXXIII;UNIDADE INTERNAÇÃO - QUEIMADOS GRAVES 9º ANDAR;2025,0;5,0;163,0;3432,0;1,0;163,0;3432,0
HJXXIII;UNIDADE INTERNAÇÃO - QUEIMADOS GRAVES 9º ANDAR;2025,0;7,0;187,0;4032,0;4,0;46,75;1008,0
HJXXIII;UNIDADE INTERNAÇÃO - QUEIMADOS GRAVES 9º ANDAR;2025,0;8,0;202,0;3846,0;1,0;202,0;3846,0
HJXXIII;UNIDADE INTERNAÇÃO - QUEIMADOS GRAVES 9º ANDAR;2025,0;10,0;124,0;3708,0;1,0;124,0;3708,0
HJXXIII;UNIDADE INTERNAÇÃO - QUEIMADOS GRAVES 9º ANDAR;2025,0;11,0;165,0;3575,0;1,0;165,0;3575,0
HJXXIII;UNIDADE INTERNAÇÃO - QUEIMADOS GRAVES 9º ANDAR;2025,0;12,0;209,0;3840,0;6,0;34,833333333333336;640,0
HJXXIII;UNIDADE INTERNAÇÃO - QUEIMADOS GRAVES 9º ANDAR;2026,0;1,0;212,0;4125,0;1,0;212,0;4125,0
HJXXIII;UNIDADE INTERNAÇÃO - QUEIMADOS GRAVES 9º ANDAR;2026,0;3,0;176,0;3927,0;1,0;176,0;3927,0
HJXXIII;UNIDADE INTERNAÇÃO - QUEIMADOS GRAVES 9º ANDAR;2026,0;4,0;129,0;3169,0;1,0;129,0;3169,0
HJXXIII;UNIDADE INTERNAÇÃO - QUEIMADOS GRAVES 9º ANDAR;2026,0;5,0;145,0;3621,0;2,0;72,5;1810,5
HJXXIII;UNIDADE INTERNAÇÃO - QUEIMADOS GRAVES 9º ANDAR;2026,0;6,0;142,0;3392,0;1,0;142,0;3392,0
HJXXIII;UNIDADE INTERNAÇÃO - QUEIMADOS GRAVES 9º ANDAR;2026,0;7,0;179,0;3512,0;2,0;89,5;1756,0
HJXXIII;UNIDADE INTERNAÇÃO - QUEIMADOS GRAVES 9º ANDAR;2026,0;8,0;148,0;3880,0;1,0;148,0;3880,0
HJXXIII;UNIDADE INTERNAÇÃO - QUEIMADOS MÉDIOS - 8º ANDAR;2019,0;1,0;20,0;1089,0;28,0;0,7142857142857143;38,892857142857146
HJXXIII;UNIDADE INTERNAÇÃO - QUEIMADOS MÉDIOS - 8º ANDAR;2019,0;2,0;16,0;917,0;33,0;0,48484848484848486;27,78787878787879
HJXXIII;UNIDADE INTERNAÇÃO - QUEIMADOS MÉDIOS - 8º ANDAR;2019,0;3,0;12,0;794,0;32,0;0,375;24,8125
HJXXIII;UNIDADE INTERNAÇÃO - QUEIMADOS MÉDIOS - 8º ANDAR;2019,0;4,0;13,0;767,0;35,0;0,37142857142857144;21,914285714285715
HJXXIII;UNIDADE INTERNAÇÃO - QUEIMADOS MÉDIOS - 8º ANDAR;2019,0;5,0;22,0;728,0;29,0;0,7586206896551724;25,103448275862068
HJXXIII;UNIDADE INTERNAÇÃO - QUEIMADOS MÉDIOS - 8º ANDAR;2019,0;6,0;16,0;840,0;25,0;0,64;33,6
HJXXIII;UNIDADE INTERNAÇÃO - QUEIMADOS MÉDIOS - 8º ANDAR;2019,0;7,0;17,0;767,0;30,0;0,5666666666666667;25,566666666666666
HJXXIII;UNIDADE INTERNAÇÃO - QUEIMADOS MÉDIOS - 8º ANDAR;2019,0;8,0;21,0;1024,0;35,0;0,6;29,257142857142856
HJXXIII;UNIDADE INTERNAÇÃO - QUEIMADOS MÉDIOS - 8º ANDAR;2019,0;9,0;25,0;869,0;44,0;0,5681818181818182;19,75
HJXXIII;UNIDADE INTERNAÇÃO - QUEIMADOS MÉDIOS - 8º ANDAR;2019,0;10,0;21,0;1064,0;34,0;0,6176470588235294;31,294117647058822
HJXXIII;UNIDADE INTERNAÇÃO - QUEIMADOS MÉDIOS - 8º ANDAR;2019,0;11,0;25,0;777,0;31,0;0,8064516129032258;25,06451612903226
HJXXIII;UNIDADE INTERNAÇÃO - QUEIMADOS MÉDIOS - 8º ANDAR;2019,0;12,0;20,0;1030,0;36,0;0,5555555555555556;28,61111111111111
HJXXIII;UNIDADE INTERNAÇÃO - QUEIMADOS MÉDIOS - 8º ANDAR;2020,0;1,0;30,0;952,0;34,0;0,8823529411764706;28,0
HJXXIII;UNIDADE INTERNAÇÃO - QUEIMADOS MÉDIOS - 8º ANDAR;2020,0;2,0;31,0;815,0;35,0;0,8857142857142857;23,285714285714285
HJXXIII;UNIDADE INTERNAÇÃO - QUEIMADOS MÉDIOS - 8º ANDAR;2020,0;3,0;15,0;815,0;35,0;0,42857142857142855;23,285714285714285
HJXXIII;UNIDADE INTERNAÇÃO - QUEIMADOS MÉDIOS - 8º ANDAR;2020,0;4,0;28,0;928,0;26,0;1,0769230769230769;35,69230769230769
HJXXIII;UNIDADE INTERNAÇÃO - QUEIMADOS MÉDIOS - 8º ANDAR;2020,0;5,0;12,0;885,0;40,0;0,3;22,125
HJXXIII;UNIDADE INTERNAÇÃO - QUEIMADOS MÉDIOS - 8º ANDAR;2020,0;6,0;35,0;1095,0;44,0;0,7954545454545454;24,886363636363637
HJXXIII;UNIDADE INTERNAÇÃO - QUEIMADOS MÉDIOS - 8º ANDAR;2020,0;7,0;34,0;1136,0;23,0;1,4782608695652173;49,391304347826086
HJXXIII;UNIDADE INTERNAÇÃO - QUEIMADOS MÉDIOS - 8º ANDAR;2020,0;8,0;22,0;1151,0;40,0;0,55;28,775
HJXXIII;UNIDADE INTERNAÇÃO - QUEIMADOS MÉDIOS - 8º ANDAR;2020,0;9,0;21,0;878,0;32,0;0,65625;27,4375
HJXXIII;UNIDADE INTERNAÇÃO - QUEIMADOS MÉDIOS - 8º ANDAR;2020,0;10,0;15,0;847,0;30,0;0,5;28,233333333333334
HJXXIII;UNIDADE INTERNAÇÃO - QUEIMADOS MÉDIOS - 8º ANDAR;2020,0;11,0;21,0;806,0;24,0;0,875;33,583333333333336
HJXXIII;UNIDADE INTERNAÇÃO - QUEIMADOS MÉDIOS - 8º ANDAR;2020,0;12,0;35,0;993,0;34,0;1,0294117647058822;29,205882352941178
HJXXIII;UNIDADE INTERNAÇÃO - QUEIMADOS MÉDIOS - 8º ANDAR;2021,0;1,0;26,0;1073,0;30,0;0,8666666666666667;35,766666666666666
HJXXIII;UNIDADE INTERNAÇÃO - QUEIMADOS MÉDIOS - 8º ANDAR;2021,0;2,0;21,0;859,0;28,0;0,75;30,678571428571427
HJXXIII;UNIDADE INTERNAÇÃO - QUEIMADOS MÉDIOS - 8º ANDAR;2021,0;3,0;40,0;945,0;32,0;1,25;29,53125
HJXXIII;UNIDADE INTERNAÇÃO - QUEIMADOS MÉDIOS - 8º ANDAR;2021,0;4,0;28,0;742,0;24,0;1,1666666666666667;30,916666666666668
HJXXIII;UNIDADE INTERNAÇÃO - QUEIMADOS MÉDIOS - 8º ANDAR;2021,0;5,0;25,0;1007,0;30,0;0,8333333333333334;33,56666666666667
HJXXIII;UNIDADE INTERNAÇÃO - QUEIMADOS MÉDIOS - 8º ANDAR;2021,0;6,0;32,0;845,0;32,0;1,0;26,40625
HJXXIII;UNIDADE INTERNAÇÃO - QUEIMADOS MÉDIOS - 8º ANDAR;2021,0;7,0;19,0;807,0;35,0;0,5428571428571428;23,057142857142857
HJXXIII;UNIDADE INTERNAÇÃO - QUEIMADOS MÉDIOS - 8º ANDAR;2021,0;8,0;15,0;1092,0;31,0;0,4838709677419355;35,225806451612904
HJXXIII;UNIDADE INTERNAÇÃO - QUEIMADOS MÉDIOS - 8º ANDAR;2021,0;9,0;31,0;847,0;34,0;0,9117647058823529;24,91176470588235
HJXXIII;UNIDADE INTERNAÇÃO - QUEIMADOS MÉDIOS - 8º ANDAR;2021,0;10,0;32,0;1047,0;28,0;1,1428571428571428;37,392857142857146
HJXXIII;UNIDADE INTERNAÇÃO - QUEIMADOS MÉDIOS - 8º ANDAR;2021,0;11,0;46,0;1057,0;31,0;1,4838709677419355;34,096774193548384
HJXXIII;UNIDADE INTERNAÇÃO - QUEIMADOS MÉDIOS - 8º ANDAR;2021,0;12,0;25,0;943,0;31,0;0,8064516129032258;30,419354838709676
HJXXIII;UNIDADE INTERNAÇÃO - QUEIMADOS MÉDIOS - 8º ANDAR;2022,0;1,0;33,0;999,0;34,0;0,9705882352941176;29,38235294117647
HJXXIII;UNIDADE INTERNAÇÃO - QUEIMADOS MÉDIOS - 8º ANDAR;2022,0;2,0;25,0;832,0;24,0;1,0416666666666667;34,666666666666664
HJXXIII;UNIDADE INTERNAÇÃO - QUEIMADOS MÉDIOS - 8º ANDAR;2022,0;3,0;24,0;938,0;32,0;0,75;29,3125
HJXXIII;UNIDADE INTERNAÇÃO - QUEIMADOS MÉDIOS - 8º ANDAR;2022,0;4,0;26,0;1042,0;35,0;0,7428571428571429;29,771428571428572
HJXXIII;UNIDADE INTERNAÇÃO - QUEIMADOS MÉDIOS - 8º ANDAR;2022,0;5,0;38,0;912,0;26,0;1,4615384615384615;35,07692307692308
HJXXIII;UNIDADE INTERNAÇÃO - QUEIMADOS MÉDIOS - 8º ANDAR;2022,0;6,0;28,0;1292,0;30,0;0,9333333333333333;43,06666666666667
HJXXIII;UNIDADE INTERNAÇÃO - QUEIMADOS MÉDIOS - 8º ANDAR;2022,0;7,0;23,0;1070,0;30,0;0,7666666666666667;35,666666666666664
HJXXIII;UNIDADE INTERNAÇÃO - QUEIMADOS MÉDIOS - 8º ANDAR;2022,0;8,0;42,0;1263,0;37,0;1,135135135135135;34,13513513513514
HJXXIII;UNIDADE INTERNAÇÃO - QUEIMADOS MÉDIOS - 8º ANDAR;2022,0;9,0;34,0;1132,0;25,0;1,36;45,28
HJXXIII;UNIDADE INTERNAÇÃO - QUEIMADOS MÉDIOS - 8º ANDAR;2022,0;10,0;46,0;992,0;30,0;1,5333333333333334;33,06666666666667
HJXXIII;UNIDADE INTERNAÇÃO - QUEIMADOS MÉDIOS - 8º ANDAR;2022,0;11,0;40,0;1270,0;27,0;1,4814814814814814;47,03703703703704
HJXXIII;UNIDADE INTERNAÇÃO - QUEIMADOS MÉDIOS - 8º ANDAR;2022,0;12,0;23,0;1117,0;20,0;1,15;55,85
HJXXIII;UNIDADE INTERNAÇÃO - QUEIMADOS MÉDIOS - 8º ANDAR;2023,0;1,0;21,0;1029,0;30,0;0,7;34,3
HJXXIII;UNIDADE INTERNAÇÃO - QUEIMADOS MÉDIOS - 8º ANDAR;2023,0;2,0;21,0;900,0;22,0;0,9545454545454546;40,90909090909091
HJXXIII;UNIDADE INTERNAÇÃO - QUEIMADOS MÉDIOS - 8º ANDAR;2023,0;3,0;20,0;877,0;29,0;0,6896551724137931;30,24137931034483
HJXXIII;UNIDADE INTERNAÇÃO - QUEIMADOS MÉDIOS - 8º ANDAR;2023,0;4,0;23,0;795,0;28,0;0,8214285714285714;28,392857142857142
HJXXIII;UNIDADE INTERNAÇÃO - QUEIMADOS MÉDIOS - 8º ANDAR;2023,0;5,0;29,0;869,0;22,0;1,3181818181818181;39,5
HJXXIII;UNIDADE INTERNAÇÃO - QUEIMADOS MÉDIOS - 8º ANDAR;2023,0;6,0;24,0;895,0;28,0;0,8571428571428571;31,964285714285715
HJXXIII;UNIDADE INTERNAÇÃO - QUEIMADOS MÉDIOS - 8º ANDAR;2023,0;7,0;24,0;925,0;24,0;1,0;38,541666666666664
HJXXIII;UNIDADE INTERNAÇÃO - QUEIMADOS MÉDIOS - 8º ANDAR;2023,0;8,0;11,0;836,0;29,0;0,3793103448275862;28,82758620689655
HJXXIII;UNIDADE INTERNAÇÃO - QUEIMADOS MÉDIOS - 8º ANDAR;2023,0;9,0;14,0;813,0;27,0;0,5185185185185185;30,11111111111111
HJXXIII;UNIDADE INTERNAÇÃO - QUEIMADOS MÉDIOS - 8º ANDAR;2023,0;10,0;29,0;797,0;36,0;0,8055555555555556;22,13888888888889
HJXXIII;UNIDADE INTERNAÇÃO - QUEIMADOS MÉDIOS - 8º ANDAR;2023,0;11,0;31,0;983,0;23,0;1,3478260869565217;42,73913043478261
HJXXIII;UNIDADE INTERNAÇÃO - QUEIMADOS MÉDIOS - 8º ANDAR;2023,0;12,0;36,0;981,0;24,0;1,5;40,875
HJXXIII;UNIDADE INTERNAÇÃO - QUEIMADOS MÉDIOS - 8º ANDAR;2024,0;1,0;36,0;987,0;26,0;1,3846153846153846;37,96153846153846
HJXXIII;UNIDADE INTERNAÇÃO - QUEIMADOS MÉDIOS - 8º ANDAR;2024,0;2,0;25,0;786,0;30,0;0,8333333333333334;26,2
HJXXIII;UNIDADE INTERNAÇÃO - QUEIMADOS MÉDIOS - 8º ANDAR;2024,0;3,0;36,0;917,0;27,0;1,3333333333333333;33,96296296296296
HJXXIII;UNIDADE INTERNAÇÃO - QUEIMADOS MÉDIOS - 8º ANDAR;2024,0;4,0;23,0;862,0;22,0;1,0454545454545454;39,18181818181818
HJXXIII;UNIDADE INTERNAÇÃO - QUEIMADOS MÉDIOS - 8º ANDAR;2024,0;5,0;30,0;1021,0;33,0;0,9090909090909091;30,939393939393938
HJXXIII;UNIDADE INTERNAÇÃO - QUEIMADOS MÉDIOS - 8º ANDAR;2024,0;6,0;21,0;838,0;28,0;0,75;29,928571428571427
HJXXIII;UNIDADE INTERNAÇÃO - QUEIMADOS MÉDIOS - 8º ANDAR;2024,0;7,0;25,0;906,0;31,0;0,8064516129032258;29,225806451612904
HJXXIII;UNIDADE INTERNAÇÃO - QUEIMADOS MÉDIOS - 8º ANDAR;2024,0;8,0;27,0;967,0;18,0;1,5;53,72222222222222
HJXXIII;UNIDADE INTERNAÇÃO - QUEIMADOS MÉDIOS - 8º ANDAR;2024,0;9,0;13,0;964,0;31,0;0,41935483870967744;31,096774193548388
HJXXIII;UNIDADE INTERNAÇÃO - QUEIMADOS MÉDIOS - 8º ANDAR;2024,0;10,0;18,0;762,0;27,0;0,6666666666666666;28,22222222222222
HJXXIII;UNIDADE INTERNAÇÃO - QUEIMADOS MÉDIOS - 8º ANDAR;2024,0;11,0;27,0;773,0;27,0;1,0;28,62962962962963
HJXXIII;UNIDADE INTERNAÇÃO - QUEIMADOS MÉDIOS - 8º ANDAR;2024,0;12,0;23,0;742,0;23,0;1,0;32,26086956521739
HJXXIII;UNIDADE INTERNAÇÃO - QUEIMADOS MÉDIOS - 8º ANDAR;2025,0;1,0;29,0;1113,0;37,0;0,7837837837837838;30,08108108108108
HJXXIII;UNIDADE INTERNAÇÃO - QUEIMADOS MÉDIOS - 8º ANDAR;2025,0;2,0;17,0;1049,0;25,0;0,68;41,96
HJXXIII;UNIDADE INTERNAÇÃO - QUEIMADOS MÉDIOS - 8º ANDAR;2025,0;3,0;36,0;1163,0;36,0;1,0;32,30555555555556
HJXXIII;UNIDADE INTERNAÇÃO - QUEIMADOS MÉDIOS - 8º ANDAR;2025,0;4,0;48,0;1222,0;33,0;1,4545454545454546;37,03030303030303
HJXXIII;UNIDADE INTERNAÇÃO - QUEIMADOS MÉDIOS - 8º ANDAR;2025,0;5,0;44,0;1169,0;30,0;1,4666666666666666;38,96666666666667
HJXXIII;UNIDADE INTERNAÇÃO - QUEIMADOS MÉDIOS - 8º ANDAR;2025,0;6,0;29,0;1176,0;36,0;0,8055555555555556;32,666666666666664
HJXXIII;UNIDADE INTERNAÇÃO - QUEIMADOS MÉDIOS - 8º ANDAR;2025,0;7,0;33,0;1126,0;32,0;1,03125;35,1875
HJXXIII;UNIDADE INTERNAÇÃO - QUEIMADOS MÉDIOS - 8º ANDAR;2025,0;8,0;17,0;859,0;35,0;0,4857142857142857;24,542857142857144
HJXXIII;UNIDADE INTERNAÇÃO - QUEIMADOS MÉDIOS - 8º ANDAR;2025,0;9,0;29,0;1058,0;35,0;0,8285714285714286;30,228571428571428
HJXXIII;UNIDADE INTERNAÇÃO - QUEIMADOS MÉDIOS - 8º ANDAR;2025,0;10,0;25,0;1229,0;29,0;0,8620689655172413;42,37931034482759
HJXXIII;UNIDADE INTERNAÇÃO - QUEIMADOS MÉDIOS - 8º ANDAR;2025,0;11,0;22,0;934,0;35,0;0,6285714285714286;26,685714285714287
HJXXIII;UNIDADE INTERNAÇÃO - QUEIMADOS MÉDIOS - 8º ANDAR;2025,0;12,0;25,0;1159,0;38,0;0,6578947368421053;30,5
HJXXIII;UNIDADE INTERNAÇÃO - QUEIMADOS MÉDIOS - 8º ANDAR;2026,0;1,0;11,0;972,0;30,0;0,36666666666666664;32,4
HJXXIII;UNIDADE INTERNAÇÃO - QUEIMADOS MÉDIOS - 8º ANDAR;2026,0;2,0;19,0;869,0;25,0;0,76;34,76
HJXXIII;UNIDADE INTERNAÇÃO - QUEIMADOS MÉDIOS - 8º ANDAR;2026,0;3,0;23,0;1241,0;29,0;0,7931034482758621;42,793103448275865
HJXXIII;UNIDADE INTERNAÇÃO - QUEIMADOS MÉDIOS - 8º ANDAR;2026,0;4,0;11,0;898,0;38,0;0,2894736842105263;23,63157894736842
HJXXIII;UNIDADE INTERNAÇÃO - QUEIMADOS MÉDIOS - 8º ANDAR;2026,0;5,0;20,0;914,0;37,0;0,5405405405405406;24,7027027027027
HJXXIII;UNIDADE INTERNAÇÃO - QUEIMADOS MÉDIOS - 8º ANDAR;2026,0;6,0;14,0;1006,0;37,0;0,3783783783783784;27,18918918918919
HJXXIII;UNIDADE INTERNAÇÃO - QUEIMADOS MÉDIOS - 8º ANDAR;2026,0;7,0;24,0;1154,0;37,0;0,6486486486486487;31,18918918918919
HJXXIII;UNIDADE INTERNAÇÃO - QUEIMADOS MÉDIOS - 8º ANDAR;2026,0;8,0;25,0;960,0;39,0;0,6410256410256411;24,615384615384617
HJXXIII;UTI;2019,0;1,0;808,0;16889,0;26,0;31,076923076923077;649,5769230769231
HJXXIII;UTI;2019,0;2,0;671,0;16346,0;17,0;39,470588235294116;961,5294117647059
HJXXIII;UTI;2019,0;3,0;867,0;18130,0;23,0;37,69565217391305;788,2608695652174
HJXXIII;UTI;2019,0;4,0;753,0;18002,0;12,0;62,75;1500,1666666666667
HJXXIII;UTI;2019,0;5,0;846,0;19329,0;37,0;22,864864864864863;522,4054054054054
HJXXIII;UTI;2019,0;6,0;785,0;18675,0;17,0;46,1764705882353;1098,5294117647059
HJXXIII;UTI;2019,0;7,0;844,0;18606,0;28,0;30,142857142857142;664,5
HJXXIII;UTI;2019,0;8,0;859,0;18730,0;27,0;31,814814814814813;693,7037037037037
HJXXIII;UTI;2019,0;9,0;800,0;19082,0;16,0;50,0;1192,625
HJXXIII;UTI;2019,0;10,0;877,0;19166,0;29,0;30,24137931034483;660,8965517241379
HJXXIII;UTI;2019,0;11,0;764,0;17542,0;11,0;69,45454545454545;1594,7272727272727
HJXXIII;UTI;2019,0;12,0;811,0;17686,0;21,0;38,61904761904762;842,1904761904761
HJXXIII;UTI;2020,0;1,0;748,0;17660,0;19,0;39,36842105263158;929,4736842105264
HJXXIII;UTI;2020,0;2,0;761,0;16660,0;12,0;63,416666666666664;1388,3333333333333
HJXXIII;UTI;2020,0;3,0;730,0;15791,0;23,0;31,73913043478261;686,5652173913044
HJXXIII;UTI;2020,0;4,0;484,0;11939,0;23,0;21,043478260869566;519,0869565217391
HJXXIII;UTI;2020,0;5,0;651,0;15786,0;23,0;28,304347826086957;686,3478260869565
HJXXIII;UTI;2020,0;6,0;764,0;18087,0;26,0;29,384615384615383;695,6538461538462
HJXXIII;UTI;2020,0;7,0;848,0;19099,0;28,0;30,285714285714285;682,1071428571429
HJXXIII;UTI;2020,0;8,0;823,0;18977,0;11,0;74,81818181818181;1725,1818181818182
HJXXIII;UTI;2020,0;9,0;718,0;17750,0;19,0;37,78947368421053;934,2105263157895
HJXXIII;UTI;2020,0;10,0;710,0;18395,0;31,0;22,903225806451612;593,3870967741935
HJXXIII;UTI;2020,0;11,0;760,0;19735,0;24,0;31,666666666666668;822,2916666666666
HJXXIII;UTI;2020,0;12,0;848,0;20560,0;28,0;30,285714285714285;734,2857142857143
HJXXIII;UTI;2021,0;1,0;728,0;19031,0;31,0;23,483870967741936;613,9032258064516
HJXXIII;UTI;2021,0;2,0;715,0;18489,0;27,0;26,48148148148148;684,7777777777778
HJXXIII;UTI;2021,0;3,0;907,0;21966,0;33,0;27,484848484848484;665,6363636363636
HJXXIII;UTI;2021,0;4,0;821,0;21984,0;42,0;19,547619047619047;523,4285714285714
HJXXIII;UTI;2021,0;5,0;845,0;19601,0;37,0;22,83783783783784;529,7567567567568
HJXXIII;UTI;2021,0;6,0;758,0;19431,0;18,0;42,111111111111114;1079,5
HJXXIII;UTI;2021,0;7,0;854,0;20218,0;27,0;31,62962962962963;748,8148148148148
HJXXIII;UTI;2021,0;8,0;901,0;20166,0;26,0;34,65384615384615;775,6153846153846
HJXXIII;UTI;2021,0;9,0;761,0;20375,0;27,0;28,185185185185187;754,6296296296297
HJXXIII;UTI;2021,0;10,0;821,0;19681,0;29,0;28,310344827586206;678,6551724137931
HJXXIII;UTI;2021,0;11,0;798,0;19766,0;22,0;36,27272727272727;898,4545454545455
HJXXIII;UTI;2021,0;12,0;815,0;20358,0;27,0;30,185185185185187;754,0
HJXXIII;UTI;2022,0;1,0;675,0;18769,0;33,0;20,454545454545453;568,7575757575758
HJXXIII;UTI;2022,0;2,0;757,0;17427,0;21,0;36,04761904761905;829,8571428571429
HJXXIII;UTI;2022,0;3,0;969,0;21128,0;26,0;37,26923076923077;812,6153846153846
HJXXIII;UTI;2022,0;4,0;784,0;20478,0;17,0;46,11764705882353;1204,5882352941176
HJXXIII;UTI;2022,0;5,0;849,0;19544,0;31,0;27,387096774193548;630,4516129032259
HJXXIII;UTI;2022,0;6,0;872,0;19188,0;20,0;43,6;959,4
HJXXIII;UTI;2022,0;7,0;932,0;20769,0;29,0;32,13793103448276;716,1724137931035
HJXXIII;UTI;2022,0;8,0;1005,0;22366,0;31,0;32,41935483870968;721,483870967742
HJXXIII;UTI;2022,0;9,0;813,0;20217,0;25,0;32,52;808,68
HJXXIII;UTI;2022,0;10,0;958,0;21519,0;21,0;45,61904761904762;1024,7142857142858
HJXXIII;UTI;2022,0;11,0;845,0;20306,0;20,0;42,25;1015,3
HJXXIII;UTI;2022,0;12,0;965,0;21292,0;24,0;40,208333333333336;887,1666666666666
HJXXIII;UTI;2023,0;1,0;854,0;19713,0;23,0;37,130434782608695;857,0869565217391
HJXXIII;UTI;2023,0;2,0;767,0;18690,0;28,0;27,392857142857142;667,5
HJXXIII;UTI;2023,0;3,0;777,0;21587,0;34,0;22,852941176470587;634,9117647058823
HJXXIII;UTI;2023,0;4,0;832,0;20458,0;29,0;28,689655172413794;705,448275862069
HJXXIII;UTI;2023,0;5,0;981,0;22026,0;27,0;36,333333333333336;815,7777777777778
HJXXIII;UTI;2023,0;6,0;770,0;19220,0;27,0;28,51851851851852;711,8518518518518
HJXXIII;UTI;2023,0;7,0;869,0;21848,0;34,0;25,558823529411764;642,5882352941177
HJXXIII;UTI;2023,0;8,0;844,0;22173,0;13,0;64,92307692307692;1705,6153846153845
HJXXIII;UTI;2023,0;9,0;826,0;21196,0;31,0;26,64516129032258;683,741935483871
HJXXIII;UTI;2023,0;10,0;863,0;22377,0;36,0;23,97222222222222;621,5833333333334
HJXXIII;UTI;2023,0;11,0;772,0;21039,0;22,0;35,09090909090909;956,3181818181819
HJXXIII;UTI;2023,0;12,0;850,0;22658,0;27,0;31,48148148148148;839,1851851851852
HJXXIII;UTI;2024,0;1,0;828,0;19225,0;24,0;34,5;801,0416666666666
HJXXIII;UTI;2024,0;2,0;785,0;19019,0;21,0;37,38095238095238;905,6666666666666
HJXXIII;UTI;2024,0;3,0;822,0;19500,0;29,0;28,344827586206897;672,4137931034483
HJXXIII;UTI;2024,0;4,0;774,0;19937,0;21,0;36,857142857142854;949,3809523809524
HJXXIII;UTI;2024,0;5,0;1002,0;21849,0;38,0;26,36842105263158;574,9736842105264
HJXXIII;UTI;2024,0;6,0;842,0;21509,0;16,0;52,625;1344,3125
HJXXIII;UTI;2024,0;7,0;759,0;19053,0;36,0;21,083333333333332;529,25
HJXXIII;UTI;2024,0;8,0;820,0;19805,0;20,0;41,0;990,25
HJXXIII;UTI;2024,0;9,0;813,0;19726,0;23,0;35,34782608695652;857,6521739130435
HJXXIII;UTI;2024,0;10,0;674,0;17099,0;17,0;39,64705882352941;1005,8235294117648
HJXXIII;UTI;2024,0;11,0;698,0;16301,0;29,0;24,06896551724138;562,1034482758621
HJXXIII;UTI;2024,0;12,0;869,0;20073,0;32,0;27,15625;627,28125
HJXXIII;UTI;2025,0;1,0;671,0;16818,0;35,0;19,17142857142857;480,51428571428573
HJXXIII;UTI;2025,0;2,0;709,0;15836,0;36,0;19,694444444444443;439,8888888888889
HJXXIII;UTI;2025,0;3,0;881,0;17630,0;46,0;19,152173913043477;383,2608695652174
HJXXIII;UTI;2025,0;4,0;831,0;18230,0;34,0;24,441176470588236;536,1764705882352
HJXXIII;UTI;2025,0;5,0;837,0;18351,0;31,0;27,0;591,9677419354839
HJXXIII;UTI;2025,0;6,0;836,0;19416,0;30,0;27,866666666666667;647,2
HJXXIII;UTI;2025,0;7,0;836,0;17655,0;30,0;27,866666666666667;588,5
HJXXIII;UTI;2025,0;8,0;927,0;19468,0;21,0;44,142857142857146;927,047619047619
HJXXIII;UTI;2025,0;9,0;787,0;18843,0;25,0;31,48;753,72
HJXXIII;UTI;2025,0;10,0;888,0;20760,0;34,0;26,11764705882353;610,5882352941177
HJXXIII;UTI;2025,0;11,0;773,0;16764,0;34,0;22,735294117647058;493,05882352941177
HJXXIII;UTI;2025,0;12,0;854,0;18003,0;27,0;31,62962962962963;666,7777777777778
HJXXIII;UTI;2026,0;1,0;754,0;18762,0;25,0;30,16;750,48
HJXXIII;UTI;2026,0;2,0;901,0;18180,0;28,0;32,17857142857143;649,2857142857143
HJXXIII;UTI;2026,0;3,0;979,0;19757,0;23,0;42,56521739130435;859,0
HJXXIII;UTI;2026,0;4,0;968,0;20537,0;30,0;32,266666666666666;684,5666666666667
HJXXIII;UTI;2026,0;5,0;890,0;20833,0;34,0;26,176470588235293;612,7352941176471
HJXXIII;UTI;2026,0;6,0;926,0;19216,0;32,0;28,9375;600,5
HJXXIII;UTI;2026,0;7,0;950,0;20409,0;31,0;30,64516129032258;658,3548387096774
HJXXIII;UTI;2026,0;8,0;997,0;21664,0;32,0;31,15625;677,0
HJXXIII;UTI -  PEDIATRICO 2º ANDAR;2019,0;1,0;81,0;1085,0;15,0;5,4;72,33333333333333
HJXXIII;UTI -  PEDIATRICO 2º ANDAR;2019,0;2,0;69,0;778,0;5,0;13,8;155,6
HJXXIII;UTI -  PEDIATRICO 2º ANDAR;2019,0;3,0;136,0;1322,0;14,0;9,714285714285714;94,42857142857143
HJXXIII;UTI -  PEDIATRICO 2º ANDAR;2019,0;4,0;142,0;995,0;27,0;5,2592592592592595;36,851851851851855
HJXXIII;UTI -  PEDIATRICO 2º ANDAR;2019,0;5,0;163,0;1659,0;19,0;8,578947368421053;87,3157894736842
HJXXIII;UTI -  PEDIATRICO 2º ANDAR;2019,0;6,0;250,0;2019,0;36,0;6,944444444444445;56,083333333333336
HJXXIII;UTI -  PEDIATRICO 2º ANDAR;2019,0;7,0;161,0;1552,0;15,0;10,733333333333333;103,46666666666667
HJXXIII;UTI -  PEDIATRICO 2º ANDAR;2019,0;8,0;100,0;1220,0;3,0;33,333333333333336;406,6666666666667
HJXXIII;UTI -  PEDIATRICO 2º ANDAR;2019,0;9,0;92,0;1243,0;8,0;11,5;155,375
HJXXIII;UTI -  PEDIATRICO 2º ANDAR;2019,0;10,0;156,0;1638,0;5,0;31,2;327,6
HJXXIII;UTI -  PEDIATRICO 2º ANDAR;2019,0;11,0;116,0;1104,0;15,0;7,733333333333333;73,6
HJXXIII;UTI -  PEDIATRICO 2º ANDAR;2019,0;12,0;117,0;819,0;11,0;10,636363636363637;74,45454545454545
HJXXIII;UTI -  PEDIATRICO 2º ANDAR;2020,0;1,0;109,0;1099,0;8,0;13,625;137,375
HJXXIII;UTI -  PEDIATRICO 2º ANDAR;2020,0;2,0;119,0;1173,0;12,0;9,916666666666666;97,75
HJXXIII;UTI -  PEDIATRICO 2º ANDAR;2020,0;3,0;175,0;1312,0;22,0;7,954545454545454;59,63636363636363
HJXXIII;UTI -  PEDIATRICO 2º ANDAR;2020,0;4,0;131,0;1162,0;36,0;3,638888888888889;32,27777777777778
HJXXIII;UTI -  PEDIATRICO 2º ANDAR;2020,0;5,0;99,0;929,0;19,0;5,2105263157894735;48,89473684210526
HJXXIII;UTI -  PEDIATRICO 2º ANDAR;2020,0;6,0;130,0;1016,0;16,0;8,125;63,5
HJXXIII;UTI -  PEDIATRICO 2º ANDAR;2020,0;7,0;116,0;1283,0;25,0;4,64;51,32
HJXXIII;UTI -  PEDIATRICO 2º ANDAR;2020,0;8,0;196,0;1678,0;28,0;7,0;59,92857142857143
HJXXIII;UTI -  PEDIATRICO 2º ANDAR;2020,0;9,0;164,0;1220,0;21,0;7,809523809523809;58,095238095238095
HJXXIII;UTI -  PEDIATRICO 2º ANDAR;2020,0;10,0;161,0;1594,0;22,0;7,318181818181818;72,45454545454545
HJXXIII;UTI -  PEDIATRICO 2º ANDAR;2020,0;11,0;124,0;1030,0;25,0;4,96;41,2
HJXXIII;UTI -  PEDIATRICO 2º ANDAR;2020,0;12,0;157,0;1582,0;20,0;7,85;79,1
HJXXIII;UTI -  PEDIATRICO 2º ANDAR;2021,0;1,0;152,0;1176,0;15,0;10,133333333333333;78,4
HJXXIII;UTI -  PEDIATRICO 2º ANDAR;2021,0;2,0;136,0;941,0;17,0;8,0;55,35294117647059
HJXXIII;UTI -  PEDIATRICO 2º ANDAR;2021,0;3,0;216,0;1277,0;39,0;5,538461538461538;32,743589743589745
HJXXIII;UTI -  PEDIATRICO 2º ANDAR;2021,0;4,0;128,0;885,0;33,0;3,878787878787879;26,818181818181817
HJXXIII;UTI -  PEDIATRICO 2º ANDAR;2021,0;5,0;202,0;1517,0;30,0;6,733333333333333;50,56666666666667
HJXXIII;UTI -  PEDIATRICO 2º ANDAR;2021,0;6,0;143,0;1209,0;34,0;4,205882352941177;35,55882352941177
HJXXIII;UTI -  PEDIATRICO 2º ANDAR;2021,0;7,0;157,0;1367,0;28,0;5,607142857142857;48,82142857142857
HJXXIII;UTI -  PEDIATRICO 2º ANDAR;2021,0;8,0;228,0;1906,0;21,0;10,857142857142858;90,76190476190476
HJXXIII;UTI -  PEDIATRICO 2º ANDAR;2021,0;9,0;156,0;1566,0;25,0;6,24;62,64
HJXXIII;UTI -  PEDIATRICO 2º ANDAR;2021,0;10,0;229,0;1512,0;38,0;6,026315789473684;39,78947368421053
HJXXIII;UTI -  PEDIATRICO 2º ANDAR;2021,0;11,0;148,0;1092,0;35,0;4,228571428571429;31,2
HJXXIII;UTI -  PEDIATRICO 2º ANDAR;2021,0;12,0;176,0;1351,0;45,0;3,911111111111111;30,022222222222222
HJXXIII;UTI -  PEDIATRICO 2º ANDAR;2022,0;1,0;205,0;1562,0;31,0;6,612903225806452;50,38709677419355
HJXXIII;UTI -  PEDIATRICO 2º ANDAR;2022,0;2,0;261,0;2066,0;47,0;5,553191489361702;43,95744680851064
HJXXIII;UTI -  PEDIATRICO 2º ANDAR;2022,0;3,0;302,0;2701,0;71,0;4,253521126760563;38,04225352112676
HJXXIII;UTI -  PEDIATRICO 2º ANDAR;2022,0;4,0;308,0;2436,0;63,0;4,888888888888889;38,666666666666664
HJXXIII;UTI -  PEDIATRICO 2º ANDAR;2022,0;5,0;181,0;1064,0;36,0;5,027777777777778;29,555555555555557
HJXXIII;UTI -  PEDIATRICO 2º ANDAR;2022,0;6,0;152,0;1110,0;33,0;4,606060606060606;33,63636363636363
HJXXIII;UTI -  PEDIATRICO 2º ANDAR;2022,0;7,0;196,0;1273,0;48,0;4,083333333333333;26,520833333333332
HJXXIII;UTI -  PEDIATRICO 2º ANDAR;2022,0;8,0;157,0;1415,0;42,0;3,738095238095238;33,69047619047619
HJXXIII;UTI -  PEDIATRICO 2º ANDAR;2022,0;9,0;318,0;2640,0;78,0;4,076923076923077;33,84615384615385
HJXXIII;UTI -  PEDIATRICO 2º ANDAR;2022,0;10,0;272,0;1798,0;53,0;5,132075471698113;33,924528301886795
HJXXIII;UTI -  PEDIATRICO 2º ANDAR;2022,0;11,0;229,0;1551,0;54,0;4,2407407407407405;28,72222222222222
HJXXIII;UTI -  PEDIATRICO 2º ANDAR;2022,0;12,0;217,0;1317,0;37,0;5,864864864864865;35,5945945945946
HJXXIII;UTI -  PEDIATRICO 2º ANDAR;2023,0;1,0;193,0;1294,0;36,0;5,361111111111111;35,94444444444444
HJXXIII;UTI -  PEDIATRICO 2º ANDAR;2023,0;2,0;148,0;1165,0;44,0;3,3636363636363638;26,477272727272727
HJXXIII;UTI -  PEDIATRICO 2º ANDAR;2023,0;3,0;201,0;1871,0;45,0;4,466666666666667;41,577777777777776
HJXXIII;UTI -  PEDIATRICO 2º ANDAR;2023,0;4,0;239,0;1633,0;53,0;4,509433962264151;30,81132075471698
HJXXIII;UTI -  PEDIATRICO 2º ANDAR;2023,0;5,0;241,0;1681,0;63,0;3,8253968253968256;26,682539682539684
HJXXIII;UTI -  PEDIATRICO 2º ANDAR;2023,0;6,0;240,0;1878,0;39,0;6,153846153846154;48,15384615384615
HJXXIII;UTI -  PEDIATRICO 2º ANDAR;2023,0;7,0;219,0;1861,0;25,0;8,76;74,44
HJXXIII;UTI -  PEDIATRICO 2º ANDAR;2023,0;8,0;106,0;1014,0;25,0;4,24;40,56
HJXXIII;UTI -  PEDIATRICO 2º ANDAR;2023,0;9,0;160,0;1287,0;27,0;5,925925925925926;47,666666666666664
HJXXIII;UTI -  PEDIATRICO 2º ANDAR;2023,0;10,0;127,0;1136,0;27,0;4,703703703703703;42,074074074074076
HJXXIII;UTI -  PEDIATRICO 2º ANDAR;2023,0;11,0;167,0;1187,0;18,0;9,277777777777779;65,94444444444444
HJXXIII;UTI -  PEDIATRICO 2º ANDAR;2023,0;12,0;175,0;1446,0;25,0;7,0;57,84
HJXXIII;UTI -  PEDIATRICO 2º ANDAR;2024,0;1,0;85,0;1056,0;16,0;5,3125;66,0
HJXXIII;UTI -  PEDIATRICO 2º ANDAR;2024,0;2,0;121,0;1093,0;18,0;6,722222222222222;60,72222222222222
HJXXIII;UTI -  PEDIATRICO 2º ANDAR;2024,0;3,0;165,0;1199,0;28,0;5,892857142857143;42,82142857142857
HJXXIII;UTI -  PEDIATRICO 2º ANDAR;2024,0;4,0;204,0;1344,0;51,0;4,0;26,352941176470587
HJXXIII;UTI -  PEDIATRICO 2º ANDAR;2024,0;5,0;231,0;1383,0;45,0;5,133333333333334;30,733333333333334
HJXXIII;UTI -  PEDIATRICO 2º ANDAR;2024,0;6,0;152,0;1241,0;25,0;6,08;49,64
HJXXIII;UTI -  PEDIATRICO 2º ANDAR;2024,0;7,0;163,0;1306,0;37,0;4,405405405405405;35,2972972972973
HJXXIII;UTI -  PEDIATRICO 2º ANDAR;2024,0;8,0;112,0;994,0;24,0;4,666666666666667;41,416666666666664
HJXXIII;UTI -  PEDIATRICO 2º ANDAR;2024,0;9,0;100,0;775,0;14,0;7,142857142857143;55,357142857142854
HJXXIII;UTI -  PEDIATRICO 2º ANDAR;2024,0;10,0;78,0;593,0;11,0;7,090909090909091;53,90909090909091
HJXXIII;UTI -  PEDIATRICO 2º ANDAR;2024,0;11,0;147,0;1254,0;19,0;7,7368421052631575;66,0
HJXXIII;UTI -  PEDIATRICO 2º ANDAR;2024,0;12,0;75,0;759,0;22,0;3,409090909090909;34,5
HJXXIII;UTI -  PEDIATRICO 2º ANDAR;2025,0;1,0;151,0;1576,0;18,0;8,38888888888889;87,55555555555556
HJXXIII;UTI -  PEDIATRICO 2º ANDAR;2025,0;2,0;127,0;931,0;17,0;7,470588235294118;54,76470588235294
HJXXIII;UTI -  PEDIATRICO 2º ANDAR;2025,0;3,0;156,0;1047,0;23,0;6,782608695652174;45,52173913043478
HJXXIII;UTI -  PEDIATRICO 2º ANDAR;2025,0;4,0;216,0;1451,0;35,0;6,171428571428572;41,457142857142856
HJXXIII;UTI -  PEDIATRICO 2º ANDAR;2025,0;5,0;241,0;1471,0;57,0;4,228070175438597;25,80701754385965
HJXXIII;UTI -  PEDIATRICO 2º ANDAR;2025,0;6,0;298,0;1680,0;84,0;3,5476190476190474;20,0
HJXXIII;UTI -  PEDIATRICO 2º ANDAR;2025,0;7,0;134,0;928,0;25,0;5,36;37,12
HJXXIII;UTI -  PEDIATRICO 2º ANDAR;2025,0;8,0;116,0;865,0;38,0;3,0526315789473686;22,763157894736842
HJXXIII;UTI -  PEDIATRICO 2º ANDAR;2025,0;9,0;85,0;741,0;15,0;5,666666666666667;49,4
HJXXIII;UTI -  PEDIATRICO 2º ANDAR;2025,0;10,0;118,0;1018,0;14,0;8,428571428571429;72,71428571428571
HJXXIII;UTI -  PEDIATRICO 2º ANDAR;2025,0;11,0;97,0;750,0;25,0;3,88;30,0
HJXXIII;UTI -  PEDIATRICO 2º ANDAR;2025,0;12,0;109,0;919,0;22,0;4,954545454545454;41,77272727272727
HJXXIII;UTI -  PEDIATRICO 2º ANDAR;2026,0;1,0;99,0;977,0;14,0;7,071428571428571;69,78571428571429
HJXXIII;UTI -  PEDIATRICO 2º ANDAR;2026,0;2,0;124,0;1202,0;8,0;15,5;150,25
HJXXIII;UTI -  PEDIATRICO 2º ANDAR;2026,0;3,0;149,0;1308,0;30,0;4,966666666666667;43,6
HJXXIII;UTI -  PEDIATRICO 2º ANDAR;2026,0;4,0;232,0;1683,0;43,0;5,395348837209302;39,13953488372093
HJXXIII;UTI -  PEDIATRICO 2º ANDAR;2026,0;5,0;287,0;1901,0;76,0;3,776315789473684;25,013157894736842
HJXXIII;UTI -  PEDIATRICO 2º ANDAR;2026,0;6,0;309,0;2384,0;86,0;3,5930232558139537;27,72093023255814
HJXXIII;UTI -  PEDIATRICO 2º ANDAR;2026,0;7,0;228,0;1621,0;29,0;7,862068965517241;55,89655172413793
HJXXIII;UTI -  PEDIATRICO 2º ANDAR;2026,0;8,0;108,0;1086,0;28,0;3,857142857142857;38,785714285714285
HMAL;AMBULATORIO DE ORTOPEDIA;2019,0;9,0;21,0;102,0;1,0;21,0;102,0
HMAL;AMBULATORIO DE ORTOPEDIA;2020,0;11,0;14,0;41,0;1,0;14,0;41,0
HMAL;AMBULATORIO DE ORTOPEDIA;2023,0;7,0;7,0;23,0;1,0;7,0;23,0
HMAL;AMBULATORIO DE ORTOPEDIA;2024,0;9,0;3,0;35,0;1,0;3,0;35,0
HMAL;BLOCO CIRURGICO;2019,0;7,0;3,0;11,0;1,0;3,0;11,0
HMAL;TERAPIA MÃO;2021,0;5,0;0,0;0,0;1,0;0,0;0,0
HMAL;UNIDADE DE INTERNAÇÃO - TRAUMATO/ORTOPEDIA A;2019,0;1,0;52,0;447,0;56,0;0,9285714285714286;7,982142857142857
HMAL;UNIDADE DE INTERNAÇÃO - TRAUMATO/ORTOPEDIA A;2019,0;2,0;23,0;357,0;61,0;0,3770491803278688;5,852459016393443
HMAL;UNIDADE DE INTERNAÇÃO - TRAUMATO/ORTOPEDIA A;2019,0;3,0;45,0;524,0;60,0;0,75;8,733333333333333
HMAL;UNIDADE DE INTERNAÇÃO - TRAUMATO/ORTOPEDIA A;2019,0;4,0;25,0;321,0;62,0;0,4032258064516129;5,17741935483871
HMAL;UNIDADE DE INTERNAÇÃO - TRAUMATO/ORTOPEDIA A;2019,0;5,0;54,0;477,0;71,0;0,7605633802816901;6,71830985915493
HMAL;UNIDADE DE INTERNAÇÃO - TRAUMATO/ORTOPEDIA A;2019,0;6,0;23,0;496,0;54,0;0,42592592592592593;9,185185185185185
HMAL;UNIDADE DE INTERNAÇÃO - TRAUMATO/ORTOPEDIA A;2019,0;7,0;41,0;418,0;60,0;0,6833333333333333;6,966666666666667
HMAL;UNIDADE DE INTERNAÇÃO - TRAUMATO/ORTOPEDIA A;2019,0;8,0;52,0;350,0;73,0;0,7123287671232876;4,794520547945205
HMAL;UNIDADE DE INTERNAÇÃO - TRAUMATO/ORTOPEDIA A;2019,0;9,0;59,0;363,0;57,0;1,0350877192982457;6,368421052631579
HMAL;UNIDADE DE INTERNAÇÃO - TRAUMATO/ORTOPEDIA A;2019,0;10,0;24,0;392,0;60,0;0,4;6,533333333333333
HMAL;UNIDADE DE INTERNAÇÃO - TRAUMATO/ORTOPEDIA A;2019,0;11,0;23,0;378,0;57,0;0,40350877192982454;6,631578947368421
HMAL;UNIDADE DE INTERNAÇÃO - TRAUMATO/ORTOPEDIA A;2019,0;12,0;42,0;394,0;64,0;0,65625;6,15625
HMAL;UNIDADE DE INTERNAÇÃO - TRAUMATO/ORTOPEDIA A;2020,0;1,0;38,0;435,0;51,0;0,7450980392156863;8,529411764705882
HMAL;UNIDADE DE INTERNAÇÃO - TRAUMATO/ORTOPEDIA A;2020,0;2,0;41,0;308,0;49,0;0,8367346938775511;6,285714285714286
HMAL;UNIDADE DE INTERNAÇÃO - TRAUMATO/ORTOPEDIA A;2020,0;3,0;63,0;355,0;60,0;1,05;5,916666666666667
HMAL;UNIDADE DE INTERNAÇÃO - TRAUMATO/ORTOPEDIA A;2020,0;4,0;48,0;417,0;65,0;0,7384615384615385;6,415384615384616
HMAL;UNIDADE DE INTERNAÇÃO - TRAUMATO/ORTOPEDIA A;2020,0;5,0;46,0;496,0;65,0;0,7076923076923077;7,630769230769231
HMAL;UNIDADE DE INTERNAÇÃO - TRAUMATO/ORTOPEDIA A;2020,0;6,0;46,0;503,0;77,0;0,5974025974025974;6,532467532467533
HMAL;UNIDADE DE INTERNAÇÃO - TRAUMATO/ORTOPEDIA A;2020,0;7,0;48,0;473,0;70,0;0,6857142857142857;6,757142857142857
HMAL;UNIDADE DE INTERNAÇÃO - TRAUMATO/ORTOPEDIA A;2020,0;8,0;38,0;406,0;82,0;0,4634146341463415;4,951219512195122
HMAL;UNIDADE DE INTERNAÇÃO - TRAUMATO/ORTOPEDIA A;2020,0;9,0;29,0;431,0;90,0;0,32222222222222224;4,788888888888889
HMAL;UNIDADE DE INTERNAÇÃO - TRAUMATO/ORTOPEDIA A;2020,0;10,0;22,0;310,0;90,0;0,24444444444444444;3,4444444444444446
HMAL;UNIDADE DE INTERNAÇÃO - TRAUMATO/ORTOPEDIA A;2020,0;11,0;25,0;470,0;72,0;0,3472222222222222;6,527777777777778
HMAL;UNIDADE DE INTERNAÇÃO - TRAUMATO/ORTOPEDIA A;2020,0;12,0;19,0;430,0;82,0;0,23170731707317074;5,2439024390243905
HMAL;UNIDADE DE INTERNAÇÃO - TRAUMATO/ORTOPEDIA A;2021,0;1,0;34,0;526,0;81,0;0,41975308641975306;6,493827160493828
HMAL;UNIDADE DE INTERNAÇÃO - TRAUMATO/ORTOPEDIA A;2021,0;2,0;26,0;420,0;62,0;0,41935483870967744;6,774193548387097
HMAL;UNIDADE DE INTERNAÇÃO - TRAUMATO/ORTOPEDIA A;2021,0;3,0;40,0;613,0;67,0;0,5970149253731343;9,149253731343284
HMAL;UNIDADE DE INTERNAÇÃO - TRAUMATO/ORTOPEDIA A;2021,0;4,0;37,0;561,0;67,0;0,5522388059701493;8,373134328358208
HMAL;UNIDADE DE INTERNAÇÃO - TRAUMATO/ORTOPEDIA A;2021,0;5,0;44,0;706,0;65,0;0,676923076923077;10,861538461538462
HMAL;UNIDADE DE INTERNAÇÃO - TRAUMATO/ORTOPEDIA A;2021,0;6,0;36,0;595,0;71,0;0,5070422535211268;8,380281690140846
HMAL;UNIDADE DE INTERNAÇÃO - TRAUMATO/ORTOPEDIA A;2021,0;7,0;55,0;654,0;72,0;0,7638888888888888;9,083333333333334
HMAL;UNIDADE DE INTERNAÇÃO - TRAUMATO/ORTOPEDIA A;2021,0;8,0;43,0;560,0;78,0;0,5512820512820513;7,17948717948718
HMAL;UNIDADE DE INTERNAÇÃO - TRAUMATO/ORTOPEDIA A;2021,0;9,0;39,0;488,0;71,0;0,5492957746478874;6,873239436619718
HMAL;UNIDADE DE INTERNAÇÃO - TRAUMATO/ORTOPEDIA A;2021,0;10,0;38,0;504,0;61,0;0,6229508196721312;8,262295081967213
HMAL;UNIDADE DE INTERNAÇÃO - TRAUMATO/ORTOPEDIA A;2021,0;11,0;31,0;420,0;48,0;0,6458333333333334;8,75
HMAL;UNIDADE DE INTERNAÇÃO - TRAUMATO/ORTOPEDIA A;2021,0;12,0;22,0;492,0;64,0;0,34375;7,6875
HMAL;UNIDADE DE INTERNAÇÃO - TRAUMATO/ORTOPEDIA A;2022,0;1,0;26,0;630,0;56,0;0,4642857142857143;11,25
HMAL;UNIDADE DE INTERNAÇÃO - TRAUMATO/ORTOPEDIA A;2022,0;2,0;33,0;555,0;57,0;0,5789473684210527;9,736842105263158
HMAL;UNIDADE DE INTERNAÇÃO - TRAUMATO/ORTOPEDIA A;2022,0;3,0;40,0;582,0;76,0;0,5263157894736842;7,657894736842105
HMAL;UNIDADE DE INTERNAÇÃO - TRAUMATO/ORTOPEDIA A;2022,0;4,0;44,0;389,0;60,0;0,7333333333333333;6,483333333333333
HMAL;UNIDADE DE INTERNAÇÃO - TRAUMATO/ORTOPEDIA A;2022,0;5,0;34,0;523,0;64,0;0,53125;8,171875
HMAL;UNIDADE DE INTERNAÇÃO - TRAUMATO/ORTOPEDIA A;2022,0;6,0;30,0;504,0;65,0;0,46153846153846156;7,753846153846154
HMAL;UNIDADE DE INTERNAÇÃO - TRAUMATO/ORTOPEDIA A;2022,0;7,0;44,0;514,0;89,0;0,4943820224719101;5,775280898876405
HMAL;UNIDADE DE INTERNAÇÃO - TRAUMATO/ORTOPEDIA A;2022,0;8,0;37,0;476,0;82,0;0,45121951219512196;5,804878048780488
HMAL;UNIDADE DE INTERNAÇÃO - TRAUMATO/ORTOPEDIA A;2022,0;9,0;32,0;548,0;99,0;0,32323232323232326;5,5353535353535355
HMAL;UNIDADE DE INTERNAÇÃO - TRAUMATO/ORTOPEDIA A;2022,0;10,0;41,0;522,0;98,0;0,41836734693877553;5,326530612244898
HMAL;UNIDADE DE INTERNAÇÃO - TRAUMATO/ORTOPEDIA A;2022,0;11,0;35,0;564,0;78,0;0,44871794871794873;7,230769230769231
HMAL;UNIDADE DE INTERNAÇÃO - TRAUMATO/ORTOPEDIA A;2022,0;12,0;49,0;441,0;80,0;0,6125;5,5125
HMAL;UNIDADE DE INTERNAÇÃO - TRAUMATO/ORTOPEDIA A;2023,0;1,0;28,0;658,0;67,0;0,417910447761194;9,82089552238806
HMAL;UNIDADE DE INTERNAÇÃO - TRAUMATO/ORTOPEDIA A;2023,0;2,0;26,0;802,0;77,0;0,33766233766233766;10,415584415584416
HMAL;UNIDADE DE INTERNAÇÃO - TRAUMATO/ORTOPEDIA A;2023,0;3,0;49,0;623,0;108,0;0,4537037037037037;5,768518518518518
HMAL;UNIDADE DE INTERNAÇÃO - TRAUMATO/ORTOPEDIA A;2023,0;4,0;49,0;713,0;81,0;0,6049382716049383;8,802469135802468
HMAL;UNIDADE DE INTERNAÇÃO - TRAUMATO/ORTOPEDIA A;2023,0;5,0;54,0;730,0;103,0;0,5242718446601942;7,087378640776699
HMAL;UNIDADE DE INTERNAÇÃO - TRAUMATO/ORTOPEDIA A;2023,0;6,0;51,0;721,0;112,0;0,45535714285714285;6,4375
HMAL;UNIDADE DE INTERNAÇÃO - TRAUMATO/ORTOPEDIA A;2023,0;7,0;52,0;568,0;116,0;0,4482758620689655;4,896551724137931
HMAL;UNIDADE DE INTERNAÇÃO - TRAUMATO/ORTOPEDIA A;2023,0;8,0;67,0;507,0;147,0;0,4557823129251701;3,4489795918367347
HMAL;UNIDADE DE INTERNAÇÃO - TRAUMATO/ORTOPEDIA A;2023,0;9,0;77,0;420,0;153,0;0,5032679738562091;2,7450980392156863
HMAL;UNIDADE DE INTERNAÇÃO - TRAUMATO/ORTOPEDIA A;2023,0;10,0;49,0;552,0;152,0;0,3223684210526316;3,6315789473684212
HMAL;UNIDADE DE INTERNAÇÃO - TRAUMATO/ORTOPEDIA A;2023,0;11,0;82,0;488,0;144,0;0,5694444444444444;3,388888888888889
HMAL;UNIDADE DE INTERNAÇÃO - TRAUMATO/ORTOPEDIA A;2023,0;12,0;66,0;523,0;165,0;0,4;3,16969696969697
HMAL;UNIDADE DE INTERNAÇÃO - TRAUMATO/ORTOPEDIA A;2024,0;1,0;50,0;416,0;125,0;0,4;3,328
HMAL;UNIDADE DE INTERNAÇÃO - TRAUMATO/ORTOPEDIA A;2024,0;2,0;80,0;537,0;113,0;0,7079646017699115;4,752212389380531
HMAL;UNIDADE DE INTERNAÇÃO - TRAUMATO/ORTOPEDIA A;2024,0;3,0;78,0;422,0;125,0;0,624;3,376
HMAL;UNIDADE DE INTERNAÇÃO - TRAUMATO/ORTOPEDIA A;2024,0;4,0;39,0;541,0;137,0;0,2846715328467153;3,948905109489051
HMAL;UNIDADE DE INTERNAÇÃO - TRAUMATO/ORTOPEDIA A;2024,0;5,0;74,0;715,0;144,0;0,5138888888888888;4,965277777777778
HMAL;UNIDADE DE INTERNAÇÃO - TRAUMATO/ORTOPEDIA A;2024,0;6,0;32,0;837,0;114,0;0,2807017543859649;7,342105263157895
HMAL;UNIDADE DE INTERNAÇÃO - TRAUMATO/ORTOPEDIA A;2024,0;7,0;31,0;641,0;119,0;0,2605042016806723;5,38655462184874
HMAL;UNIDADE DE INTERNAÇÃO - TRAUMATO/ORTOPEDIA A;2024,0;8,0;38,0;652,0;124,0;0,3064516129032258;5,258064516129032
HMAL;UNIDADE DE INTERNAÇÃO - TRAUMATO/ORTOPEDIA A;2024,0;9,0;54,0;656,0;121,0;0,4462809917355372;5,421487603305785
HMAL;UNIDADE DE INTERNAÇÃO - TRAUMATO/ORTOPEDIA A;2024,0;10,0;64,0;899,0;127,0;0,5039370078740157;7,078740157480315
HMAL;UNIDADE DE INTERNAÇÃO - TRAUMATO/ORTOPEDIA A;2024,0;11,0;32,0;369,0;103,0;0,3106796116504854;3,5825242718446604
HMAL;UNIDADE DE INTERNAÇÃO - TRAUMATO/ORTOPEDIA A;2024,0;12,0;39,0;503,0;83,0;0,46987951807228917;6,0602409638554215
HMAL;UNIDADE DE INTERNAÇÃO - TRAUMATO/ORTOPEDIA A;2025,0;1,0;20,0;499,0;68,0;0,29411764705882354;7,338235294117647
HMAL;UNIDADE DE INTERNAÇÃO - TRAUMATO/ORTOPEDIA A;2025,0;2,0;6,0;339,0;24,0;0,25;14,125
HMAL;UNIDADE DE INTERNAÇÃO - TRAUMATO/ORTOPEDIA A;2025,0;3,0;9,0;54,0;15,0;0,6;3,6
HMAL;UNIDADE DE INTERNAÇÃO - TRAUMATO/ORTOPEDIA B;2019,0;1,0;59,0;447,0;71,0;0,8309859154929577;6,295774647887324
HMAL;UNIDADE DE INTERNAÇÃO - TRAUMATO/ORTOPEDIA B;2019,0;2,0;66,0;382,0;65,0;1,0153846153846153;5,876923076923077
HMAL;UNIDADE DE INTERNAÇÃO - TRAUMATO/ORTOPEDIA B;2019,0;3,0;51,0;605,0;59,0;0,864406779661017;10,254237288135593
HMAL;UNIDADE DE INTERNAÇÃO - TRAUMATO/ORTOPEDIA B;2019,0;4,0;57,0;631,0;58,0;0,9827586206896551;10,879310344827585
HMAL;UNIDADE DE INTERNAÇÃO - TRAUMATO/ORTOPEDIA B;2019,0;5,0;34,0;626,0;72,0;0,4722222222222222;8,694444444444445
HMAL;UNIDADE DE INTERNAÇÃO - TRAUMATO/ORTOPEDIA B;2019,0;6,0;42,0;410,0;70,0;0,6;5,857142857142857
HMAL;UNIDADE DE INTERNAÇÃO - TRAUMATO/ORTOPEDIA B;2019,0;7,0;47,0;382,0;84,0;0,5595238095238095;4,5476190476190474
HMAL;UNIDADE DE INTERNAÇÃO - TRAUMATO/ORTOPEDIA B;2019,0;8,0;85,0;374,0;61,0;1,3934426229508197;6,131147540983607
HMAL;UNIDADE DE INTERNAÇÃO - TRAUMATO/ORTOPEDIA B;2019,0;9,0;89,0;330,0;61,0;1,459016393442623;5,409836065573771
HMAL;UNIDADE DE INTERNAÇÃO - TRAUMATO/ORTOPEDIA B;2019,0;10,0;35,0;350,0;79,0;0,4430379746835443;4,430379746835443
HMAL;UNIDADE DE INTERNAÇÃO - TRAUMATO/ORTOPEDIA B;2019,0;11,0;50,0;483,0;75,0;0,6666666666666666;6,44
HMAL;UNIDADE DE INTERNAÇÃO - TRAUMATO/ORTOPEDIA B;2019,0;12,0;35,0;397,0;62,0;0,5645161290322581;6,403225806451613
HMAL;UNIDADE DE INTERNAÇÃO - TRAUMATO/ORTOPEDIA B;2020,0;1,0;39,0;360,0;75,0;0,52;4,8
HMAL;UNIDADE DE INTERNAÇÃO - TRAUMATO/ORTOPEDIA B;2020,0;2,0;51,0;464,0;78,0;0,6538461538461539;5,948717948717949
HMAL;UNIDADE DE INTERNAÇÃO - TRAUMATO/ORTOPEDIA B;2020,0;3,0;57,0;660,0;69,0;0,8260869565217391;9,565217391304348
HMAL;UNIDADE DE INTERNAÇÃO - TRAUMATO/ORTOPEDIA B;2020,0;4,0;64,0;589,0;76,0;0,8421052631578947;7,75
HMAL;UNIDADE DE INTERNAÇÃO - TRAUMATO/ORTOPEDIA B;2020,0;5,0;57,0;546,0;92,0;0,6195652173913043;5,934782608695652
HMAL;UNIDADE DE INTERNAÇÃO - TRAUMATO/ORTOPEDIA B;2020,0;6,0;61,0;666,0;88,0;0,6931818181818182;7,568181818181818
HMAL;UNIDADE DE INTERNAÇÃO - TRAUMATO/ORTOPEDIA B;2020,0;7,0;59,0;745,0;80,0;0,7375;9,3125
HMAL;UNIDADE DE INTERNAÇÃO - TRAUMATO/ORTOPEDIA B;2020,0;8,0;45,0;627,0;83,0;0,5421686746987951;7,554216867469879
HMAL;UNIDADE DE INTERNAÇÃO - TRAUMATO/ORTOPEDIA B;2020,0;9,0;31,0;515,0;89,0;0,34831460674157305;5,786516853932584
HMAL;UNIDADE DE INTERNAÇÃO - TRAUMATO/ORTOPEDIA B;2020,0;10,0;34,0;532,0;106,0;0,32075471698113206;5,018867924528302
HMAL;UNIDADE DE INTERNAÇÃO - TRAUMATO/ORTOPEDIA B;2020,0;11,0;35,0;447,0;87,0;0,40229885057471265;5,137931034482759
HMAL;UNIDADE DE INTERNAÇÃO - TRAUMATO/ORTOPEDIA B;2020,0;12,0;31,0;407,0;111,0;0,27927927927927926;3,6666666666666665
HMAL;UNIDADE DE INTERNAÇÃO - TRAUMATO/ORTOPEDIA B;2021,0;1,0;46,0;665,0;97,0;0,4742268041237113;6,855670103092783
HMAL;UNIDADE DE INTERNAÇÃO - TRAUMATO/ORTOPEDIA B;2021,0;2,0;25,0;480,0;79,0;0,31645569620253167;6,075949367088608
HMAL;UNIDADE DE INTERNAÇÃO - TRAUMATO/ORTOPEDIA B;2021,0;3,0;36,0;675,0;88,0;0,4090909090909091;7,670454545454546
HMAL;UNIDADE DE INTERNAÇÃO - TRAUMATO/ORTOPEDIA B;2021,0;4,0;39,0;746,0;96,0;0,40625;7,770833333333333
HMAL;UNIDADE DE INTERNAÇÃO - TRAUMATO/ORTOPEDIA B;2021,0;5,0;58,0;736,0;94,0;0,6170212765957447;7,829787234042553
HMAL;UNIDADE DE INTERNAÇÃO - TRAUMATO/ORTOPEDIA B;2021,0;6,0;64,0;669,0;77,0;0,8311688311688312;8,688311688311689
HMAL;UNIDADE DE INTERNAÇÃO - TRAUMATO/ORTOPEDIA B;2021,0;7,0;51,0;767,0;92,0;0,5543478260869565;8,33695652173913
HMAL;UNIDADE DE INTERNAÇÃO - TRAUMATO/ORTOPEDIA B;2021,0;8,0;39,0;806,0;70,0;0,5571428571428572;11,514285714285714
HMAL;UNIDADE DE INTERNAÇÃO - TRAUMATO/ORTOPEDIA B;2021,0;9,0;32,0;787,0;61,0;0,5245901639344263;12,901639344262295
HMAL;UNIDADE DE INTERNAÇÃO - TRAUMATO/ORTOPEDIA B;2021,0;10,0;34,0;783,0;70,0;0,4857142857142857;11,185714285714285
HMAL;UNIDADE DE INTERNAÇÃO - TRAUMATO/ORTOPEDIA B;2021,0;11,0;39,0;700,0;64,0;0,609375;10,9375
HMAL;UNIDADE DE INTERNAÇÃO - TRAUMATO/ORTOPEDIA B;2021,0;12,0;14,0;317,0;44,0;0,3181818181818182;7,204545454545454
HMAL;UNIDADE DE INTERNAÇÃO - TRAUMATO/ORTOPEDIA B;2022,0;2,0;19,0;315,0;35,0;0,5428571428571428;9,0
HMAL;UNIDADE DE INTERNAÇÃO - TRAUMATO/ORTOPEDIA B;2022,0;3,0;48,0;775,0;62,0;0,7741935483870968;12,5
HMAL;UNIDADE DE INTERNAÇÃO - TRAUMATO/ORTOPEDIA B;2022,0;4,0;36,0;625,0;56,0;0,6428571428571429;11,160714285714286
HMAL;UNIDADE DE INTERNAÇÃO - TRAUMATO/ORTOPEDIA B;2022,0;5,0;67,0;385,0;75,0;0,8933333333333333;5,133333333333334
HMAL;UNIDADE DE INTERNAÇÃO - TRAUMATO/ORTOPEDIA B;2022,0;6,0;40,0;467,0;73,0;0,547945205479452;6,397260273972603
HMAL;UNIDADE DE INTERNAÇÃO - TRAUMATO/ORTOPEDIA B;2022,0;7,0;55,0;688,0;110,0;0,5;6,254545454545455
HMAL;UNIDADE DE INTERNAÇÃO - TRAUMATO/ORTOPEDIA B;2022,0;8,0;43,0;641,0;81,0;0,5308641975308642;7,91358024691358
HMAL;UNIDADE DE INTERNAÇÃO - TRAUMATO/ORTOPEDIA B;2022,0;9,0;47,0;642,0;107,0;0,4392523364485981;6,0
HMAL;UNIDADE DE INTERNAÇÃO - TRAUMATO/ORTOPEDIA B;2022,0;10,0;44,0;640,0;88,0;0,5;7,2727272727272725
HMAL;UNIDADE DE INTERNAÇÃO - TRAUMATO/ORTOPEDIA B;2022,0;11,0;44,0;486,0;98,0;0,4489795918367347;4,959183673469388
HMAL;UNIDADE DE INTERNAÇÃO - TRAUMATO/ORTOPEDIA B;2022,0;12,0;31,0;513,0;105,0;0,29523809523809524;4,885714285714286
HMAL;UNIDADE DE INTERNAÇÃO - TRAUMATO/ORTOPEDIA B;2023,0;1,0;39,0;497,0;115,0;0,3391304347826087;4,321739130434783
HMAL;UNIDADE DE INTERNAÇÃO - TRAUMATO/ORTOPEDIA B;2023,0;2,0;45,0;581,0;107,0;0,4205607476635514;5,429906542056075
HMAL;UNIDADE DE INTERNAÇÃO - TRAUMATO/ORTOPEDIA B;2023,0;3,0;77,0;601,0;172,0;0,4476744186046512;3,494186046511628
HMAL;UNIDADE DE INTERNAÇÃO - TRAUMATO/ORTOPEDIA B;2023,0;4,0;59,0;688,0;127,0;0,4645669291338583;5,417322834645669
HMAL;UNIDADE DE INTERNAÇÃO - TRAUMATO/ORTOPEDIA B;2023,0;5,0;58,0;583,0;136,0;0,4264705882352941;4,286764705882353
HMAL;UNIDADE DE INTERNAÇÃO - TRAUMATO/ORTOPEDIA B;2023,0;6,0;90,0;779,0;182,0;0,4945054945054945;4,28021978021978
HMAL;UNIDADE DE INTERNAÇÃO - TRAUMATO/ORTOPEDIA B;2023,0;7,0;63,0;911,0;128,0;0,4921875;7,1171875
HMAL;UNIDADE DE INTERNAÇÃO - TRAUMATO/ORTOPEDIA B;2023,0;8,0;64,0;873,0;125,0;0,512;6,984
HMAL;UNIDADE DE INTERNAÇÃO - TRAUMATO/ORTOPEDIA B;2023,0;9,0;71,0;805,0;108,0;0,6574074074074074;7,453703703703703
HMAL;UNIDADE DE INTERNAÇÃO - TRAUMATO/ORTOPEDIA B;2023,0;10,0;102,0;668,0;123,0;0,8292682926829268;5,430894308943089
HMAL;UNIDADE DE INTERNAÇÃO - TRAUMATO/ORTOPEDIA B;2023,0;11,0;74,0;994,0;137,0;0,5401459854014599;7,255474452554744
HMAL;UNIDADE DE INTERNAÇÃO - TRAUMATO/ORTOPEDIA B;2023,0;12,0;78,0;793,0;152,0;0,5131578947368421;5,217105263157895
HMAL;UNIDADE DE INTERNAÇÃO - TRAUMATO/ORTOPEDIA B;2024,0;1,0;67,0;877,0;116,0;0,5775862068965517;7,560344827586207
HMAL;UNIDADE DE INTERNAÇÃO - TRAUMATO/ORTOPEDIA B;2024,0;2,0;63,0;728,0;99,0;0,6363636363636364;7,353535353535354
HMAL;UNIDADE DE INTERNAÇÃO - TRAUMATO/ORTOPEDIA B;2024,0;3,0;75,0;718,0;121,0;0,6198347107438017;5,933884297520661
HMAL;UNIDADE DE INTERNAÇÃO - TRAUMATO/ORTOPEDIA B;2024,0;4,0;74,0;903,0;119,0;0,6218487394957983;7,588235294117647
HMAL;UNIDADE DE INTERNAÇÃO - TRAUMATO/ORTOPEDIA B;2024,0;5,0;62,0;987,0;130,0;0,47692307692307695;7,592307692307692
HMAL;UNIDADE DE INTERNAÇÃO - TRAUMATO/ORTOPEDIA B;2024,0;6,0;45,0;766,0;117,0;0,38461538461538464;6,547008547008547
HMAL;UNIDADE DE INTERNAÇÃO - TRAUMATO/ORTOPEDIA B;2024,0;7,0;41,0;940,0;106,0;0,3867924528301887;8,867924528301886
HMAL;UNIDADE DE INTERNAÇÃO - TRAUMATO/ORTOPEDIA B;2024,0;8,0;43,0;673,0;124,0;0,3467741935483871;5,42741935483871
HMAL;UNIDADE DE INTERNAÇÃO - TRAUMATO/ORTOPEDIA B;2024,0;9,0;47,0;955,0;82,0;0,573170731707317;11,646341463414634
HMAL;UNIDADE DE INTERNAÇÃO - TRAUMATO/ORTOPEDIA B;2024,0;10,0;58,0;1053,0;121,0;0,4793388429752066;8,702479338842975
HMAL;UNIDADE DE INTERNAÇÃO - TRAUMATO/ORTOPEDIA B;2024,0;11,0;50,0;616,0;85,0;0,5882352941176471;7,247058823529412
HMAL;UNIDADE DE INTERNAÇÃO - TRAUMATO/ORTOPEDIA B;2024,0;12,0;24,0;608,0;82,0;0,2926829268292683;7,414634146341464
HMAL;UNIDADE DE INTERNAÇÃO - TRAUMATO/ORTOPEDIA B;2025,0;1,0;37,0;587,0;59,0;0,6271186440677966;9,94915254237288
HMAL;UNIDADE DE INTERNAÇÃO - TRAUMATO/ORTOPEDIA B;2025,0;2,0;17,0;471,0;38,0;0,4473684210526316;12,394736842105264
HMAL;UNIDADE DE INTERNAÇÃO - TRAUMATO/ORTOPEDIA B;2025,0;3,0;2,0;172,0;17,0;0,11764705882352941;10,117647058823529
HMAL;UNIDADE DE INTERNAÇÃO - TRAUMATO/ORTOPEDIA B;2025,0;4,0;14,0;369,0;22,0;0,6363636363636364;16,772727272727273
HMAL;UNIDADE DE INTERNAÇÃO - TRAUMATO/ORTOPEDIA B;2025,0;5,0;25,0;346,0;75,0;0,3333333333333333;4,613333333333333
HMAL;UNIDADE DE INTERNAÇÃO - TRAUMATO/ORTOPEDIA B;2025,0;6,0;38,0;570,0;69,0;0,5507246376811594;8,26086956521739
HMAL;UNIDADE DE INTERNAÇÃO - TRAUMATO/ORTOPEDIA B;2025,0;7,0;34,0;861,0;80,0;0,425;10,7625
HMAL;UNIDADE DE INTERNAÇÃO - TRAUMATO/ORTOPEDIA B;2025,0;8,0;36,0;789,0;71,0;0,5070422535211268;11,112676056338028
HMAL;UNIDADE DE INTERNAÇÃO - TRAUMATO/ORTOPEDIA B;2025,0;9,0;48,0;1132,0;51,0;0,9411764705882353;22,19607843137255
HMAL;UNIDADE DE INTERNAÇÃO - TRAUMATO/ORTOPEDIA B;2025,0;10,0;46,0;1024,0;64,0;0,71875;16,0
HMAL;UNIDADE DE INTERNAÇÃO - TRAUMATO/ORTOPEDIA B;2025,0;11,0;21,0;667,0;69,0;0,30434782608695654;9,666666666666666
HMAL;UNIDADE DE INTERNAÇÃO - TRAUMATO/ORTOPEDIA B;2025,0;12,0;18,0;445,0;41,0;0,43902439024390244;10,853658536585366
HMAL;UNIDADE DE INTERNAÇÃO - TRAUMATO/ORTOPEDIA B;2026,0;1,0;31,0;770,0;80,0;0,3875;9,625
HMAL;UNIDADE DE INTERNAÇÃO - TRAUMATO/ORTOPEDIA B;2026,0;2,0;18,0;350,0;44,0;0,4090909090909091;7,954545454545454
HMAL;UNIDADE DE INTERNAÇÃO - TRAUMATO/ORTOPEDIA B;2026,0;3,0;13,0;359,0;43,0;0,3023255813953488;8,348837209302326
HMAL;UNIDADE DE INTERNAÇÃO - TRAUMATO/ORTOPEDIA B;2026,0;4,0;42,0;509,0;37,0;1,135135135135135;13,756756756756756
HMAL;UNIDADE DE INTERNAÇÃO - TRAUMATO/ORTOPEDIA B;2026,0;5,0;4,0;229,0;36,0;0,1111111111111111;6,361111111111111
HMAL;UNIDADE DE INTERNAÇÃO - TRAUMATO/ORTOPEDIA B;2026,0;6,0;9,0;266,0;12,0;0,75;22,166666666666668
HMAL;UNIDADE DE INTERNAÇÃO - TRAUMATO/ORTOPEDIA B;2026,0;7,0;0,0;7,0;1,0;0,0;7,0
HMAL;UNIDADE INTERNAÇÃO - BUCO TRAUMATO ORTOPEDIA 2º ANDAR;2019,0;1,0;33,0;340,0;45,0;0,7333333333333333;7,555555555555555
HMAL;UNIDADE INTERNAÇÃO - BUCO TRAUMATO ORTOPEDIA 2º ANDAR;2019,0;2,0;39,0;421,0;49,0;0,7959183673469388;8,591836734693878
HMAL;UNIDADE INTERNAÇÃO - BUCO TRAUMATO ORTOPEDIA 2º ANDAR;2019,0;3,0;29,0;517,0;48,0;0,6041666666666666;10,770833333333334
HMAL;UNIDADE INTERNAÇÃO - BUCO TRAUMATO ORTOPEDIA 2º ANDAR;2019,0;4,0;34,0;342,0;57,0;0,5964912280701754;6,0
HMAL;UNIDADE INTERNAÇÃO - BUCO TRAUMATO ORTOPEDIA 2º ANDAR;2019,0;5,0;43,0;388,0;68,0;0,6323529411764706;5,705882352941177
HMAL;UNIDADE INTERNAÇÃO - BUCO TRAUMATO ORTOPEDIA 2º ANDAR;2019,0;6,0;52,0;383,0;58,0;0,896551724137931;6,603448275862069
HMAL;UNIDADE INTERNAÇÃO - BUCO TRAUMATO ORTOPEDIA 2º ANDAR;2019,0;7,0;47,0;399,0;67,0;0,7014925373134329;5,955223880597015
HMAL;UNIDADE INTERNAÇÃO - BUCO TRAUMATO ORTOPEDIA 2º ANDAR;2019,0;8,0;43,0;350,0;56,0;0,7678571428571429;6,25
HMAL;UNIDADE INTERNAÇÃO - BUCO TRAUMATO ORTOPEDIA 2º ANDAR;2019,0;9,0;68,0;265,0;64,0;1,0625;4,140625
HMAL;UNIDADE INTERNAÇÃO - BUCO TRAUMATO ORTOPEDIA 2º ANDAR;2019,0;10,0;22,0;368,0;63,0;0,3492063492063492;5,841269841269841
HMAL;UNIDADE INTERNAÇÃO - BUCO TRAUMATO ORTOPEDIA 2º ANDAR;2019,0;11,0;33,0;485,0;46,0;0,717391304347826;10,543478260869565
HMAL;UNIDADE INTERNAÇÃO - BUCO TRAUMATO ORTOPEDIA 2º ANDAR;2019,0;12,0;18,0;318,0;51,0;0,35294117647058826;6,235294117647059
HMAL;UNIDADE INTERNAÇÃO - BUCO TRAUMATO ORTOPEDIA 2º ANDAR;2020,0;1,0;28,0;373,0;59,0;0,4745762711864407;6,322033898305085
HMAL;UNIDADE INTERNAÇÃO - BUCO TRAUMATO ORTOPEDIA 2º ANDAR;2020,0;2,0;33,0;361,0;47,0;0,7021276595744681;7,680851063829787
HMAL;UNIDADE INTERNAÇÃO - BUCO TRAUMATO ORTOPEDIA 2º ANDAR;2020,0;3,0;47,0;383,0;54,0;0,8703703703703703;7,092592592592593
HMAL;UNIDADE INTERNAÇÃO - BUCO TRAUMATO ORTOPEDIA 2º ANDAR;2020,0;6,0;6,0;83,0;11,0;0,5454545454545454;7,545454545454546
HMAL;UNIDADE INTERNAÇÃO - BUCO TRAUMATO ORTOPEDIA 2º ANDAR;2020,0;7,0;35,0;556,0;60,0;0,5833333333333334;9,266666666666667
HMAL;UNIDADE INTERNAÇÃO - BUCO TRAUMATO ORTOPEDIA 2º ANDAR;2020,0;8,0;33,0;448,0;62,0;0,532258064516129;7,225806451612903
HMAL;UNIDADE INTERNAÇÃO - BUCO TRAUMATO ORTOPEDIA 2º ANDAR;2020,0;9,0;44,0;367,0;64,0;0,6875;5,734375
HMAL;UNIDADE INTERNAÇÃO - BUCO TRAUMATO ORTOPEDIA 2º ANDAR;2020,0;10,0;25,0;423,0;69,0;0,36231884057971014;6,130434782608695
HMAL;UNIDADE INTERNAÇÃO - BUCO TRAUMATO ORTOPEDIA 2º ANDAR;2020,0;11,0;26,0;563,0;54,0;0,48148148148148145;10,425925925925926
HMAL;UNIDADE INTERNAÇÃO - BUCO TRAUMATO ORTOPEDIA 2º ANDAR;2020,0;12,0;21,0;278,0;62,0;0,3387096774193548;4,483870967741935
HMAL;UNIDADE INTERNAÇÃO - BUCO TRAUMATO ORTOPEDIA 2º ANDAR;2021,0;1,0;9,0;97,0;9,0;1,0;10,777777777777779
HMAL;UNIDADE INTERNAÇÃO - BUCO TRAUMATO ORTOPEDIA 2º ANDAR;2021,0;2,0;21,0;333,0;61,0;0,3442622950819672;5,459016393442623
HMAL;UNIDADE INTERNAÇÃO - BUCO TRAUMATO ORTOPEDIA 2º ANDAR;2021,0;3,0;25,0;499,0;66,0;0,3787878787878788;7,5606060606060606
HMAL;UNIDADE INTERNAÇÃO - BUCO TRAUMATO ORTOPEDIA 2º ANDAR;2021,0;4,0;34,0;605,0;59,0;0,576271186440678;10,254237288135593
HMAL;UNIDADE INTERNAÇÃO - BUCO TRAUMATO ORTOPEDIA 2º ANDAR;2021,0;5,0;21,0;561,0;65,0;0,3230769230769231;8,63076923076923
HMAL;UNIDADE INTERNAÇÃO - BUCO TRAUMATO ORTOPEDIA 2º ANDAR;2021,0;6,0;25,0;535,0;78,0;0,32051282051282054;6,858974358974359
HMAL;UNIDADE INTERNAÇÃO - BUCO TRAUMATO ORTOPEDIA 2º ANDAR;2021,0;7,0;26,0;503,0;56,0;0,4642857142857143;8,982142857142858
HMAL;UNIDADE INTERNAÇÃO - BUCO TRAUMATO ORTOPEDIA 2º ANDAR;2021,0;8,0;25,0;446,0;65,0;0,38461538461538464;6,861538461538461
HMAL;UNIDADE INTERNAÇÃO - BUCO TRAUMATO ORTOPEDIA 2º ANDAR;2021,0;9,0;43,0;450,0;70,0;0,6142857142857143;6,428571428571429
HMAL;UNIDADE INTERNAÇÃO - BUCO TRAUMATO ORTOPEDIA 2º ANDAR;2021,0;10,0;29,0;368,0;64,0;0,453125;5,75
HMAL;UNIDADE INTERNAÇÃO - BUCO TRAUMATO ORTOPEDIA 2º ANDAR;2021,0;11,0;31,0;357,0;55,0;0,5636363636363636;6,490909090909091
HMAL;UNIDADE INTERNAÇÃO - BUCO TRAUMATO ORTOPEDIA 2º ANDAR;2021,0;12,0;27,0;305,0;76,0;0,35526315789473684;4,0131578947368425
HMAL;UNIDADE INTERNAÇÃO - BUCO TRAUMATO ORTOPEDIA 2º ANDAR;2022,0;1,0;54,0;623,0;62,0;0,8709677419354839;10,048387096774194
HMAL;UNIDADE INTERNAÇÃO - BUCO TRAUMATO ORTOPEDIA 2º ANDAR;2022,0;2,0;38,0;378,0;55,0;0,6909090909090909;6,872727272727273
HMAL;UNIDADE INTERNAÇÃO - BUCO TRAUMATO ORTOPEDIA 2º ANDAR;2022,0;3,0;44,0;382,0;90,0;0,4888888888888889;4,2444444444444445
HMAL;UNIDADE INTERNAÇÃO - BUCO TRAUMATO ORTOPEDIA 2º ANDAR;2022,0;4,0;36,0;266,0;80,0;0,45;3,325
HMAL;UNIDADE INTERNAÇÃO - BUCO TRAUMATO ORTOPEDIA 2º ANDAR;2022,0;5,0;47,0;436,0;74,0;0,6351351351351351;5,891891891891892
HMAL;UNIDADE INTERNAÇÃO - BUCO TRAUMATO ORTOPEDIA 2º ANDAR;2022,0;6,0;25,0;250,0;59,0;0,423728813559322;4,237288135593221
HMAL;UNIDADE INTERNAÇÃO - BUCO TRAUMATO ORTOPEDIA 2º ANDAR;2025,0;12,0;0,0;0,0;1,0;0,0;0,0
HMAL;UNIDADE INTERNAÇÃO - BUCO TRAUMATO ORTOPEDIA 2º ANDAR;2026,0;1,0;0,0;0,0;1,0;0,0;0,0
HRAD;ALOJAMENTO CONJUNTO;2019,0;1,0;34,0;377,0;162,0;0,20987654320987653;2,3271604938271606
HRAD;ALOJAMENTO CONJUNTO;2019,0;2,0;18,0;285,0;158,0;0,11392405063291139;1,8037974683544304
HRAD;ALOJAMENTO CONJUNTO;2019,0;3,0;38,0;455,0;152,0;0,25;2,9934210526315788
HRAD;ALOJAMENTO CONJUNTO;2019,0;4,0;40,0;311,0;141,0;0,28368794326241137;2,2056737588652484
HRAD;ALOJAMENTO CONJUNTO;2019,0;5,0;46,0;559,0;140,0;0,32857142857142857;3,992857142857143
HRAD;ALOJAMENTO CONJUNTO;2019,0;6,0;23,0;310,0;160,0;0,14375;1,9375
HRAD;ALOJAMENTO CONJUNTO;2019,0;7,0;27,0;626,0;155,0;0,17419354838709677;4,038709677419355
HRAD;ALOJAMENTO CONJUNTO;2019,0;8,0;42,0;498,0;129,0;0,32558139534883723;3,86046511627907
HRAD;ALOJAMENTO CONJUNTO;2019,0;9,0;23,0;390,0;126,0;0,18253968253968253;3,0952380952380953
HRAD;ALOJAMENTO CONJUNTO;2019,0;10,0;16,0;522,0;131,0;0,12213740458015267;3,984732824427481
HRAD;ALOJAMENTO CONJUNTO;2019,0;11,0;26,0;371,0;132,0;0,19696969696969696;2,8106060606060606
HRAD;ALOJAMENTO CONJUNTO;2019,0;12,0;24,0;373,0;146,0;0,1643835616438356;2,5547945205479454
HRAD;ALOJAMENTO CONJUNTO;2020,0;1,0;15,0;391,0;152,0;0,09868421052631579;2,5723684210526314
HRAD;ALOJAMENTO CONJUNTO;2020,0;2,0;13,0;400,0;161,0;0,08074534161490683;2,484472049689441
HRAD;ALOJAMENTO CONJUNTO;2020,0;3,0;66,0;583,0;164,0;0,4024390243902439;3,5548780487804876
HRAD;ALOJAMENTO CONJUNTO;2020,0;4,0;40,0;438,0;165,0;0,24242424242424243;2,6545454545454548
HRAD;ALOJAMENTO CONJUNTO;2020,0;5,0;23,0;551,0;166,0;0,13855421686746988;3,319277108433735
HRAD;ALOJAMENTO CONJUNTO;2020,0;6,0;38,0;617,0;151,0;0,25165562913907286;4,086092715231788
HRAD;ALOJAMENTO CONJUNTO;2020,0;7,0;27,0;564,0;171,0;0,15789473684210525;3,2982456140350878
HRAD;ALOJAMENTO CONJUNTO;2020,0;8,0;26,0;519,0;143,0;0,18181818181818182;3,629370629370629
HRAD;ALOJAMENTO CONJUNTO;2020,0;9,0;43,0;497,0;144,0;0,2986111111111111;3,451388888888889
HRAD;ALOJAMENTO CONJUNTO;2020,0;10,0;37,0;675,0;148,0;0,25;4,5608108108108105
HRAD;ALOJAMENTO CONJUNTO;2020,0;11,0;26,0;512,0;138,0;0,18840579710144928;3,710144927536232
HRAD;ALOJAMENTO CONJUNTO;2020,0;12,0;31,0;608,0;137,0;0,22627737226277372;4,437956204379562
HRAD;ALOJAMENTO CONJUNTO;2021,0;1,0;37,0;326,0;153,0;0,24183006535947713;2,130718954248366
HRAD;ALOJAMENTO CONJUNTO;2021,0;2,0;30,0;441,0;152,0;0,19736842105263158;2,901315789473684
HRAD;ALOJAMENTO CONJUNTO;2021,0;3,0;20,0;433,0;157,0;0,12738853503184713;2,7579617834394905
HRAD;ALOJAMENTO CONJUNTO;2021,0;4,0;23,0;277,0;153,0;0,1503267973856209;1,8104575163398693
HRAD;ALOJAMENTO CONJUNTO;2021,0;5,0;16,0;353,0;157,0;0,10191082802547771;2,248407643312102
HRAD;ALOJAMENTO CONJUNTO;2021,0;6,0;14,0;206,0;147,0;0,09523809523809523;1,401360544217687
HRAD;ALOJAMENTO CONJUNTO;2021,0;7,0;13,0;231,0;178,0;0,07303370786516854;1,297752808988764
HRAD;ALOJAMENTO CONJUNTO;2021,0;8,0;29,0;333,0;170,0;0,17058823529411765;1,9588235294117646
HRAD;ALOJAMENTO CONJUNTO;2021,0;9,0;26,0;271,0;176,0;0,14772727272727273;1,5397727272727273
HRAD;ALOJAMENTO CONJUNTO;2021,0;10,0;29,0;379,0;167,0;0,17365269461077845;2,269461077844311
HRAD;ALOJAMENTO CONJUNTO;2021,0;11,0;38,0;401,0;144,0;0,2638888888888889;2,7847222222222223
HRAD;ALOJAMENTO CONJUNTO;2021,0;12,0;36,0;426,0;144,0;0,25;2,9583333333333335
HRAD;ALOJAMENTO CONJUNTO;2022,0;1,0;23,0;354,0;148,0;0,1554054054054054;2,391891891891892
HRAD;ALOJAMENTO CONJUNTO;2022,0;2,0;33,0;404,0;133,0;0,24812030075187969;3,037593984962406
HRAD;ALOJAMENTO CONJUNTO;2022,0;3,0;44,0;458,0;166,0;0,26506024096385544;2,7590361445783134
HRAD;ALOJAMENTO CONJUNTO;2022,0;4,0;49,0;645,0;146,0;0,3356164383561644;4,417808219178082
HRAD;ALOJAMENTO CONJUNTO;2022,0;5,0;33,0;438,0;150,0;0,22;2,92
HRAD;ALOJAMENTO CONJUNTO;2022,0;6,0;53,0;395,0;135,0;0,3925925925925926;2,925925925925926
HRAD;ALOJAMENTO CONJUNTO;2022,0;7,0;29,0;557,0;138,0;0,21014492753623187;4,036231884057971
HRAD;ALOJAMENTO CONJUNTO;2022,0;8,0;41,0;570,0;153,0;0,2679738562091503;3,7254901960784315
HRAD;ALOJAMENTO CONJUNTO;2022,0;9,0;31,0;367,0;121,0;0,256198347107438;3,0330578512396693
HRAD;ALOJAMENTO CONJUNTO;2022,0;10,0;22,0;607,0;126,0;0,1746031746031746;4,817460317460317
HRAD;ALOJAMENTO CONJUNTO;2022,0;11,0;38,0;545,0;149,0;0,2550335570469799;3,6577181208053693
HRAD;ALOJAMENTO CONJUNTO;2022,0;12,0;48,0;629,0;140,0;0,34285714285714286;4,492857142857143
HRAD;ALOJAMENTO CONJUNTO;2023,0;1,0;33,0;494,0;155,0;0,2129032258064516;3,1870967741935483
HRAD;ALOJAMENTO CONJUNTO;2023,0;2,0;27,0;367,0;140,0;0,19285714285714287;2,6214285714285714
HRAD;ALOJAMENTO CONJUNTO;2023,0;3,0;32,0;519,0;168,0;0,19047619047619047;3,0892857142857144
HRAD;ALOJAMENTO CONJUNTO;2023,0;4,0;33,0;500,0;175,0;0,18857142857142858;2,857142857142857
HRAD;ALOJAMENTO CONJUNTO;2023,0;5,0;29,0;418,0;158,0;0,18354430379746836;2,6455696202531644
HRAD;ALOJAMENTO CONJUNTO;2023,0;6,0;45,0;434,0;169,0;0,26627218934911245;2,5680473372781063
HRAD;ALOJAMENTO CONJUNTO;2023,0;7,0;29,0;624,0;157,0;0,18471337579617833;3,9745222929936306
HRAD;ALOJAMENTO CONJUNTO;2023,0;8,0;55,0;594,0;154,0;0,35714285714285715;3,857142857142857
HRAD;ALOJAMENTO CONJUNTO;2023,0;9,0;29,0;334,0;174,0;0,16666666666666666;1,9195402298850575
HRAD;ALOJAMENTO CONJUNTO;2023,0;10,0;29,0;307,0;164,0;0,17682926829268292;1,8719512195121952
HRAD;ALOJAMENTO CONJUNTO;2023,0;11,0;19,0;322,0;127,0;0,14960629921259844;2,5354330708661417
HRAD;ALOJAMENTO CONJUNTO;2023,0;12,0;28,0;333,0;158,0;0,17721518987341772;2,107594936708861
HRAD;ALOJAMENTO CONJUNTO;2024,0;1,0;29,0;346,0;157,0;0,18471337579617833;2,2038216560509554
HRAD;ALOJAMENTO CONJUNTO;2024,0;2,0;44,0;459,0;141,0;0,3120567375886525;3,25531914893617
HRAD;ALOJAMENTO CONJUNTO;2024,0;3,0;30,0;439,0;158,0;0,189873417721519;2,778481012658228
HRAD;ALOJAMENTO CONJUNTO;2024,0;4,0;51,0;525,0;139,0;0,3669064748201439;3,776978417266187
HRAD;ALOJAMENTO CONJUNTO;2024,0;5,0;46,0;571,0;159,0;0,2893081761006289;3,591194968553459
HRAD;ALOJAMENTO CONJUNTO;2024,0;6,0;46,0;468,0;158,0;0,2911392405063291;2,962025316455696
HRAD;ALOJAMENTO CONJUNTO;2024,0;7,0;33,0;533,0;134,0;0,2462686567164179;3,9776119402985075
HRAD;ALOJAMENTO CONJUNTO;2024,0;8,0;48,0;458,0;147,0;0,32653061224489793;3,1156462585034013
HRAD;ALOJAMENTO CONJUNTO;2024,0;9,0;40,0;422,0;157,0;0,25477707006369427;2,6878980891719744
HRAD;ALOJAMENTO CONJUNTO;2024,0;10,0;40,0;433,0;146,0;0,273972602739726;2,9657534246575343
HRAD;ALOJAMENTO CONJUNTO;2024,0;11,0;61,0;570,0;161,0;0,37888198757763975;3,540372670807453
HRAD;ALOJAMENTO CONJUNTO;2024,0;12,0;24,0;398,0;165,0;0,14545454545454545;2,412121212121212
HRAD;ALOJAMENTO CONJUNTO;2025,0;1,0;25,0;370,0;159,0;0,15723270440251572;2,3270440251572326
HRAD;ALOJAMENTO CONJUNTO;2025,0;2,0;46,0;329,0;153,0;0,3006535947712418;2,150326797385621
HRAD;ALOJAMENTO CONJUNTO;2025,0;3,0;41,0;488,0;179,0;0,22905027932960895;2,7262569832402233
HRAD;ALOJAMENTO CONJUNTO;2025,0;4,0;43,0;537,0;164,0;0,2621951219512195;3,274390243902439
HRAD;ALOJAMENTO CONJUNTO;2025,0;5,0;33,0;467,0;154,0;0,21428571428571427;3,0324675324675323
HRAD;ALOJAMENTO CONJUNTO;2025,0;6,0;58,0;681,0;152,0;0,3815789473684211;4,480263157894737
HRAD;ALOJAMENTO CONJUNTO;2025,0;7,0;31,0;445,0;161,0;0,19254658385093168;2,7639751552795033
HRAD;ALOJAMENTO CONJUNTO;2025,0;8,0;28,0;367,0;143,0;0,1958041958041958;2,5664335664335662
HRAD;ALOJAMENTO CONJUNTO;2025,0;9,0;36,0;589,0;179,0;0,2011173184357542;3,2905027932960893
HRAD;ALOJAMENTO CONJUNTO;2025,0;10,0;32,0;573,0;152,0;0,21052631578947367;3,7697368421052633
HRAD;ALOJAMENTO CONJUNTO;2025,0;11,0;41,0;735,0;154,0;0,2662337662337662;4,7727272727272725
HRAD;ALOJAMENTO CONJUNTO;2025,0;12,0;42,0;635,0;164,0;0,25609756097560976;3,8719512195121952
HRAD;ALOJAMENTO CONJUNTO;2026,0;1,0;40,0;542,0;159,0;0,25157232704402516;3,408805031446541
HRAD;ALOJAMENTO CONJUNTO;2026,0;2,0;19,0;381,0;159,0;0,11949685534591195;2,3962264150943398
HRAD;ALOJAMENTO CONJUNTO;2026,0;3,0;45,0;411,0;169,0;0,26627218934911245;2,4319526627218937
HRAD;ALOJAMENTO CONJUNTO;2026,0;4,0;39,0;408,0;159,0;0,24528301886792453;2,5660377358490565
HRAD;ALOJAMENTO CONJUNTO;2026,0;5,0;61,0;532,0;192,0;0,3177083333333333;2,7708333333333335
HRAD;ALOJAMENTO CONJUNTO;2026,0;6,0;42,0;403,0;175,0;0,24;2,302857142857143
HRAD;ALOJAMENTO CONJUNTO;2026,0;7,0;75,0;537,0;179,0;0,41899441340782123;3,0
HRAD;ALOJAMENTO CONJUNTO;2026,0;8,0;58,0;583,0;173,0;0,3352601156069364;3,3699421965317917
HRAD;AMBULATORIO - RETORNOS;2019,0;7,0;0,0;0,0;2,0;0,0;0,0
HRAD;AMBULATORIO - RETORNOS;2019,0;9,0;0,0;0,0;1,0;0,0;0,0
HRAD;AMBULATORIO - RETORNOS;2020,0;11,0;0,0;0,0;1,0;0,0;0,0
HRAD;AMBULATORIO - RETORNOS;2021,0;5,0;0,0;0,0;1,0;0,0;0,0
HRAD;AMBULATORIO - RETORNOS;2021,0;6,0;1,0;7,0;1,0;1,0;7,0
HRAD;AMBULATORIO - RETORNOS;2021,0;7,0;2,0;14,0;1,0;2,0;14,0
HRAD;AMBULATORIO - RETORNOS;2021,0;10,0;0,0;0,0;2,0;0,0;0,0
HRAD;AMBULATORIO - RETORNOS;2022,0;3,0;0,0;0,0;1,0;0,0;0,0
HRAD;AMBULATORIO - RETORNOS;2022,0;5,0;1,0;1,0;1,0;1,0;1,0
HRAD;AMBULATORIO - RETORNOS;2022,0;10,0;3,0;0,0;2,0;1,5;0,0
HRAD;AMBULATORIO - RETORNOS;2023,0;2,0;2,0;0,0;1,0;2,0;0,0
HRAD;AMBULATORIO - RETORNOS;2023,0;4,0;0,0;0,0;1,0;0,0;0,0
HRAD;AMBULATORIO - RETORNOS;2023,0;9,0;0,0;0,0;1,0;0,0;0,0
HRAD;AMBULATORIO - RETORNOS;2024,0;5,0;0,0;0,0;2,0;0,0;0,0
HRAD;AMBULATORIO - RETORNOS;2024,0;6,0;0,0;0,0;1,0;0,0;0,0
HRAD;AMBULATORIO - RETORNOS;2024,0;9,0;2,0;0,0;1,0;2,0;0,0
HRAD;AMBULATORIO - RETORNOS;2025,0;1,0;1,0;0,0;1,0;1,0;0,0
HRAD;AMBULATORIO - RETORNOS;2025,0;2,0;1,0;16,0;1,0;1,0;16,0
HRAD;AMBULATORIO - RETORNOS;2025,0;3,0;0,0;2,0;1,0;0,0;2,0
HRAD;BLOCO OBSTÉTRICO;2019,0;1,0;12,0;246,0;3,0;4,0;82,0
HRAD;BLOCO OBSTÉTRICO;2019,0;2,0;11,0;151,0;1,0;11,0;151,0
HRAD;BLOCO OBSTÉTRICO;2019,0;3,0;13,0;207,0;7,0;1,8571428571428572;29,571428571428573
HRAD;BLOCO OBSTÉTRICO;2019,0;4,0;17,0;209,0;3,0;5,666666666666667;69,66666666666667
HRAD;BLOCO OBSTÉTRICO;2019,0;6,0;11,0;215,0;4,0;2,75;53,75
HRAD;BLOCO OBSTÉTRICO;2019,0;7,0;11,0;224,0;1,0;11,0;224,0
HRAD;BLOCO OBSTÉTRICO;2019,0;8,0;6,0;101,0;2,0;3,0;50,5
HRAD;BLOCO OBSTÉTRICO;2019,0;11,0;1,0;82,0;2,0;0,5;41,0
HRAD;BLOCO OBSTÉTRICO;2020,0;2,0;7,0;179,0;1,0;7,0;179,0
HRAD;BLOCO OBSTÉTRICO;2020,0;3,0;11,0;216,0;1,0;11,0;216,0
HRAD;BLOCO OBSTÉTRICO;2020,0;5,0;2,0;134,0;2,0;1,0;67,0
HRAD;BLOCO OBSTÉTRICO;2020,0;7,0;14,0;224,0;1,0;14,0;224,0
HRAD;BLOCO OBSTÉTRICO;2020,0;9,0;11,0;165,0;5,0;2,2;33,0
HRAD;BLOCO OBSTÉTRICO;2020,0;10,0;9,0;185,0;4,0;2,25;46,25
HRAD;BLOCO OBSTÉTRICO;2020,0;11,0;8,0;133,0;2,0;4,0;66,5
HRAD;BLOCO OBSTÉTRICO;2020,0;12,0;15,0;262,0;1,0;15,0;262,0
HRAD;BLOCO OBSTÉTRICO;2021,0;1,0;1,0;108,0;2,0;0,5;54,0
HRAD;BLOCO OBSTÉTRICO;2021,0;2,0;4,0;190,0;2,0;2,0;95,0
HRAD;BLOCO OBSTÉTRICO;2021,0;3,0;10,0;196,0;3,0;3,3333333333333335;65,33333333333333
HRAD;BLOCO OBSTÉTRICO;2021,0;4,0;11,0;151,0;1,0;11,0;151,0
HRAD;BLOCO OBSTÉTRICO;2021,0;7,0;7,0;155,0;4,0;1,75;38,75
HRAD;BLOCO OBSTÉTRICO;2021,0;9,0;4,0;139,0;1,0;4,0;139,0
HRAD;BLOCO OBSTÉTRICO;2021,0;10,0;17,0;292,0;1,0;17,0;292,0
HRAD;BLOCO OBSTÉTRICO;2021,0;11,0;25,0;224,0;2,0;12,5;112,0
HRAD;BLOCO OBSTÉTRICO;2021,0;12,0;12,0;154,0;2,0;6,0;77,0
HRAD;BLOCO OBSTÉTRICO;2022,0;1,0;14,0;150,0;3,0;4,666666666666667;50,0
HRAD;BLOCO OBSTÉTRICO;2022,0;2,0;11,0;182,0;2,0;5,5;91,0
HRAD;BLOCO OBSTÉTRICO;2022,0;3,0;16,0;264,0;4,0;4,0;66,0
HRAD;BLOCO OBSTÉTRICO;2022,0;4,0;3,0;115,0;5,0;0,6;23,0
HRAD;BLOCO OBSTÉTRICO;2022,0;6,0;16,0;215,0;3,0;5,333333333333333;71,66666666666667
HRAD;BLOCO OBSTÉTRICO;2022,0;7,0;12,0;125,0;3,0;4,0;41,666666666666664
HRAD;BLOCO OBSTÉTRICO;2022,0;8,0;11,0;191,0;4,0;2,75;47,75
HRAD;BLOCO OBSTÉTRICO;2022,0;9,0;9,0;89,0;1,0;9,0;89,0
HRAD;BLOCO OBSTÉTRICO;2022,0;12,0;8,0;184,0;5,0;1,6;36,8
HRAD;BLOCO OBSTÉTRICO;2023,0;1,0;13,0;261,0;6,0;2,1666666666666665;43,5
HRAD;BLOCO OBSTÉTRICO;2023,0;2,0;7,0;76,0;1,0;7,0;76,0
HRAD;BLOCO OBSTÉTRICO;2023,0;3,0;9,0;110,0;3,0;3,0;36,666666666666664
HRAD;BLOCO OBSTÉTRICO;2023,0;4,0;14,0;211,0;3,0;4,666666666666667;70,33333333333333
HRAD;BLOCO OBSTÉTRICO;2023,0;5,0;14,0;168,0;7,0;2,0;24,0
HRAD;BLOCO OBSTÉTRICO;2023,0;6,0;23,0;246,0;3,0;7,666666666666667;82,0
HRAD;BLOCO OBSTÉTRICO;2023,0;7,0;12,0;215,0;4,0;3,0;53,75
HRAD;BLOCO OBSTÉTRICO;2023,0;8,0;15,0;208,0;3,0;5,0;69,33333333333333
HRAD;BLOCO OBSTÉTRICO;2023,0;9,0;26,0;155,0;3,0;8,666666666666666;51,666666666666664
HRAD;BLOCO OBSTÉTRICO;2023,0;10,0;12,0;179,0;5,0;2,4;35,8
HRAD;BLOCO OBSTÉTRICO;2023,0;11,0;8,0;144,0;1,0;8,0;144,0
HRAD;BLOCO OBSTÉTRICO;2023,0;12,0;5,0;125,0;4,0;1,25;31,25
HRAD;BLOCO OBSTÉTRICO;2024,0;1,0;28,0;206,0;2,0;14,0;103,0
HRAD;BLOCO OBSTÉTRICO;2024,0;2,0;6,0;81,0;1,0;6,0;81,0
HRAD;BLOCO OBSTÉTRICO;2024,0;3,0;21,0;258,0;3,0;7,0;86,0
HRAD;BLOCO OBSTÉTRICO;2024,0;4,0;39,0;305,0;4,0;9,75;76,25
HRAD;BLOCO OBSTÉTRICO;2024,0;5,0;23,0;289,0;5,0;4,6;57,8
HRAD;BLOCO OBSTÉTRICO;2024,0;6,0;21,0;312,0;2,0;10,5;156,0
HRAD;BLOCO OBSTÉTRICO;2024,0;8,0;17,0;206,0;1,0;17,0;206,0
HRAD;BLOCO OBSTÉTRICO;2024,0;11,0;35,0;248,0;1,0;35,0;248,0
HRAD;BLOCO OBSTÉTRICO;2024,0;12,0;32,0;325,0;1,0;32,0;325,0
HRAD;BLOCO OBSTÉTRICO;2025,0;1,0;21,0;171,0;1,0;21,0;171,0
HRAD;BLOCO OBSTÉTRICO;2025,0;2,0;12,0;186,0;2,0;6,0;93,0
HRAD;BLOCO OBSTÉTRICO;2025,0;3,0;45,0;312,0;2,0;22,5;156,0
HRAD;BLOCO OBSTÉTRICO;2025,0;5,0;6,0;170,0;1,0;6,0;170,0
HRAD;BLOCO OBSTÉTRICO;2025,0;6,0;15,0;130,0;3,0;5,0;43,333333333333336
HRAD;BLOCO OBSTÉTRICO;2025,0;7,0;7,0;133,0;3,0;2,3333333333333335;44,333333333333336
HRAD;BLOCO OBSTÉTRICO;2025,0;8,0;9,0;157,0;1,0;9,0;157,0
HRAD;BLOCO OBSTÉTRICO;2025,0;11,0;11,0;110,0;1,0;11,0;110,0
HRAD;BLOCO OBSTÉTRICO;2026,0;3,0;7,0;128,0;1,0;7,0;128,0
HRAD;BLOCO OBSTÉTRICO;2026,0;4,0;9,0;74,0;3,0;3,0;24,666666666666668
HRAD;BLOCO OBSTÉTRICO;2026,0;5,0;8,0;178,0;1,0;8,0;178,0
HRAD;CLINICA CIRÚRGICA;2026,0;6,0;82,0;708,0;67,0;1,2238805970149254;10,567164179104477
HRAD;CLINICA CIRÚRGICA;2026,0;7,0;144,0;1538,0;111,0;1,2972972972972974;13,855855855855856
HRAD;CLINICA CIRÚRGICA;2026,0;8,0;135,0;1443,0;105,0;1,2857142857142858;13,742857142857142
HRAD;CLINICA MÉDICA;2026,0;6,0;40,0;399,0;59,0;0,6779661016949152;6,762711864406779
HRAD;CLINICA MÉDICA;2026,0;7,0;78,0;928,0;92,0;0,8478260869565217;10,08695652173913
HRAD;CLINICA MÉDICA;2026,0;8,0;101,0;909,0;81,0;1,2469135802469136;11,222222222222221
HRAD;CLINICA ORTOPÉDICA;2026,0;6,0;73,0;792,0;43,0;1,697674418604651;18,41860465116279
HRAD;CLINICA ORTOPÉDICA;2026,0;7,0;135,0;1486,0;85,0;1,588235294117647;17,48235294117647
HRAD;CLINICA ORTOPÉDICA;2026,0;8,0;109,0;1658,0;53,0;2,056603773584906;31,28301886792453
HRAD;CLINICA PEDIÁTRICA;2026,0;6,0;31,0;58,0;21,0;1,4761904761904763;2,761904761904762
HRAD;CLINICA PEDIÁTRICA;2026,0;7,0;56,0;100,0;47,0;1,1914893617021276;2,127659574468085
HRAD;CLINICA PEDIÁTRICA;2026,0;8,0;45,0;206,0;54,0;0,8333333333333334;3,814814814814815
HRAD;OBSERVAÇÃO;2019,0;1,0;286,0;1867,0;121,0;2,3636363636363638;15,429752066115702
HRAD;OBSERVAÇÃO;2019,0;2,0;255,0;1762,0;109,0;2,3394495412844036;16,165137614678898
HRAD;OBSERVAÇÃO;2019,0;3,0;289,0;2355,0;99,0;2,919191919191919;23,78787878787879
HRAD;OBSERVAÇÃO;2019,0;4,0;328,0;2249,0;122,0;2,6885245901639343;18,434426229508198
HRAD;OBSERVAÇÃO;2019,0;5,0;213,0;1617,0;123,0;1,7317073170731707;13,146341463414634
HRAD;OBSERVAÇÃO;2019,0;6,0;198,0;1869,0;93,0;2,129032258064516;20,096774193548388
HRAD;OBSERVAÇÃO;2019,0;7,0;338,0;2672,0;102,0;3,3137254901960786;26,19607843137255
HRAD;OBSERVAÇÃO;2019,0;8,0;286,0;1956,0;101,0;2,8316831683168315;19,366336633663366
HRAD;OBSERVAÇÃO;2019,0;9,0;267,0;2047,0;62,0;4,306451612903226;33,016129032258064
HRAD;OBSERVAÇÃO;2019,0;10,0;276,0;2251,0;102,0;2,7058823529411766;22,068627450980394
HRAD;OBSERVAÇÃO;2019,0;11,0;265,0;1999,0;86,0;3,0813953488372094;23,24418604651163
HRAD;OBSERVAÇÃO;2019,0;12,0;221,0;2235,0;99,0;2,2323232323232323;22,575757575757574
HRAD;OBSERVAÇÃO;2020,0;1,0;266,0;2695,0;115,0;2,3130434782608695;23,434782608695652
HRAD;OBSERVAÇÃO;2020,0;2,0;279,0;2148,0;127,0;2,1968503937007875;16,913385826771652
HRAD;OBSERVAÇÃO;2020,0;3,0;186,0;1622,0;90,0;2,066666666666667;18,022222222222222
HRAD;OBSERVAÇÃO;2020,0;4,0;263,0;1998,0;99,0;2,6565656565656566;20,181818181818183
HRAD;OBSERVAÇÃO;2020,0;5,0;328,0;2460,0;115,0;2,8521739130434782;21,391304347826086
HRAD;OBSERVAÇÃO;2020,0;6,0;266,0;2810,0;96,0;2,7708333333333335;29,270833333333332
HRAD;OBSERVAÇÃO;2020,0;7,0;239,0;2127,0;97,0;2,463917525773196;21,927835051546392
HRAD;OBSERVAÇÃO;2020,0;8,0;319,0;2818,0;114,0;2,7982456140350878;24,719298245614034
HRAD;OBSERVAÇÃO;2020,0;9,0;317,0;2505,0;111,0;2,855855855855856;22,56756756756757
HRAD;OBSERVAÇÃO;2020,0;10,0;253,0;2146,0;116,0;2,1810344827586206;18,5
HRAD;OBSERVAÇÃO;2020,0;11,0;251,0;3247,0;125,0;2,008;25,976
HRAD;OBSERVAÇÃO;2020,0;12,0;264,0;2591,0;125,0;2,112;20,728
HRAD;OBSERVAÇÃO;2021,0;1,0;233,0;2179,0;118,0;1,9745762711864407;18,466101694915253
HRAD;OBSERVAÇÃO;2021,0;2,0;190,0;2102,0;100,0;1,9;21,02
HRAD;OBSERVAÇÃO;2021,0;3,0;257,0;2210,0;94,0;2,734042553191489;23,51063829787234
HRAD;OBSERVAÇÃO;2021,0;4,0;263,0;3047,0;122,0;2,1557377049180326;24,975409836065573
HRAD;OBSERVAÇÃO;2021,0;5,0;322,0;3188,0;118,0;2,7288135593220337;27,016949152542374
HRAD;OBSERVAÇÃO;2021,0;6,0;332,0;3476,0;121,0;2,743801652892562;28,727272727272727
HRAD;OBSERVAÇÃO;2021,0;7,0;336,0;3341,0;133,0;2,526315789473684;25,1203007518797
HRAD;OBSERVAÇÃO;2021,0;8,0;358,0;2927,0;122,0;2,9344262295081966;23,991803278688526
HRAD;OBSERVAÇÃO;2021,0;9,0;320,0;2660,0;118,0;2,711864406779661;22,54237288135593
HRAD;OBSERVAÇÃO;2021,0;10,0;360,0;3744,0;125,0;2,88;29,952
HRAD;OBSERVAÇÃO;2021,0;11,0;383,0;2872,0;136,0;2,8161764705882355;21,11764705882353
HRAD;OBSERVAÇÃO;2021,0;12,0;296,0;2499,0;117,0;2,52991452991453;21,358974358974358
HRAD;OBSERVAÇÃO;2022,0;1,0;231,0;2143,0;76,0;3,039473684210526;28,19736842105263
HRAD;OBSERVAÇÃO;2022,0;2,0;244,0;2376,0;120,0;2,033333333333333;19,8
HRAD;OBSERVAÇÃO;2022,0;3,0;294,0;2263,0;148,0;1,9864864864864864;15,29054054054054
HRAD;OBSERVAÇÃO;2022,0;4,0;278,0;2448,0;121,0;2,2975206611570247;20,231404958677686
HRAD;OBSERVAÇÃO;2022,0;5,0;331,0;2458,0;137,0;2,4160583941605838;17,94160583941606
HRAD;OBSERVAÇÃO;2022,0;6,0;333,0;2675,0;130,0;2,5615384615384613;20,576923076923077
HRAD;OBSERVAÇÃO;2022,0;7,0;345,0;2387,0;122,0;2,8278688524590163;19,565573770491802
HRAD;OBSERVAÇÃO;2022,0;8,0;325,0;2305,0;143,0;2,272727272727273;16,11888111888112
HRAD;OBSERVAÇÃO;2022,0;9,0;316,0;1646,0;121,0;2,6115702479338845;13,603305785123966
HRAD;OBSERVAÇÃO;2022,0;10,0;20,0;18,0;3,0;6,666666666666667;6,0
HRAD;PRÉ PARTO;2026,0;7,0;4,0;98,0;1,0;4,0;98,0
HRAD;UCIN - UNIDADE DE  CUIDADOS INTERMEDIÁRIOS;2026,0;7,0;18,0;35,0;1,0;18,0;35,0
HRAD;UNIDADE DE CURTA PERMANENCIA;2026,0;6,0;61,0;309,0;42,0;1,4523809523809523;7,357142857142857
HRAD;UNIDADE DE CURTA PERMANENCIA;2026,0;7,0;117,0;616,0;81,0;1,4444444444444444;7,604938271604938
HRAD;UNIDADE DE CURTA PERMANENCIA;2026,0;8,0;110,0;674,0;92,0;1,1956521739130435;7,326086956521739
HRAD;UNIDADE DE DECISAO CLINICA;2022,0;9,0;15,0;205,0;4,0;3,75;51,25
HRAD;UNIDADE DE DECISAO CLINICA;2022,0;10,0;324,0;1836,0;106,0;3,056603773584906;17,32075471698113
HRAD;UNIDADE DE DECISAO CLINICA;2022,0;11,0;365,0;2359,0;123,0;2,967479674796748;19,178861788617887
HRAD;UNIDADE DE DECISAO CLINICA;2022,0;12,0;286,0;1377,0;114,0;2,508771929824561;12,078947368421053
HRAD;UNIDADE DE DECISAO CLINICA;2023,0;1,0;329,0;1581,0;138,0;2,3840579710144927;11,456521739130435
HRAD;UNIDADE DE DECISAO CLINICA;2023,0;2,0;281,0;1651,0;121,0;2,322314049586777;13,644628099173554
HRAD;UNIDADE DE DECISAO CLINICA;2023,0;3,0;340,0;1879,0;145,0;2,3448275862068964;12,958620689655172
HRAD;UNIDADE DE DECISAO CLINICA;2023,0;4,0;391,0;2082,0;162,0;2,4135802469135803;12,851851851851851
HRAD;UNIDADE DE DECISAO CLINICA;2023,0;5,0;362,0;2229,0;139,0;2,6043165467625897;16,035971223021583
HRAD;UNIDADE DE DECISAO CLINICA;2023,0;6,0;401,0;2375,0;150,0;2,6733333333333333;15,833333333333334
HRAD;UNIDADE DE DECISAO CLINICA;2023,0;7,0;373,0;2312,0;127,0;2,937007874015748;18,20472440944882
HRAD;UNIDADE DE DECISAO CLINICA;2023,0;8,0;429,0;2803,0;154,0;2,7857142857142856;18,2012987012987
HRAD;UNIDADE DE DECISAO CLINICA;2023,0;9,0;359,0;2113,0;135,0;2,6592592592592594;15,651851851851852
HRAD;UNIDADE DE DECISAO CLINICA;2023,0;10,0;381,0;2211,0;145,0;2,627586206896552;15,248275862068965
HRAD;UNIDADE DE DECISAO CLINICA;2023,0;11,0;314,0;2047,0;133,0;2,3609022556390977;15,390977443609023
HRAD;UNIDADE DE DECISAO CLINICA;2023,0;12,0;318,0;1667,0;139,0;2,287769784172662;11,992805755395683
HRAD;UNIDADE DE DECISAO CLINICA;2024,0;1,0;434,0;1935,0;144,0;3,013888888888889;13,4375
HRAD;UNIDADE DE DECISAO CLINICA;2024,0;2,0;371,0;2048,0;111,0;3,3423423423423424;18,45045045045045
HRAD;UNIDADE DE DECISAO CLINICA;2024,0;3,0;374,0;2410,0;139,0;2,6906474820143886;17,33812949640288
HRAD;UNIDADE DE DECISAO CLINICA;2024,0;4,0;466,0;2574,0;131,0;3,5572519083969465;19,64885496183206
HRAD;UNIDADE DE DECISAO CLINICA;2024,0;5,0;455,0;2652,0;149,0;3,053691275167785;17,798657718120804
HRAD;UNIDADE DE DECISAO CLINICA;2024,0;6,0;374,0;2552,0;158,0;2,367088607594937;16,151898734177216
HRAD;UNIDADE DE DECISAO CLINICA;2024,0;7,0;338,0;2027,0;118,0;2,864406779661017;17,177966101694917
HRAD;UNIDADE DE DECISAO CLINICA;2024,0;8,0;288,0;1520,0;105,0;2,742857142857143;14,476190476190476
HRAD;UNIDADE DE DECISAO CLINICA;2024,0;9,0;319,0;1950,0;116,0;2,75;16,810344827586206
HRAD;UNIDADE DE DECISAO CLINICA;2024,0;10,0;310,0;1641,0;122,0;2,540983606557377;13,450819672131148
HRAD;UNIDADE DE DECISAO CLINICA;2024,0;11,0;348,0;2379,0;121,0;2,87603305785124;19,66115702479339
HRAD;UNIDADE DE DECISAO CLINICA;2024,0;12,0;370,0;2426,0;129,0;2,868217054263566;18,8062015503876
HRAD;UNIDADE DE DECISAO CLINICA;2025,0;1,0;362,0;2278,0;128,0;2,828125;17,796875
HRAD;UNIDADE DE DECISAO CLINICA;2025,0;2,0;277,0;2123,0;108,0;2,564814814814815;19,65740740740741
HRAD;UNIDADE DE DECISAO CLINICA;2025,0;3,0;349,0;2176,0;112,0;3,1160714285714284;19,428571428571427
HRAD;UNIDADE DE DECISAO CLINICA;2025,0;4,0;340,0;2208,0;98,0;3,4693877551020407;22,53061224489796
HRAD;UNIDADE DE DECISAO CLINICA;2025,0;5,0;349,0;2166,0;111,0;3,144144144144144;19,513513513513512
HRAD;UNIDADE DE DECISAO CLINICA;2025,0;6,0;364,0;2333,0;142,0;2,563380281690141;16,429577464788732
HRAD;UNIDADE DE DECISAO CLINICA;2025,0;7,0;440,0;2667,0;123,0;3,5772357723577235;21,682926829268293
HRAD;UNIDADE DE DECISAO CLINICA;2025,0;8,0;449,0;2153,0;127,0;3,5354330708661417;16,95275590551181
HRAD;UNIDADE DE DECISAO CLINICA;2025,0;9,0;367,0;1795,0;119,0;3,0840336134453783;15,084033613445378
HRAD;UNIDADE DE DECISAO CLINICA;2025,0;10,0;313,0;1634,0;134,0;2,3358208955223883;12,194029850746269
HRAD;UNIDADE DE DECISAO CLINICA;2025,0;11,0;350,0;2182,0;114,0;3,0701754385964914;19,140350877192983
HRAD;UNIDADE DE DECISAO CLINICA;2025,0;12,0;295,0;2060,0;93,0;3,172043010752688;22,150537634408604
HRAD;UNIDADE DE DECISAO CLINICA;2026,0;1,0;317,0;2525,0;125,0;2,536;20,2
HRAD;UNIDADE DE DECISAO CLINICA;2026,0;2,0;259,0;1693,0;81,0;3,197530864197531;20,901234567901234
HRAD;UNIDADE DE DECISAO CLINICA;2026,0;3,0;377,0;2183,0;116,0;3,25;18,81896551724138
HRAD;UNIDADE DE DECISAO CLINICA;2026,0;4,0;335,0;2526,0;110,0;3,0454545454545454;22,963636363636365
HRAD;UNIDADE DE DECISAO CLINICA;2026,0;5,0;464,0;2699,0;157,0;2,9554140127388533;17,191082802547772
HRAD;UNIDADE DE DECISAO CLINICA;2026,0;6,0;173,0;1197,0;50,0;3,46;23,94
HRAD;UNIDADE DECISÃO CLÍNICA - INTERNAÇÃO;2026,0;6,0;83,0;415,0;21,0;3,9523809523809526;19,761904761904763
HRAD;UNIDADE DECISÃO CLÍNICA - INTERNAÇÃO;2026,0;7,0;254,0;1795,0;27,0;9,407407407407407;66,48148148148148
HRAD;UNIDADE DECISÃO CLÍNICA - INTERNAÇÃO;2026,0;8,0;280,0;2372,0;51,0;5,490196078431373;46,509803921568626
HRAD;UNIDADE INTERNAÇÃO - CIRURGIA GERAL;2019,0;1,0;158,0;2398,0;120,0;1,3166666666666667;19,983333333333334
HRAD;UNIDADE INTERNAÇÃO - CIRURGIA GERAL;2019,0;2,0;101,0;1552,0;123,0;0,8211382113821138;12,617886178861788
HRAD;UNIDADE INTERNAÇÃO - CIRURGIA GERAL;2019,0;3,0;142,0;1589,0;129,0;1,1007751937984496;12,317829457364342
HRAD;UNIDADE INTERNAÇÃO - CIRURGIA GERAL;2019,0;4,0;153,0;1725,0;122,0;1,2540983606557377;14,139344262295081
HRAD;UNIDADE INTERNAÇÃO - CIRURGIA GERAL;2019,0;5,0;154,0;2090,0;120,0;1,2833333333333334;17,416666666666668
HRAD;UNIDADE INTERNAÇÃO - CIRURGIA GERAL;2019,0;6,0;156,0;1865,0;116,0;1,3448275862068966;16,07758620689655
HRAD;UNIDADE INTERNAÇÃO - CIRURGIA GERAL;2019,0;7,0;111,0;1387,0;130,0;0,8538461538461538;10,669230769230769
HRAD;UNIDADE INTERNAÇÃO - CIRURGIA GERAL;2019,0;8,0;130,0;1765,0;119,0;1,0924369747899159;14,831932773109244
HRAD;UNIDADE INTERNAÇÃO - CIRURGIA GERAL;2019,0;9,0;126,0;2060,0;114,0;1,105263157894737;18,07017543859649
HRAD;UNIDADE INTERNAÇÃO - CIRURGIA GERAL;2019,0;10,0;194,0;2303,0;86,0;2,255813953488372;26,77906976744186
HRAD;UNIDADE INTERNAÇÃO - CIRURGIA GERAL;2019,0;11,0;151,0;2379,0;97,0;1,556701030927835;24,52577319587629
HRAD;UNIDADE INTERNAÇÃO - CIRURGIA GERAL;2019,0;12,0;60,0;1021,0;73,0;0,821917808219178;13,986301369863014
HRAD;UNIDADE INTERNAÇÃO - CIRURGIA GERAL;2020,0;1,0;47,0;794,0;50,0;0,94;15,88
HRAD;UNIDADE INTERNAÇÃO - CIRURGIA GERAL;2020,0;2,0;28,0;817,0;56,0;0,5;14,589285714285714
HRAD;UNIDADE INTERNAÇÃO - CIRURGIA GERAL;2020,0;3,0;111,0;1497,0;92,0;1,2065217391304348;16,27173913043478
HRAD;UNIDADE INTERNAÇÃO - CIRURGIA GERAL;2020,0;4,0;177,0;2018,0;80,0;2,2125;25,225
HRAD;UNIDADE INTERNAÇÃO - CIRURGIA GERAL;2020,0;5,0;95,0;1327,0;47,0;2,021276595744681;28,23404255319149
HRAD;UNIDADE INTERNAÇÃO - CIRURGIA GERAL;2020,0;6,0;65,0;1159,0;38,0;1,7105263157894737;30,5
HRAD;UNIDADE INTERNAÇÃO - CIRURGIA GERAL;2020,0;7,0;61,0;1038,0;25,0;2,44;41,52
HRAD;UNIDADE INTERNAÇÃO - CIRURGIA GERAL;2020,0;8,0;44,0;928,0;35,0;1,2571428571428571;26,514285714285716
HRAD;UNIDADE INTERNAÇÃO - CIRURGIA GERAL;2020,0;9,0;64,0;931,0;25,0;2,56;37,24
HRAD;UNIDADE INTERNAÇÃO - CIRURGIA GERAL;2020,0;10,0;64,0;1079,0;32,0;2,0;33,71875
HRAD;UNIDADE INTERNAÇÃO - CIRURGIA GERAL;2020,0;11,0;47,0;696,0;25,0;1,88;27,84
HRAD;UNIDADE INTERNAÇÃO - CIRURGIA GERAL;2020,0;12,0;74,0;1058,0;28,0;2,642857142857143;37,785714285714285
HRAD;UNIDADE INTERNAÇÃO - CIRURGIA GERAL;2021,0;1,0;82,0;1176,0;24,0;3,4166666666666665;49,0
HRAD;UNIDADE INTERNAÇÃO - CIRURGIA GERAL;2021,0;2,0;62,0;903,0;28,0;2,2142857142857144;32,25
HRAD;UNIDADE INTERNAÇÃO - CIRURGIA GERAL;2021,0;3,0;47,0;628,0;40,0;1,175;15,7
HRAD;UNIDADE INTERNAÇÃO - CIRURGIA GERAL;2021,0;4,0;49,0;895,0;24,0;2,0416666666666665;37,291666666666664
HRAD;UNIDADE INTERNAÇÃO - CIRURGIA GERAL;2021,0;5,0;58,0;1298,0;20,0;2,9;64,9
HRAD;UNIDADE INTERNAÇÃO - CIRURGIA GERAL;2021,0;6,0;56,0;1387,0;32,0;1,75;43,34375
HRAD;UNIDADE INTERNAÇÃO - CIRURGIA GERAL;2021,0;7,0;65,0;1404,0;32,0;2,03125;43,875
HRAD;UNIDADE INTERNAÇÃO - CIRURGIA GERAL;2021,0;8,0;77,0;1340,0;35,0;2,2;38,285714285714285
HRAD;UNIDADE INTERNAÇÃO - CIRURGIA GERAL;2021,0;9,0;99,0;1277,0;37,0;2,675675675675676;34,513513513513516
HRAD;UNIDADE INTERNAÇÃO - CIRURGIA GERAL;2021,0;10,0;42,0;1249,0;19,0;2,210526315789474;65,73684210526316
HRAD;UNIDADE INTERNAÇÃO - CIRURGIA GERAL;2021,0;11,0;91,0;1607,0;68,0;1,338235294117647;23,63235294117647
HRAD;UNIDADE INTERNAÇÃO - CIRURGIA GERAL;2021,0;12,0;126,0;2263,0;86,0;1,4651162790697674;26,313953488372093
HRAD;UNIDADE INTERNAÇÃO - CIRURGIA GERAL;2022,0;1,0;77,0;2205,0;89,0;0,8651685393258427;24,775280898876403
HRAD;UNIDADE INTERNAÇÃO - CIRURGIA GERAL;2022,0;2,0;48,0;1141,0;94,0;0,5106382978723404;12,138297872340425
HRAD;UNIDADE INTERNAÇÃO - CIRURGIA GERAL;2022,0;3,0;111,0;1391,0;69,0;1,608695652173913;20,159420289855074
HRAD;UNIDADE INTERNAÇÃO - CIRURGIA GERAL;2022,0;4,0;94,0;1826,0;95,0;0,9894736842105263;19,221052631578946
HRAD;UNIDADE INTERNAÇÃO - CIRURGIA GERAL;2022,0;5,0;90,0;1502,0;85,0;1,0588235294117647;17,67058823529412
HRAD;UNIDADE INTERNAÇÃO - CIRURGIA GERAL;2022,0;6,0;81,0;1766,0;86,0;0,9418604651162791;20,53488372093023
HRAD;UNIDADE INTERNAÇÃO - CIRURGIA GERAL;2022,0;7,0;118,0;2033,0;63,0;1,873015873015873;32,26984126984127
HRAD;UNIDADE INTERNAÇÃO - CIRURGIA GERAL;2022,0;8,0;105,0;1985,0;79,0;1,3291139240506329;25,126582278481013
HRAD;UNIDADE INTERNAÇÃO - CIRURGIA GERAL;2022,0;9,0;104,0;1401,0;61,0;1,7049180327868851;22,9672131147541
HRAD;UNIDADE INTERNAÇÃO - CIRURGIA GERAL;2022,0;10,0;2,0;21,0;1,0;2,0;21,0
HRAD;UNIDADE INTERNAÇÃO - CLINICA CIRURGICA;2022,0;9,0;4,0;40,0;9,0;0,4444444444444444;4,444444444444445
HRAD;UNIDADE INTERNAÇÃO - CLINICA CIRURGICA;2022,0;10,0;111,0;1821,0;76,0;1,4605263157894737;23,960526315789473
HRAD;UNIDADE INTERNAÇÃO - CLINICA CIRURGICA;2022,0;11,0;128,0;1426,0;81,0;1,5802469135802468;17,604938271604937
HRAD;UNIDADE INTERNAÇÃO - CLINICA CIRURGICA;2022,0;12,0;163,0;1831,0;84,0;1,9404761904761905;21,797619047619047
HRAD;UNIDADE INTERNAÇÃO - CLINICA CIRURGICA;2023,0;1,0;147,0;1730,0;78,0;1,8846153846153846;22,17948717948718
HRAD;UNIDADE INTERNAÇÃO - CLINICA CIRURGICA;2023,0;2,0;163,0;1979,0;87,0;1,8735632183908046;22,74712643678161
HRAD;UNIDADE INTERNAÇÃO - CLINICA CIRURGICA;2023,0;3,0;228,0;2167,0;98,0;2,326530612244898;22,112244897959183
HRAD;UNIDADE INTERNAÇÃO - CLINICA CIRURGICA;2023,0;4,0;170,0;2212,0;99,0;1,7171717171717171;22,343434343434343
HRAD;UNIDADE INTERNAÇÃO - CLINICA CIRURGICA;2023,0;5,0;205,0;2081,0;112,0;1,8303571428571428;18,580357142857142
HRAD;UNIDADE INTERNAÇÃO - CLINICA CIRURGICA;2023,0;6,0;199,0;2479,0;103,0;1,9320388349514563;24,067961165048544
HRAD;UNIDADE INTERNAÇÃO - CLINICA CIRURGICA;2023,0;7,0;165,0;2256,0;98,0;1,683673469387755;23,020408163265305
HRAD;UNIDADE INTERNAÇÃO - CLINICA CIRURGICA;2023,0;8,0;175,0;2497,0;86,0;2,0348837209302326;29,03488372093023
HRAD;UNIDADE INTERNAÇÃO - CLINICA CIRURGICA;2023,0;9,0;147,0;1886,0;114,0;1,2894736842105263;16,54385964912281
HRAD;UNIDADE INTERNAÇÃO - CLINICA CIRURGICA;2023,0;10,0;143,0;2195,0;90,0;1,5888888888888888;24,38888888888889
HRAD;UNIDADE INTERNAÇÃO - CLINICA CIRURGICA;2023,0;11,0;176,0;2603,0;103,0;1,7087378640776698;25,271844660194176
HRAD;UNIDADE INTERNAÇÃO - CLINICA CIRURGICA;2023,0;12,0;171,0;2513,0;118,0;1,4491525423728813;21,296610169491526
HRAD;UNIDADE INTERNAÇÃO - CLINICA CIRURGICA;2024,0;1,0;167,0;2212,0;101,0;1,6534653465346534;21,900990099009903
HRAD;UNIDADE INTERNAÇÃO - CLINICA CIRURGICA;2024,0;2,0;198,0;2106,0;103,0;1,9223300970873787;20,446601941747574
HRAD;UNIDADE INTERNAÇÃO - CLINICA CIRURGICA;2024,0;3,0;227,0;2620,0;98,0;2,316326530612245;26,73469387755102
HRAD;UNIDADE INTERNAÇÃO - CLINICA CIRURGICA;2024,0;4,0;215,0;2663,0;105,0;2,0476190476190474;25,36190476190476
HRAD;UNIDADE INTERNAÇÃO - CLINICA CIRURGICA;2024,0;5,0;204,0;3707,0;89,0;2,292134831460674;41,651685393258425
HRAD;UNIDADE INTERNAÇÃO - CLINICA CIRURGICA;2024,0;6,0;122,0;3314,0;76,0;1,605263157894737;43,60526315789474
HRAD;UNIDADE INTERNAÇÃO - CLINICA CIRURGICA;2024,0;7,0;186,0;2817,0;98,0;1,8979591836734695;28,744897959183675
HRAD;UNIDADE INTERNAÇÃO - CLINICA CIRURGICA;2024,0;8,0;194,0;2414,0;118,0;1,6440677966101696;20,45762711864407
HRAD;UNIDADE INTERNAÇÃO - CLINICA CIRURGICA;2024,0;9,0;184,0;2883,0;108,0;1,7037037037037037;26,694444444444443
HRAD;UNIDADE INTERNAÇÃO - CLINICA CIRURGICA;2024,0;10,0;217,0;2775,0;118,0;1,8389830508474576;23,516949152542374
HRAD;UNIDADE INTERNAÇÃO - CLINICA CIRURGICA;2024,0;11,0;163,0;3194,0;96,0;1,6979166666666667;33,270833333333336
HRAD;UNIDADE INTERNAÇÃO - CLINICA CIRURGICA;2024,0;12,0;168,0;3039,0;105,0;1,6;28,942857142857143
HRAD;UNIDADE INTERNAÇÃO - CLINICA CIRURGICA;2025,0;1,0;165,0;2833,0;113,0;1,4601769911504425;25,07079646017699
HRAD;UNIDADE INTERNAÇÃO - CLINICA CIRURGICA;2025,0;2,0;140,0;2710,0;93,0;1,5053763440860215;29,13978494623656
HRAD;UNIDADE INTERNAÇÃO - CLINICA CIRURGICA;2025,0;3,0;196,0;3235,0;115,0;1,7043478260869565;28,130434782608695
HRAD;UNIDADE INTERNAÇÃO - CLINICA CIRURGICA;2025,0;4,0;201,0;3492,0;128,0;1,5703125;27,28125
HRAD;UNIDADE INTERNAÇÃO - CLINICA CIRURGICA;2025,0;5,0;178,0;3388,0;110,0;1,6181818181818182;30,8
HRAD;UNIDADE INTERNAÇÃO - CLINICA CIRURGICA;2025,0;6,0;176,0;2888,0;97,0;1,8144329896907216;29,77319587628866
HRAD;UNIDADE INTERNAÇÃO - CLINICA CIRURGICA;2025,0;7,0;152,0;2071,0;125,0;1,216;16,568
HRAD;UNIDADE INTERNAÇÃO - CLINICA CIRURGICA;2025,0;8,0;185,0;2375,0;103,0;1,796116504854369;23,058252427184467
HRAD;UNIDADE INTERNAÇÃO - CLINICA CIRURGICA;2025,0;9,0;170,0;2340,0;113,0;1,5044247787610618;20,707964601769913
HRAD;UNIDADE INTERNAÇÃO - CLINICA CIRURGICA;2025,0;10,0;175,0;2371,0;127,0;1,3779527559055118;18,669291338582678
HRAD;UNIDADE INTERNAÇÃO - CLINICA CIRURGICA;2025,0;11,0;184,0;2731,0;123,0;1,4959349593495934;22,203252032520325
HRAD;UNIDADE INTERNAÇÃO - CLINICA CIRURGICA;2025,0;12,0;181,0;3829,0;114,0;1,587719298245614;33,58771929824562
HRAD;UNIDADE INTERNAÇÃO - CLINICA CIRURGICA;2026,0;1,0;191,0;3439,0;119,0;1,6050420168067228;28,899159663865547
HRAD;UNIDADE INTERNAÇÃO - CLINICA CIRURGICA;2026,0;2,0;153,0;3224,0;110,0;1,3909090909090909;29,30909090909091
HRAD;UNIDADE INTERNAÇÃO - CLINICA CIRURGICA;2026,0;3,0;274,0;3557,0;114,0;2,4035087719298245;31,20175438596491
HRAD;UNIDADE INTERNAÇÃO - CLINICA CIRURGICA;2026,0;4,0;203,0;2640,0;130,0;1,5615384615384615;20,307692307692307
HRAD;UNIDADE INTERNAÇÃO - CLINICA CIRURGICA;2026,0;5,0;238,0;3405,0;113,0;2,106194690265487;30,13274336283186
HRAD;UNIDADE INTERNAÇÃO - CLINICA CIRURGICA;2026,0;6,0;129,0;1576,0;51,0;2,5294117647058822;30,901960784313726
HRAD;UNIDADE INTERNAÇÃO - CLINICA MÉDICA;2019,0;1,0;183,0;1797,0;59,0;3,1016949152542375;30,45762711864407
HRAD;UNIDADE INTERNAÇÃO - CLINICA MÉDICA;2019,0;2,0;210,0;2324,0;75,0;2,8;30,986666666666668
HRAD;UNIDADE INTERNAÇÃO - CLINICA MÉDICA;2019,0;3,0;210,0;1902,0;75,0;2,8;25,36
HRAD;UNIDADE INTERNAÇÃO - CLINICA MÉDICA;2019,0;4,0;215,0;2376,0;66,0;3,257575757575758;36,0
HRAD;UNIDADE INTERNAÇÃO - CLINICA MÉDICA;2019,0;5,0;189,0;2242,0;72,0;2,625;31,13888888888889
HRAD;UNIDADE INTERNAÇÃO - CLINICA MÉDICA;2019,0;6,0;211,0;2527,0;61,0;3,459016393442623;41,42622950819672
HRAD;UNIDADE INTERNAÇÃO - CLINICA MÉDICA;2019,0;7,0;195,0;2521,0;71,0;2,7464788732394365;35,50704225352113
HRAD;UNIDADE INTERNAÇÃO - CLINICA MÉDICA;2019,0;8,0;197,0;3145,0;67,0;2,9402985074626864;46,940298507462686
HRAD;UNIDADE INTERNAÇÃO - CLINICA MÉDICA;2019,0;9,0;197,0;3139,0;63,0;3,126984126984127;49,82539682539682
HRAD;UNIDADE INTERNAÇÃO - CLINICA MÉDICA;2019,0;10,0;212,0;3785,0;48,0;4,416666666666667;78,85416666666667
HRAD;UNIDADE INTERNAÇÃO - CLINICA MÉDICA;2019,0;11,0;153,0;2315,0;61,0;2,5081967213114753;37,950819672131146
HRAD;UNIDADE INTERNAÇÃO - CLINICA MÉDICA;2019,0;12,0;154,0;3086,0;53,0;2,9056603773584904;58,22641509433962
HRAD;UNIDADE INTERNAÇÃO - CLINICA MÉDICA;2020,0;1,0;195,0;2693,0;59,0;3,305084745762712;45,644067796610166
HRAD;UNIDADE INTERNAÇÃO - CLINICA MÉDICA;2020,0;2,0;185,0;3035,0;74,0;2,5;41,013513513513516
HRAD;UNIDADE INTERNAÇÃO - CLINICA MÉDICA;2020,0;3,0;204,0;1644,0;58,0;3,5172413793103448;28,344827586206897
HRAD;UNIDADE INTERNAÇÃO - CLINICA MÉDICA;2020,0;4,0;20,0;623,0;7,0;2,857142857142857;89,0
HRAD;UNIDADE INTERNAÇÃO - CLINICA MÉDICA;2020,0;5,0;118,0;2061,0;64,0;1,84375;32,203125
HRAD;UNIDADE INTERNAÇÃO - CLINICA MÉDICA;2020,0;6,0;128,0;1752,0;60,0;2,1333333333333333;29,2
HRAD;UNIDADE INTERNAÇÃO - CLINICA MÉDICA;2020,0;7,0;121,0;2258,0;63,0;1,9206349206349207;35,84126984126984
HRAD;UNIDADE INTERNAÇÃO - CLINICA MÉDICA;2020,0;8,0;151,0;2435,0;62,0;2,435483870967742;39,274193548387096
HRAD;UNIDADE INTERNAÇÃO - CLINICA MÉDICA;2020,0;9,0;134,0;2084,0;67,0;2,0;31,104477611940297
HRAD;UNIDADE INTERNAÇÃO - CLINICA MÉDICA;2020,0;10,0;122,0;1739,0;70,0;1,7428571428571429;24,84285714285714
HRAD;UNIDADE INTERNAÇÃO - CLINICA MÉDICA;2020,0;11,0;113,0;1709,0;64,0;1,765625;26,703125
HRAD;UNIDADE INTERNAÇÃO - CLINICA MÉDICA;2020,0;12,0;95,0;1593,0;48,0;1,9791666666666667;33,1875
HRAD;UNIDADE INTERNAÇÃO - CLINICA MÉDICA;2021,0;1,0;96,0;1758,0;74,0;1,2972972972972974;23,756756756756758
HRAD;UNIDADE INTERNAÇÃO - CLINICA MÉDICA;2021,0;2,0;122,0;2151,0;57,0;2,1403508771929824;37,73684210526316
HRAD;UNIDADE INTERNAÇÃO - CLINICA MÉDICA;2021,0;3,0;102,0;2007,0;60,0;1,7;33,45
HRAD;UNIDADE INTERNAÇÃO - CLINICA MÉDICA;2021,0;4,0;136,0;2739,0;53,0;2,5660377358490565;51,679245283018865
HRAD;UNIDADE INTERNAÇÃO - CLINICA MÉDICA;2021,0;5,0;145,0;2820,0;40,0;3,625;70,5
HRAD;UNIDADE INTERNAÇÃO - CLINICA MÉDICA;2021,0;6,0;95,0;2656,0;41,0;2,317073170731707;64,78048780487805
HRAD;UNIDADE INTERNAÇÃO - CLINICA MÉDICA;2021,0;7,0;92,0;1872,0;60,0;1,5333333333333334;31,2
HRAD;UNIDADE INTERNAÇÃO - CLINICA MÉDICA;2021,0;8,0;150,0;2652,0;54,0;2,7777777777777777;49,111111111111114
HRAD;UNIDADE INTERNAÇÃO - CLINICA MÉDICA;2021,0;9,0;107,0;1997,0;61,0;1,7540983606557377;32,73770491803279
HRAD;UNIDADE INTERNAÇÃO - CLINICA MÉDICA;2021,0;10,0;107,0;1912,0;48,0;2,2291666666666665;39,833333333333336
HRAD;UNIDADE INTERNAÇÃO - CLINICA MÉDICA;2021,0;11,0;124,0;1979,0;43,0;2,883720930232558;46,02325581395349
HRAD;UNIDADE INTERNAÇÃO - CLINICA MÉDICA;2021,0;12,0;120,0;1795,0;37,0;3,2432432432432434;48,513513513513516
HRAD;UNIDADE INTERNAÇÃO - CLINICA MÉDICA;2022,0;1,0;113,0;2236,0;47,0;2,404255319148936;47,57446808510638
HRAD;UNIDADE INTERNAÇÃO - CLINICA MÉDICA;2022,0;2,0;80,0;1844,0;67,0;1,1940298507462686;27,52238805970149
HRAD;UNIDADE INTERNAÇÃO - CLINICA MÉDICA;2022,0;3,0;141,0;2146,0;54,0;2,611111111111111;39,74074074074074
HRAD;UNIDADE INTERNAÇÃO - CLINICA MÉDICA;2022,0;4,0;111,0;1799,0;53,0;2,0943396226415096;33,943396226415096
HRAD;UNIDADE INTERNAÇÃO - CLINICA MÉDICA;2022,0;5,0;109,0;1864,0;47,0;2,3191489361702127;39,659574468085104
HRAD;UNIDADE INTERNAÇÃO - CLINICA MÉDICA;2022,0;6,0;101,0;1515,0;42,0;2,4047619047619047;36,07142857142857
HRAD;UNIDADE INTERNAÇÃO - CLINICA MÉDICA;2022,0;7,0;89,0;1622,0;43,0;2,0697674418604652;37,72093023255814
HRAD;UNIDADE INTERNAÇÃO - CLINICA MÉDICA;2022,0;8,0;127,0;1778,0;26,0;4,884615384615385;68,38461538461539
HRAD;UNIDADE INTERNAÇÃO - CLINICA MÉDICA;2022,0;9,0;124,0;1216,0;56,0;2,2142857142857144;21,714285714285715
HRAD;UNIDADE INTERNAÇÃO - CLINICA MÉDICA;2022,0;10,0;105,0;1527,0;41,0;2,5609756097560976;37,24390243902439
HRAD;UNIDADE INTERNAÇÃO - CLINICA MÉDICA;2022,0;11,0;116,0;1484,0;42,0;2,761904761904762;35,333333333333336
HRAD;UNIDADE INTERNAÇÃO - CLINICA MÉDICA;2022,0;12,0;113,0;1430,0;57,0;1,9824561403508771;25,087719298245613
HRAD;UNIDADE INTERNAÇÃO - CLINICA MÉDICA;2023,0;1,0;89,0;1353,0;62,0;1,435483870967742;21,822580645161292
HRAD;UNIDADE INTERNAÇÃO - CLINICA MÉDICA;2023,0;2,0;101,0;968,0;51,0;1,9803921568627452;18,980392156862745
HRAD;UNIDADE INTERNAÇÃO - CLINICA MÉDICA;2023,0;3,0;104,0;1167,0;46,0;2,260869565217391;25,369565217391305
HRAD;UNIDADE INTERNAÇÃO - CLINICA MÉDICA;2023,0;4,0;111,0;1295,0;45,0;2,466666666666667;28,77777777777778
HRAD;UNIDADE INTERNAÇÃO - CLINICA MÉDICA;2023,0;5,0;114,0;1199,0;50,0;2,28;23,98
HRAD;UNIDADE INTERNAÇÃO - CLINICA MÉDICA;2023,0;6,0;127,0;1284,0;51,0;2,4901960784313726;25,176470588235293
HRAD;UNIDADE INTERNAÇÃO - CLINICA MÉDICA;2023,0;7,0;113,0;1031,0;56,0;2,017857142857143;18,410714285714285
HRAD;UNIDADE INTERNAÇÃO - CLINICA MÉDICA;2023,0;8,0;138,0;1184,0;51,0;2,7058823529411766;23,215686274509803
HRAD;UNIDADE INTERNAÇÃO - CLINICA MÉDICA;2023,0;9,0;101,0;917,0;58,0;1,7413793103448276;15,810344827586206
HRAD;UNIDADE INTERNAÇÃO - CLINICA MÉDICA;2023,0;10,0;95,0;999,0;53,0;1,7924528301886793;18,849056603773583
HRAD;UNIDADE INTERNAÇÃO - CLINICA MÉDICA;2023,0;11,0;152,0;1405,0;55,0;2,7636363636363637;25,545454545454547
HRAD;UNIDADE INTERNAÇÃO - CLINICA MÉDICA;2023,0;12,0;134,0;1231,0;61,0;2,19672131147541;20,18032786885246
HRAD;UNIDADE INTERNAÇÃO - CLINICA MÉDICA;2024,0;1,0;106,0;1125,0;78,0;1,358974358974359;14,423076923076923
HRAD;UNIDADE INTERNAÇÃO - CLINICA MÉDICA;2024,0;2,0;128,0;1172,0;42,0;3,0476190476190474;27,904761904761905
HRAD;UNIDADE INTERNAÇÃO - CLINICA MÉDICA;2024,0;3,0;161,0;1166,0;60,0;2,683333333333333;19,433333333333334
HRAD;UNIDADE INTERNAÇÃO - CLINICA MÉDICA;2024,0;4,0;112,0;1370,0;66,0;1,696969696969697;20,757575757575758
HRAD;UNIDADE INTERNAÇÃO - CLINICA MÉDICA;2024,0;5,0;116,0;1330,0;57,0;2,0350877192982457;23,333333333333332
HRAD;UNIDADE INTERNAÇÃO - CLINICA MÉDICA;2024,0;6,0;106,0;1254,0;64,0;1,65625;19,59375
HRAD;UNIDADE INTERNAÇÃO - CLINICA MÉDICA;2024,0;7,0;205,0;1761,0;76,0;2,6973684210526314;23,17105263157895
HRAD;UNIDADE INTERNAÇÃO - CLINICA MÉDICA;2024,0;8,0;175,0;1872,0;89,0;1,9662921348314606;21,03370786516854
HRAD;UNIDADE INTERNAÇÃO - CLINICA MÉDICA;2024,0;9,0;210,0;2383,0;85,0;2,4705882352941178;28,03529411764706
HRAD;UNIDADE INTERNAÇÃO - CLINICA MÉDICA;2024,0;10,0;186,0;1995,0;97,0;1,9175257731958764;20,567010309278352
HRAD;UNIDADE INTERNAÇÃO - CLINICA MÉDICA;2024,0;11,0;216,0;1881,0;91,0;2,3736263736263736;20,67032967032967
HRAD;UNIDADE INTERNAÇÃO - CLINICA MÉDICA;2024,0;12,0;168,0;1931,0;81,0;2,074074074074074;23,839506172839506
HRAD;UNIDADE INTERNAÇÃO - CLINICA MÉDICA;2025,0;1,0;153,0;2128,0;78,0;1,9615384615384615;27,28205128205128
HRAD;UNIDADE INTERNAÇÃO - CLINICA MÉDICA;2025,0;2,0;148,0;1967,0;60,0;2,466666666666667;32,78333333333333
HRAD;UNIDADE INTERNAÇÃO - CLINICA MÉDICA;2025,0;3,0;210,0;2005,0;89,0;2,359550561797753;22,528089887640448
HRAD;UNIDADE INTERNAÇÃO - CLINICA MÉDICA;2025,0;4,0;185,0;2023,0;93,0;1,989247311827957;21,752688172043012
HRAD;UNIDADE INTERNAÇÃO - CLINICA MÉDICA;2025,0;5,0;173,0;1579,0;109,0;1,5871559633027523;14,486238532110091
HRAD;UNIDADE INTERNAÇÃO - CLINICA MÉDICA;2025,0;6,0;166,0;1944,0;84,0;1,9761904761904763;23,142857142857142
HRAD;UNIDADE INTERNAÇÃO - CLINICA MÉDICA;2025,0;7,0;115,0;1200,0;81,0;1,4197530864197532;14,814814814814815
HRAD;UNIDADE INTERNAÇÃO - CLINICA MÉDICA;2025,0;8,0;177,0;1454,0;87,0;2,0344827586206895;16,71264367816092
HRAD;UNIDADE INTERNAÇÃO - CLINICA MÉDICA;2025,0;9,0;172,0;1267,0;106,0;1,6226415094339623;11,952830188679245
HRAD;UNIDADE INTERNAÇÃO - CLINICA MÉDICA;2025,0;10,0;180,0;1681,0;115,0;1,565217391304348;14,617391304347827
HRAD;UNIDADE INTERNAÇÃO - CLINICA MÉDICA;2025,0;11,0;220,0;2082,0;108,0;2,037037037037037;19,27777777777778
HRAD;UNIDADE INTERNAÇÃO - CLINICA MÉDICA;2025,0;12,0;175,0;1742,0;119,0;1,4705882352941178;14,638655462184873
HRAD;UNIDADE INTERNAÇÃO - CLINICA MÉDICA;2026,0;1,0;174,0;1865,0;112,0;1,5535714285714286;16,651785714285715
HRAD;UNIDADE INTERNAÇÃO - CLINICA MÉDICA;2026,0;2,0;161,0;1557,0;89,0;1,8089887640449438;17,49438202247191
HRAD;UNIDADE INTERNAÇÃO - CLINICA MÉDICA;2026,0;3,0;192,0;2174,0;94,0;2,0425531914893615;23,127659574468087
HRAD;UNIDADE INTERNAÇÃO - CLINICA MÉDICA;2026,0;4,0;198,0;2156,0;96,0;2,0625;22,458333333333332
HRAD;UNIDADE INTERNAÇÃO - CLINICA MÉDICA;2026,0;5,0;203,0;2282,0;85,0;2,388235294117647;26,847058823529412
HRAD;UNIDADE INTERNAÇÃO - CLINICA MÉDICA;2026,0;6,0;101,0;1280,0;42,0;2,4047619047619047;30,476190476190474
HRAD;UNIDADE INTERNAÇÃO - CLINICA ORTOPÉDICA;2019,0;1,0;248,0;579,0;86,0;2,883720930232558;6,732558139534884
HRAD;UNIDADE INTERNAÇÃO - CLINICA ORTOPÉDICA;2019,0;2,0;232,0;685,0;79,0;2,9367088607594938;8,670886075949367
HRAD;UNIDADE INTERNAÇÃO - CLINICA ORTOPÉDICA;2019,0;3,0;225,0;728,0;112,0;2,0089285714285716;6,5
HRAD;UNIDADE INTERNAÇÃO - CLINICA ORTOPÉDICA;2019,0;4,0;248,0;686,0;72,0;3,4444444444444446;9,527777777777779
HRAD;UNIDADE INTERNAÇÃO - CLINICA ORTOPÉDICA;2019,0;5,0;262,0;782,0;84,0;3,119047619047619;9,30952380952381
HRAD;UNIDADE INTERNAÇÃO - CLINICA ORTOPÉDICA;2019,0;6,0;270,0;554,0;91,0;2,967032967032967;6,087912087912088
HRAD;UNIDADE INTERNAÇÃO - CLINICA ORTOPÉDICA;2019,0;7,0;259,0;671,0;83,0;3,1204819277108435;8,08433734939759
HRAD;UNIDADE INTERNAÇÃO - CLINICA ORTOPÉDICA;2019,0;8,0;236,0;899,0;96,0;2,4583333333333335;9,364583333333334
HRAD;UNIDADE INTERNAÇÃO - CLINICA ORTOPÉDICA;2019,0;9,0;251,0;745,0;111,0;2,2612612612612613;6,711711711711712
HRAD;UNIDADE INTERNAÇÃO - CLINICA ORTOPÉDICA;2019,0;10,0;281,0;1016,0;106,0;2,650943396226415;9,584905660377359
HRAD;UNIDADE INTERNAÇÃO - CLINICA ORTOPÉDICA;2019,0;11,0;182,0;1139,0;90,0;2,022222222222222;12,655555555555555
HRAD;UNIDADE INTERNAÇÃO - CLINICA ORTOPÉDICA;2019,0;12,0;227,0;626,0;109,0;2,0825688073394497;5,743119266055046
HRAD;UNIDADE INTERNAÇÃO - CLINICA ORTOPÉDICA;2020,0;1,0;236,0;655,0;102,0;2,3137254901960786;6,421568627450981
HRAD;UNIDADE INTERNAÇÃO - CLINICA ORTOPÉDICA;2020,0;2,0;278,0;705,0;95,0;2,9263157894736844;7,421052631578948
HRAD;UNIDADE INTERNAÇÃO - CLINICA ORTOPÉDICA;2020,0;3,0;302,0;424,0;120,0;2,5166666666666666;3,533333333333333
HRAD;UNIDADE INTERNAÇÃO - CLINICA ORTOPÉDICA;2020,0;4,0;330,0;744,0;121,0;2,727272727272727;6,148760330578512
HRAD;UNIDADE INTERNAÇÃO - CLINICA ORTOPÉDICA;2020,0;5,0;274,0;580,0;117,0;2,341880341880342;4,957264957264957
HRAD;UNIDADE INTERNAÇÃO - CLINICA ORTOPÉDICA;2020,0;6,0;351,0;503,0;124,0;2,8306451612903225;4,056451612903226
HRAD;UNIDADE INTERNAÇÃO - CLINICA ORTOPÉDICA;2020,0;7,0;331,0;516,0;110,0;3,0090909090909093;4,6909090909090905
HRAD;UNIDADE INTERNAÇÃO - CLINICA ORTOPÉDICA;2020,0;8,0;354,0;701,0;117,0;3,0256410256410255;5,9914529914529915
HRAD;UNIDADE INTERNAÇÃO - CLINICA ORTOPÉDICA;2020,0;9,0;323,0;626,0;121,0;2,669421487603306;5,1735537190082646
HRAD;UNIDADE INTERNAÇÃO - CLINICA ORTOPÉDICA;2020,0;10,0;274,0;663,0;99,0;2,7676767676767677;6,696969696969697
HRAD;UNIDADE INTERNAÇÃO - CLINICA ORTOPÉDICA;2020,0;11,0;232,0;441,0;83,0;2,7951807228915664;5,313253012048193
HRAD;UNIDADE INTERNAÇÃO - CLINICA ORTOPÉDICA;2020,0;12,0;225,0;327,0;106,0;2,1226415094339623;3,0849056603773586
HRAD;UNIDADE INTERNAÇÃO - CLINICA ORTOPÉDICA;2021,0;1,0;186,0;480,0;84,0;2,2142857142857144;5,714285714285714
HRAD;UNIDADE INTERNAÇÃO - CLINICA ORTOPÉDICA;2021,0;2,0;206,0;375,0;72,0;2,861111111111111;5,208333333333333
HRAD;UNIDADE INTERNAÇÃO - CLINICA ORTOPÉDICA;2021,0;3,0;314,0;537,0;92,0;3,4130434782608696;5,836956521739131
HRAD;UNIDADE INTERNAÇÃO - CLINICA ORTOPÉDICA;2021,0;4,0;316,0;394,0;121,0;2,6115702479338845;3,256198347107438
HRAD;UNIDADE INTERNAÇÃO - CLINICA ORTOPÉDICA;2021,0;5,0;451,0;883,0;110,0;4,1;8,027272727272727
HRAD;UNIDADE INTERNAÇÃO - CLINICA ORTOPÉDICA;2021,0;6,0;311,0;801,0;102,0;3,049019607843137;7,852941176470588
HRAD;UNIDADE INTERNAÇÃO - CLINICA ORTOPÉDICA;2021,0;7,0;341,0;1157,0;105,0;3,2476190476190476;11,019047619047619
HRAD;UNIDADE INTERNAÇÃO - CLINICA ORTOPÉDICA;2021,0;8,0;326,0;972,0;116,0;2,810344827586207;8,379310344827585
HRAD;UNIDADE INTERNAÇÃO - CLINICA ORTOPÉDICA;2021,0;9,0;327,0;685,0;115,0;2,8434782608695652;5,956521739130435
HRAD;UNIDADE INTERNAÇÃO - CLINICA ORTOPÉDICA;2021,0;10,0;379,0;1420,0;91,0;4,164835164835165;15,604395604395604
HRAD;UNIDADE INTERNAÇÃO - CLINICA ORTOPÉDICA;2021,0;11,0;269,0;1021,0;87,0;3,0919540229885056;11,735632183908047
HRAD;UNIDADE INTERNAÇÃO - CLINICA ORTOPÉDICA;2021,0;12,0;306,0;1565,0;104,0;2,9423076923076925;15,048076923076923
HRAD;UNIDADE INTERNAÇÃO - CLINICA ORTOPÉDICA;2022,0;1,0;239,0;1550,0;77,0;3,103896103896104;20,12987012987013
HRAD;UNIDADE INTERNAÇÃO - CLINICA ORTOPÉDICA;2022,0;2,0;244,0;1440,0;75,0;3,2533333333333334;19,2
HRAD;UNIDADE INTERNAÇÃO - CLINICA ORTOPÉDICA;2022,0;3,0;246,0;1250,0;82,0;3,0;15,24390243902439
HRAD;UNIDADE INTERNAÇÃO - CLINICA ORTOPÉDICA;2022,0;4,0;314,0;950,0;103,0;3,0485436893203883;9,223300970873787
HRAD;UNIDADE INTERNAÇÃO - CLINICA ORTOPÉDICA;2022,0;5,0;341,0;1159,0;117,0;2,9145299145299144;9,905982905982906
HRAD;UNIDADE INTERNAÇÃO - CLINICA ORTOPÉDICA;2022,0;6,0;261,0;1261,0;132,0;1,9772727272727273;9,553030303030303
HRAD;UNIDADE INTERNAÇÃO - CLINICA ORTOPÉDICA;2022,0;7,0;271,0;1575,0;91,0;2,978021978021978;17,307692307692307
HRAD;UNIDADE INTERNAÇÃO - CLINICA ORTOPÉDICA;2022,0;8,0;279,0;1827,0;104,0;2,6826923076923075;17,567307692307693
HRAD;UNIDADE INTERNAÇÃO - CLINICA ORTOPÉDICA;2022,0;9,0;266,0;2349,0;79,0;3,367088607594937;29,734177215189874
HRAD;UNIDADE INTERNAÇÃO - CLINICA ORTOPÉDICA;2022,0;10,0;250,0;1378,0;101,0;2,4752475247524752;13,643564356435643
HRAD;UNIDADE INTERNAÇÃO - CLINICA ORTOPÉDICA;2022,0;11,0;298,0;1404,0;95,0;3,136842105263158;14,778947368421052
HRAD;UNIDADE INTERNAÇÃO - CLINICA ORTOPÉDICA;2022,0;12,0;284,0;1425,0;101,0;2,8118811881188117;14,108910891089108
HRAD;UNIDADE INTERNAÇÃO - CLINICA ORTOPÉDICA;2023,0;1,0;298,0;1871,0;113,0;2,6371681415929205;16,557522123893804
HRAD;UNIDADE INTERNAÇÃO - CLINICA ORTOPÉDICA;2023,0;2,0;238,0;1560,0;84,0;2,8333333333333335;18,571428571428573
HRAD;UNIDADE INTERNAÇÃO - CLINICA ORTOPÉDICA;2023,0;3,0;320,0;1755,0;129,0;2,4806201550387597;13,604651162790697
HRAD;UNIDADE INTERNAÇÃO - CLINICA ORTOPÉDICA;2023,0;4,0;291,0;1969,0;92,0;3,1630434782608696;21,402173913043477
HRAD;UNIDADE INTERNAÇÃO - CLINICA ORTOPÉDICA;2023,0;5,0;346,0;1767,0;114,0;3,0350877192982457;15,5
HRAD;UNIDADE INTERNAÇÃO - CLINICA ORTOPÉDICA;2023,0;6,0;316,0;2229,0;105,0;3,0095238095238095;21,228571428571428
HRAD;UNIDADE INTERNAÇÃO - CLINICA ORTOPÉDICA;2023,0;7,0;371,0;2183,0;90,0;4,122222222222222;24,255555555555556
HRAD;UNIDADE INTERNAÇÃO - CLINICA ORTOPÉDICA;2023,0;8,0;291,0;2564,0;109,0;2,669724770642202;23,522935779816514
HRAD;UNIDADE INTERNAÇÃO - CLINICA ORTOPÉDICA;2023,0;9,0;326,0;2440,0;117,0;2,786324786324786;20,854700854700855
HRAD;UNIDADE INTERNAÇÃO - CLINICA ORTOPÉDICA;2023,0;10,0;332,0;2323,0;118,0;2,8135593220338984;19,6864406779661
HRAD;UNIDADE INTERNAÇÃO - CLINICA ORTOPÉDICA;2023,0;11,0;332,0;2053,0;128,0;2,59375;16,0390625
HRAD;UNIDADE INTERNAÇÃO - CLINICA ORTOPÉDICA;2023,0;12,0;306,0;2040,0;129,0;2,372093023255814;15,813953488372093
HRAD;UNIDADE INTERNAÇÃO - CLINICA ORTOPÉDICA;2024,0;1,0;317,0;2509,0;99,0;3,202020202020202;25,343434343434343
HRAD;UNIDADE INTERNAÇÃO - CLINICA ORTOPÉDICA;2024,0;2,0;298,0;1862,0;114,0;2,6140350877192984;16,333333333333332
HRAD;UNIDADE INTERNAÇÃO - CLINICA ORTOPÉDICA;2024,0;3,0;339,0;2036,0;137,0;2,4744525547445257;14,861313868613138
HRAD;UNIDADE INTERNAÇÃO - CLINICA ORTOPÉDICA;2024,0;4,0;356,0;2584,0;104,0;3,423076923076923;24,846153846153847
HRAD;UNIDADE INTERNAÇÃO - CLINICA ORTOPÉDICA;2024,0;5,0;363,0;2254,0;115,0;3,1565217391304348;19,6
HRAD;UNIDADE INTERNAÇÃO - CLINICA ORTOPÉDICA;2024,0;6,0;336,0;1995,0;113,0;2,9734513274336285;17,654867256637168
HRAD;UNIDADE INTERNAÇÃO - CLINICA ORTOPÉDICA;2024,0;7,0;393,0;2264,0;142,0;2,767605633802817;15,943661971830986
HRAD;UNIDADE INTERNAÇÃO - CLINICA ORTOPÉDICA;2024,0;8,0;363,0;1808,0;153,0;2,372549019607843;11,816993464052288
HRAD;UNIDADE INTERNAÇÃO - CLINICA ORTOPÉDICA;2024,0;9,0;387,0;1851,0;133,0;2,9097744360902253;13,917293233082706
HRAD;UNIDADE INTERNAÇÃO - CLINICA ORTOPÉDICA;2024,0;10,0;370,0;1939,0;143,0;2,5874125874125875;13,55944055944056
HRAD;UNIDADE INTERNAÇÃO - CLINICA ORTOPÉDICA;2024,0;11,0;415,0;1803,0;139,0;2,985611510791367;12,971223021582734
HRAD;UNIDADE INTERNAÇÃO - CLINICA ORTOPÉDICA;2024,0;12,0;315,0;1935,0;135,0;2,3333333333333335;14,333333333333334
HRAD;UNIDADE INTERNAÇÃO - CLINICA ORTOPÉDICA;2025,0;1,0;311,0;1985,0;137,0;2,27007299270073;14,489051094890511
HRAD;UNIDADE INTERNAÇÃO - CLINICA ORTOPÉDICA;2025,0;2,0;301,0;1791,0;125,0;2,408;14,328
HRAD;UNIDADE INTERNAÇÃO - CLINICA ORTOPÉDICA;2025,0;3,0;333,0;1799,0;132,0;2,522727272727273;13,628787878787879
HRAD;UNIDADE INTERNAÇÃO - CLINICA ORTOPÉDICA;2025,0;4,0;331,0;1531,0;118,0;2,805084745762712;12,974576271186441
HRAD;UNIDADE INTERNAÇÃO - CLINICA ORTOPÉDICA;2025,0;5,0;274,0;1767,0;89,0;3,0786516853932584;19,853932584269664
HRAD;UNIDADE INTERNAÇÃO - CLINICA ORTOPÉDICA;2025,0;6,0;320,0;2197,0;113,0;2,831858407079646;19,442477876106196
HRAD;UNIDADE INTERNAÇÃO - CLINICA ORTOPÉDICA;2025,0;7,0;310,0;1790,0;109,0;2,8440366972477062;16,422018348623855
HRAD;UNIDADE INTERNAÇÃO - CLINICA ORTOPÉDICA;2025,0;8,0;253,0;1878,0;97,0;2,6082474226804124;19,36082474226804
HRAD;UNIDADE INTERNAÇÃO - CLINICA ORTOPÉDICA;2025,0;9,0;340,0;1916,0;139,0;2,446043165467626;13,784172661870503
HRAD;UNIDADE INTERNAÇÃO - CLINICA ORTOPÉDICA;2025,0;10,0;251,0;1902,0;95,0;2,642105263157895;20,021052631578947
HRAD;UNIDADE INTERNAÇÃO - CLINICA ORTOPÉDICA;2025,0;11,0;304,0;1495,0;125,0;2,432;11,96
HRAD;UNIDADE INTERNAÇÃO - CLINICA ORTOPÉDICA;2025,0;12,0;349,0;1518,0;142,0;2,4577464788732395;10,690140845070422
HRAD;UNIDADE INTERNAÇÃO - CLINICA ORTOPÉDICA;2026,0;1,0;355,0;1284,0;145,0;2,4482758620689653;8,855172413793104
HRAD;UNIDADE INTERNAÇÃO - CLINICA ORTOPÉDICA;2026,0;2,0;306,0;1409,0;108,0;2,8333333333333335;13,046296296296296
HRAD;UNIDADE INTERNAÇÃO - CLINICA ORTOPÉDICA;2026,0;3,0;357,0;1355,0;141,0;2,5319148936170213;9,609929078014185
HRAD;UNIDADE INTERNAÇÃO - CLINICA ORTOPÉDICA;2026,0;4,0;375,0;1948,0;124,0;3,024193548387097;15,709677419354838
HRAD;UNIDADE INTERNAÇÃO - CLINICA ORTOPÉDICA;2026,0;5,0;232,0;2366,0;65,0;3,5692307692307694;36,4
HRAD;UNIDADE INTERNAÇÃO - CLINICA ORTOPÉDICA;2026,0;6,0;156,0;1360,0;43,0;3,627906976744186;31,627906976744185
HRAD;UNIDADE INTERNAÇÃO - CLINICA PEDIÁTRICA;2019,0;1,0;53,0;278,0;45,0;1,1777777777777778;6,177777777777778
HRAD;UNIDADE INTERNAÇÃO - CLINICA PEDIÁTRICA;2019,0;2,0;44,0;212,0;46,0;0,9565217391304348;4,608695652173913
HRAD;UNIDADE INTERNAÇÃO - CLINICA PEDIÁTRICA;2019,0;3,0;30,0;185,0;50,0;0,6;3,7
HRAD;UNIDADE INTERNAÇÃO - CLINICA PEDIÁTRICA;2019,0;4,0;41,0;235,0;41,0;1,0;5,7317073170731705
HRAD;UNIDADE INTERNAÇÃO - CLINICA PEDIÁTRICA;2019,0;5,0;26,0;121,0;47,0;0,5531914893617021;2,574468085106383
HRAD;UNIDADE INTERNAÇÃO - CLINICA PEDIÁTRICA;2019,0;6,0;32,0;145,0;47,0;0,6808510638297872;3,0851063829787235
HRAD;UNIDADE INTERNAÇÃO - CLINICA PEDIÁTRICA;2019,0;7,0;47,0;187,0;45,0;1,0444444444444445;4,155555555555556
HRAD;UNIDADE INTERNAÇÃO - CLINICA PEDIÁTRICA;2019,0;8,0;37,0;127,0;46,0;0,8043478260869565;2,760869565217391
HRAD;UNIDADE INTERNAÇÃO - CLINICA PEDIÁTRICA;2019,0;9,0;34,0;176,0;37,0;0,918918918918919;4,756756756756757
HRAD;UNIDADE INTERNAÇÃO - CLINICA PEDIÁTRICA;2019,0;10,0;44,0;107,0;41,0;1,0731707317073171;2,6097560975609757
HRAD;UNIDADE INTERNAÇÃO - CLINICA PEDIÁTRICA;2019,0;11,0;32,0;73,0;48,0;0,6666666666666666;1,5208333333333333
HRAD;UNIDADE INTERNAÇÃO - CLINICA PEDIÁTRICA;2019,0;12,0;32,0;214,0;46,0;0,6956521739130435;4,6521739130434785
HRAD;UNIDADE INTERNAÇÃO - CLINICA PEDIÁTRICA;2020,0;1,0;25,0;166,0;48,0;0,5208333333333334;3,4583333333333335
HRAD;UNIDADE INTERNAÇÃO - CLINICA PEDIÁTRICA;2020,0;2,0;29,0;69,0;32,0;0,90625;2,15625
HRAD;UNIDADE INTERNAÇÃO - CLINICA PEDIÁTRICA;2020,0;3,0;21,0;85,0;42,0;0,5;2,0238095238095237
HRAD;UNIDADE INTERNAÇÃO - CLINICA PEDIÁTRICA;2020,0;4,0;33,0;122,0;46,0;0,717391304347826;2,652173913043478
HRAD;UNIDADE INTERNAÇÃO - CLINICA PEDIÁTRICA;2020,0;5,0;33,0;149,0;40,0;0,825;3,725
HRAD;UNIDADE INTERNAÇÃO - CLINICA PEDIÁTRICA;2020,0;6,0;26,0;117,0;33,0;0,7878787878787878;3,5454545454545454
HRAD;UNIDADE INTERNAÇÃO - CLINICA PEDIÁTRICA;2020,0;7,0;23,0;145,0;31,0;0,7419354838709677;4,67741935483871
HRAD;UNIDADE INTERNAÇÃO - CLINICA PEDIÁTRICA;2020,0;8,0;27,0;222,0;41,0;0,6585365853658537;5,414634146341464
HRAD;UNIDADE INTERNAÇÃO - CLINICA PEDIÁTRICA;2020,0;9,0;30,0;67,0;39,0;0,7692307692307693;1,7179487179487178
HRAD;UNIDADE INTERNAÇÃO - CLINICA PEDIÁTRICA;2020,0;10,0;45,0;175,0;41,0;1,0975609756097562;4,2682926829268295
HRAD;UNIDADE INTERNAÇÃO - CLINICA PEDIÁTRICA;2020,0;11,0;36,0;186,0;51,0;0,7058823529411765;3,6470588235294117
HRAD;UNIDADE INTERNAÇÃO - CLINICA PEDIÁTRICA;2020,0;12,0;30,0;137,0;46,0;0,6521739130434783;2,9782608695652173
HRAD;UNIDADE INTERNAÇÃO - CLINICA PEDIÁTRICA;2021,0;1,0;19,0;117,0;50,0;0,38;2,34
HRAD;UNIDADE INTERNAÇÃO - CLINICA PEDIÁTRICA;2021,0;2,0;28,0;72,0;47,0;0,5957446808510638;1,5319148936170213
HRAD;UNIDADE INTERNAÇÃO - CLINICA PEDIÁTRICA;2021,0;3,0;26,0;161,0;29,0;0,896551724137931;5,551724137931035
HRAD;UNIDADE INTERNAÇÃO - CLINICA PEDIÁTRICA;2021,0;4,0;20,0;213,0;48,0;0,4166666666666667;4,4375
HRAD;UNIDADE INTERNAÇÃO - CLINICA PEDIÁTRICA;2021,0;5,0;33,0;243,0;45,0;0,7333333333333333;5,4
HRAD;UNIDADE INTERNAÇÃO - CLINICA PEDIÁTRICA;2021,0;6,0;26,0;318,0;40,0;0,65;7,95
HRAD;UNIDADE INTERNAÇÃO - CLINICA PEDIÁTRICA;2021,0;7,0;23,0;203,0;45,0;0,5111111111111111;4,511111111111111
HRAD;UNIDADE INTERNAÇÃO - CLINICA PEDIÁTRICA;2021,0;8,0;34,0;170,0;51,0;0,6666666666666666;3,3333333333333335
HRAD;UNIDADE INTERNAÇÃO - CLINICA PEDIÁTRICA;2021,0;9,0;39,0;223,0;49,0;0,7959183673469388;4,551020408163265
HRAD;UNIDADE INTERNAÇÃO - CLINICA PEDIÁTRICA;2021,0;10,0;26,0;63,0;52,0;0,5;1,2115384615384615
HRAD;UNIDADE INTERNAÇÃO - CLINICA PEDIÁTRICA;2021,0;11,0;42,0;231,0;54,0;0,7777777777777778;4,277777777777778
HRAD;UNIDADE INTERNAÇÃO - CLINICA PEDIÁTRICA;2021,0;12,0;33,0;119,0;52,0;0,6346153846153846;2,2884615384615383
HRAD;UNIDADE INTERNAÇÃO - CLINICA PEDIÁTRICA;2022,0;1,0;23,0;259,0;40,0;0,575;6,475
HRAD;UNIDADE INTERNAÇÃO - CLINICA PEDIÁTRICA;2022,0;2,0;44,0;154,0;33,0;1,3333333333333333;4,666666666666667
HRAD;UNIDADE INTERNAÇÃO - CLINICA PEDIÁTRICA;2022,0;3,0;38,0;221,0;56,0;0,6785714285714286;3,9464285714285716
HRAD;UNIDADE INTERNAÇÃO - CLINICA PEDIÁTRICA;2022,0;4,0;49,0;164,0;47,0;1,0425531914893618;3,4893617021276597
HRAD;UNIDADE INTERNAÇÃO - CLINICA PEDIÁTRICA;2022,0;5,0;55,0;164,0;45,0;1,2222222222222223;3,6444444444444444
HRAD;UNIDADE INTERNAÇÃO - CLINICA PEDIÁTRICA;2022,0;6,0;40,0;159,0;44,0;0,9090909090909091;3,6136363636363638
HRAD;UNIDADE INTERNAÇÃO - CLINICA PEDIÁTRICA;2022,0;7,0;40,0;120,0;53,0;0,7547169811320755;2,2641509433962264
HRAD;UNIDADE INTERNAÇÃO - CLINICA PEDIÁTRICA;2022,0;8,0;28,0;260,0;50,0;0,56;5,2
HRAD;UNIDADE INTERNAÇÃO - CLINICA PEDIÁTRICA;2022,0;9,0;33,0;159,0;41,0;0,8048780487804879;3,8780487804878048
HRAD;UNIDADE INTERNAÇÃO - CLINICA PEDIÁTRICA;2022,0;10,0;50,0;146,0;37,0;1,3513513513513513;3,945945945945946
HRAD;UNIDADE INTERNAÇÃO - CLINICA PEDIÁTRICA;2022,0;11,0;37,0;149,0;49,0;0,7551020408163265;3,0408163265306123
HRAD;UNIDADE INTERNAÇÃO - CLINICA PEDIÁTRICA;2022,0;12,0;33,0;207,0;56,0;0,5892857142857143;3,6964285714285716
HRAD;UNIDADE INTERNAÇÃO - CLINICA PEDIÁTRICA;2023,0;1,0;53,0;193,0;51,0;1,0392156862745099;3,784313725490196
HRAD;UNIDADE INTERNAÇÃO - CLINICA PEDIÁTRICA;2023,0;2,0;37,0;253,0;38,0;0,9736842105263158;6,657894736842105
HRAD;UNIDADE INTERNAÇÃO - CLINICA PEDIÁTRICA;2023,0;3,0;44,0;188,0;48,0;0,9166666666666666;3,9166666666666665
HRAD;UNIDADE INTERNAÇÃO - CLINICA PEDIÁTRICA;2023,0;4,0;55,0;171,0;50,0;1,1;3,42
HRAD;UNIDADE INTERNAÇÃO - CLINICA PEDIÁTRICA;2023,0;5,0;50,0;174,0;53,0;0,9433962264150944;3,2830188679245285
HRAD;UNIDADE INTERNAÇÃO - CLINICA PEDIÁTRICA;2023,0;6,0;46,0;169,0;40,0;1,15;4,225
HRAD;UNIDADE INTERNAÇÃO - CLINICA PEDIÁTRICA;2023,0;7,0;39,0;171,0;55,0;0,7090909090909091;3,109090909090909
HRAD;UNIDADE INTERNAÇÃO - CLINICA PEDIÁTRICA;2023,0;8,0;47,0;273,0;50,0;0,94;5,46
HRAD;UNIDADE INTERNAÇÃO - CLINICA PEDIÁTRICA;2023,0;9,0;50,0;179,0;46,0;1,0869565217391304;3,891304347826087
HRAD;UNIDADE INTERNAÇÃO - CLINICA PEDIÁTRICA;2023,0;10,0;43,0;116,0;53,0;0,8113207547169812;2,188679245283019
HRAD;UNIDADE INTERNAÇÃO - CLINICA PEDIÁTRICA;2023,0;11,0;44,0;150,0;31,0;1,4193548387096775;4,838709677419355
HRAD;UNIDADE INTERNAÇÃO - CLINICA PEDIÁTRICA;2023,0;12,0;53,0;209,0;55,0;0,9636363636363636;3,8
HRAD;UNIDADE INTERNAÇÃO - CLINICA PEDIÁTRICA;2024,0;1,0;30,0;195,0;45,0;0,6666666666666666;4,333333333333333
HRAD;UNIDADE INTERNAÇÃO - CLINICA PEDIÁTRICA;2024,0;2,0;35,0;99,0;44,0;0,7954545454545454;2,25
HRAD;UNIDADE INTERNAÇÃO - CLINICA PEDIÁTRICA;2024,0;3,0;55,0;199,0;49,0;1,1224489795918366;4,061224489795919
HRAD;UNIDADE INTERNAÇÃO - CLINICA PEDIÁTRICA;2024,0;4,0;29,0;99,0;42,0;0,6904761904761905;2,357142857142857
HRAD;UNIDADE INTERNAÇÃO - CLINICA PEDIÁTRICA;2024,0;5,0;43,0;187,0;52,0;0,8269230769230769;3,5961538461538463
HRAD;UNIDADE INTERNAÇÃO - CLINICA PEDIÁTRICA;2024,0;6,0;34,0;279,0;41,0;0,8292682926829268;6,804878048780488
HRAD;UNIDADE INTERNAÇÃO - CLINICA PEDIÁTRICA;2024,0;7,0;59,0;168,0;53,0;1,1132075471698113;3,169811320754717
HRAD;UNIDADE INTERNAÇÃO - CLINICA PEDIÁTRICA;2024,0;8,0;47,0;266,0;53,0;0,8867924528301887;5,018867924528302
HRAD;UNIDADE INTERNAÇÃO - CLINICA PEDIÁTRICA;2024,0;9,0;29,0;155,0;59,0;0,4915254237288136;2,6271186440677967
HRAD;UNIDADE INTERNAÇÃO - CLINICA PEDIÁTRICA;2024,0;10,0;49,0;137,0;70,0;0,7;1,957142857142857
HRAD;UNIDADE INTERNAÇÃO - CLINICA PEDIÁTRICA;2024,0;11,0;31,0;203,0;62,0;0,5;3,274193548387097
HRAD;UNIDADE INTERNAÇÃO - CLINICA PEDIÁTRICA;2024,0;12,0;33,0;127,0;64,0;0,515625;1,984375
HRAD;UNIDADE INTERNAÇÃO - CLINICA PEDIÁTRICA;2025,0;1,0;32,0;160,0;58,0;0,5517241379310345;2,7586206896551726
HRAD;UNIDADE INTERNAÇÃO - CLINICA PEDIÁTRICA;2025,0;2,0;34,0;144,0;53,0;0,6415094339622641;2,7169811320754715
HRAD;UNIDADE INTERNAÇÃO - CLINICA PEDIÁTRICA;2025,0;3,0;47,0;229,0;49,0;0,9591836734693877;4,673469387755102
HRAD;UNIDADE INTERNAÇÃO - CLINICA PEDIÁTRICA;2025,0;4,0;46,0;160,0;50,0;0,92;3,2
HRAD;UNIDADE INTERNAÇÃO - CLINICA PEDIÁTRICA;2025,0;5,0;44,0;145,0;55,0;0,8;2,6363636363636362
HRAD;UNIDADE INTERNAÇÃO - CLINICA PEDIÁTRICA;2025,0;6,0;46,0;125,0;46,0;1,0;2,717391304347826
HRAD;UNIDADE INTERNAÇÃO - CLINICA PEDIÁTRICA;2025,0;7,0;41,0;134,0;54,0;0,7592592592592593;2,4814814814814814
HRAD;UNIDADE INTERNAÇÃO - CLINICA PEDIÁTRICA;2025,0;8,0;42,0;113,0;50,0;0,84;2,26
HRAD;UNIDADE INTERNAÇÃO - CLINICA PEDIÁTRICA;2025,0;9,0;42,0;223,0;51,0;0,8235294117647058;4,372549019607843
HRAD;UNIDADE INTERNAÇÃO - CLINICA PEDIÁTRICA;2025,0;10,0;30,0;168,0;49,0;0,6122448979591837;3,4285714285714284
HRAD;UNIDADE INTERNAÇÃO - CLINICA PEDIÁTRICA;2025,0;11,0;30,0;157,0;53,0;0,5660377358490566;2,9622641509433962
HRAD;UNIDADE INTERNAÇÃO - CLINICA PEDIÁTRICA;2025,0;12,0;41,0;157,0;46,0;0,8913043478260869;3,4130434782608696
HRAD;UNIDADE INTERNAÇÃO - CLINICA PEDIÁTRICA;2026,0;1,0;54,0;212,0;51,0;1,0588235294117647;4,1568627450980395
HRAD;UNIDADE INTERNAÇÃO - CLINICA PEDIÁTRICA;2026,0;2,0;38,0;122,0;54,0;0,7037037037037037;2,259259259259259
HRAD;UNIDADE INTERNAÇÃO - CLINICA PEDIÁTRICA;2026,0;3,0;63,0;260,0;54,0;1,1666666666666667;4,814814814814815
HRAD;UNIDADE INTERNAÇÃO - CLINICA PEDIÁTRICA;2026,0;4,0;66,0;229,0;47,0;1,4042553191489362;4,872340425531915
HRAD;UNIDADE INTERNAÇÃO - CLINICA PEDIÁTRICA;2026,0;5,0;36,0;154,0;59,0;0,6101694915254238;2,610169491525424
HRAD;UNIDADE INTERNAÇÃO - CLINICA PEDIÁTRICA;2026,0;6,0;20,0;110,0;22,0;0,9090909090909091;5,0
HRAD;UTI;2019,0;1,0;128,0;2636,0;18,0;7,111111111111111;146,44444444444446
HRAD;UTI;2019,0;2,0;128,0;2788,0;15,0;8,533333333333333;185,86666666666667
HRAD;UTI;2019,0;3,0;129,0;2992,0;14,0;9,214285714285714;213,71428571428572
HRAD;UTI;2019,0;4,0;121,0;2539,0;15,0;8,066666666666666;169,26666666666668
HRAD;UTI;2019,0;5,0;100,0;2742,0;22,0;4,545454545454546;124,63636363636364
HRAD;UTI;2019,0;6,0;103,0;3062,0;9,0;11,444444444444445;340,22222222222223
HRAD;UTI;2019,0;7,0;115,0;3218,0;11,0;10,454545454545455;292,54545454545456
HRAD;UTI;2019,0;8,0;120,0;3147,0;10,0;12,0;314,7
HRAD;UTI;2019,0;9,0;103,0;2986,0;18,0;5,722222222222222;165,88888888888889
HRAD;UTI;2019,0;10,0;110,0;2930,0;12,0;9,166666666666666;244,16666666666666
HRAD;UTI;2019,0;11,0;111,0;2422,0;10,0;11,1;242,2
HRAD;UTI;2019,0;12,0;151,0;2780,0;9,0;16,77777777777778;308,8888888888889
HRAD;UTI;2020,0;1,0;119,0;2674,0;18,0;6,611111111111111;148,55555555555554
HRAD;UTI;2020,0;2,0;113,0;2568,0;14,0;8,071428571428571;183,42857142857142
HRAD;UTI;2020,0;3,0;94,0;2858,0;17,0;5,529411764705882;168,11764705882354
HRAD;UTI;2020,0;4,0;135,0;2941,0;11,0;12,272727272727273;267,3636363636364
HRAD;UTI;2020,0;5,0;185,0;3944,0;22,0;8,409090909090908;179,27272727272728
HRAD;UTI;2020,0;6,0;150,0;5396,0;33,0;4,545454545454546;163,5151515151515
HRAD;UTI;2020,0;7,0;170,0;6346,0;27,0;6,296296296296297;235,03703703703704
HRAD;UTI;2020,0;8,0;237,0;6370,0;26,0;9,115384615384615;245,0
HRAD;UTI;2020,0;9,0;201,0;5401,0;50,0;4,02;108,02
HRAD;UTI;2020,0;10,0;135,0;4375,0;34,0;3,9705882352941178;128,6764705882353
HRAD;UTI;2020,0;11,0;165,0;4201,0;24,0;6,875;175,04166666666666
HRAD;UTI;2020,0;12,0;111,0;3644,0;11,0;10,090909090909092;331,27272727272725
HRAD;UTI;2021,0;1,0;115,0;5683,0;23,0;5,0;247,08695652173913
HRAD;UTI;2021,0;2,0;117,0;6545,0;37,0;3,1621621621621623;176,8918918918919
HRAD;UTI;2021,0;3,0;158,0;7849,0;35,0;4,514285714285714;224,25714285714287
HRAD;UTI;2021,0;4,0;155,0;6996,0;34,0;4,5588235294117645;205,76470588235293
HRAD;UTI;2021,0;5,0;156,0;7204,0;23,0;6,782608695652174;313,2173913043478
HRAD;UTI;2021,0;6,0;118,0;6887,0;26,0;4,538461538461538;264,88461538461536
HRAD;UTI;2021,0;7,0;137,0;6639,0;26,0;5,269230769230769;255,34615384615384
HRAD;UTI;2021,0;8,0;114,0;5699,0;17,0;6,705882352941177;335,2352941176471
HRAD;UTI;2021,0;9,0;116,0;4757,0;20,0;5,8;237,85
HRAD;UTI;2021,0;10,0;108,0;4370,0;17,0;6,352941176470588;257,05882352941177
HRAD;UTI;2021,0;11,0;103,0;3194,0;9,0;11,444444444444445;354,8888888888889
HRAD;UTI;2021,0;12,0;99,0;3618,0;12,0;8,25;301,5
HRAD;UTI;2022,0;1,0;93,0;4327,0;16,0;5,8125;270,4375
HRAD;UTI;2022,0;2,0;91,0;4673,0;14,0;6,5;333,7857142857143
HRAD;UTI;2022,0;3,0;107,0;4084,0;11,0;9,727272727272727;371,27272727272725
HRAD;UTI;2022,0;4,0;111,0;4890,0;20,0;5,55;244,5
HRAD;UTI;2022,0;5,0;88,0;4089,0;12,0;7,333333333333333;340,75
HRAD;UTI;2022,0;6,0;121,0;3720,0;2,0;60,5;1860,0
HRAD;UTI;2022,0;7,0;72,0;3639,0;6,0;12,0;606,5
HRAD;UTI;2022,0;8,0;166,0;3873,0;12,0;13,833333333333334;322,75
HRAD;UTI;2022,0;9,0;111,0;3270,0;13,0;8,538461538461538;251,53846153846155
HRAD;UTI - ADULTO;2022,0;10,0;120,0;3785,0;11,0;10,909090909090908;344,09090909090907
HRAD;UTI - ADULTO;2022,0;11,0;154,0;3660,0;13,0;11,846153846153847;281,53846153846155
HRAD;UTI - ADULTO;2022,0;12,0;90,0;3484,0;16,0;5,625;217,75
HRAD;UTI - ADULTO;2023,0;1,0;160,0;3604,0;15,0;10,666666666666666;240,26666666666668
HRAD;UTI - ADULTO;2023,0;2,0;98,0;3539,0;12,0;8,166666666666666;294,9166666666667
HRAD;UTI - ADULTO;2023,0;3,0;127,0;3602,0;17,0;7,470588235294118;211,88235294117646
HRAD;UTI - ADULTO;2023,0;4,0;139,0;2774,0;18,0;7,722222222222222;154,11111111111111
HRAD;UTI - ADULTO;2023,0;5,0;159,0;3950,0;12,0;13,25;329,1666666666667
HRAD;UTI - ADULTO;2023,0;6,0;139,0;3765,0;10,0;13,9;376,5
HRAD;UTI - ADULTO;2023,0;7,0;139,0;4025,0;6,0;23,166666666666668;670,8333333333334
HRAD;UTI - ADULTO;2023,0;8,0;163,0;3957,0;13,0;12,538461538461538;304,38461538461536
HRAD;UTI - ADULTO;2023,0;9,0;155,0;3584,0;9,0;17,22222222222222;398,22222222222223
HRAD;UTI - ADULTO;2023,0;10,0;140,0;3600,0;17,0;8,235294117647058;211,76470588235293
HRAD;UTI - ADULTO;2023,0;11,0;123,0;3881,0;16,0;7,6875;242,5625
HRAD;UTI - ADULTO;2023,0;12,0;92,0;3686,0;16,0;5,75;230,375
HRAD;UTI - ADULTO;2024,0;1,0;116,0;3198,0;12,0;9,666666666666666;266,5
HRAD;UTI - ADULTO;2024,0;2,0;99,0;3569,0;6,0;16,5;594,8333333333334
HRAD;UTI - ADULTO;2024,0;3,0;132,0;3994,0;11,0;12,0;363,09090909090907
HRAD;UTI - ADULTO;2024,0;4,0;148,0;3756,0;15,0;9,866666666666667;250,4
HRAD;UTI - ADULTO;2024,0;5,0;105,0;4039,0;5,0;21,0;807,8
HRAD;UTI - ADULTO;2024,0;6,0;151,0;3872,0;12,0;12,583333333333334;322,6666666666667
HRAD;UTI - ADULTO;2024,0;7,0;134,0;4005,0;18,0;7,444444444444445;222,5
HRAD;UTI - ADULTO;2024,0;8,0;144,0;3710,0;17,0;8,470588235294118;218,23529411764707
HRAD;UTI - ADULTO;2024,0;9,0;122,0;3459,0;11,0;11,090909090909092;314,45454545454544
HRAD;UTI - ADULTO;2024,0;10,0;167,0;3434,0;15,0;11,133333333333333;228,93333333333334
HRAD;UTI - ADULTO;2024,0;11,0;117,0;3878,0;10,0;11,7;387,8
HRAD;UTI - ADULTO;2024,0;12,0;133,0;4032,0;9,0;14,777777777777779;448,0
HRAD;UTI - ADULTO;2025,0;1,0;159,0;4014,0;5,0;31,8;802,8
HRAD;UTI - ADULTO;2025,0;2,0;175,0;3733,0;15,0;11,666666666666666;248,86666666666667
HRAD;UTI - ADULTO;2025,0;3,0;183,0;4526,0;8,0;22,875;565,75
HRAD;UTI - ADULTO;2025,0;4,0;141,0;3949,0;13,0;10,846153846153847;303,7692307692308
HRAD;UTI - ADULTO;2025,0;5,0;143,0;4241,0;9,0;15,88888888888889;471,22222222222223
HRAD;UTI - ADULTO;2025,0;6,0;149,0;4018,0;13,0;11,461538461538462;309,0769230769231
HRAD;UTI - ADULTO;2025,0;7,0;142,0;3954,0;10,0;14,2;395,4
HRAD;UTI - ADULTO;2025,0;8,0;158,0;3962,0;6,0;26,333333333333332;660,3333333333334
HRAD;UTI - ADULTO;2025,0;9,0;162,0;3813,0;11,0;14,727272727272727;346,6363636363636
HRAD;UTI - ADULTO;2025,0;10,0;173,0;4552,0;11,0;15,727272727272727;413,8181818181818
HRAD;UTI - ADULTO;2025,0;11,0;195,0;4688,0;18,0;10,833333333333334;260,44444444444446
HRAD;UTI - ADULTO;2025,0;12,0;143,0;4431,0;8,0;17,875;553,875
HRAD;UTI - ADULTO;2026,0;1,0;105,0;4564,0;12,0;8,75;380,3333333333333
HRAD;UTI - ADULTO;2026,0;2,0;134,0;4143,0;7,0;19,142857142857142;591,8571428571429
HRAD;UTI - ADULTO;2026,0;3,0;163,0;4480,0;10,0;16,3;448,0
HRAD;UTI - ADULTO;2026,0;4,0;164,0;4507,0;13,0;12,615384615384615;346,6923076923077
HRAD;UTI - ADULTO;2026,0;5,0;137,0;4938,0;10,0;13,7;493,8
HRAD;UTI - ADULTO;2026,0;6,0;155,0;3713,0;10,0;15,5;371,3
HRAD;UTI - ADULTO;2026,0;7,0;137,0;3097,0;9,0;15,222222222222221;344,1111111111111
HRAD;UTI - ADULTO;2026,0;8,0;112,0;2323,0;14,0;8,0;165,92857142857142
HRAD;UTI - NEONATAL;2019,0;1,0;35,0;427,0;2,0;17,5;213,5
HRAD;UTI - NEONATAL;2019,0;2,0;68,0;497,0;1,0;68,0;497,0
HRAD;UTI - NEONATAL;2019,0;3,0;50,0;469,0;1,0;50,0;469,0
HRAD;UTI - NEONATAL;2019,0;4,0;57,0;451,0;3,0;19,0;150,33333333333334
HRAD;UTI - NEONATAL;2019,0;5,0;73,0;570,0;2,0;36,5;285,0
HRAD;UTI - NEONATAL;2019,0;6,0;54,0;589,0;3,0;18,0;196,33333333333334
HRAD;UTI - NEONATAL;2019,0;7,0;53,0;409,0;4,0;13,25;102,25
HRAD;UTI - NEONATAL;2019,0;8,0;44,0;453,0;2,0;22,0;226,5
HRAD;UTI - NEONATAL;2019,0;10,0;58,0;478,0;1,0;58,0;478,0
HRAD;UTI - NEONATAL;2019,0;11,0;60,0;437,0;5,0;12,0;87,4
HRAD;UTI - NEONATAL;2019,0;12,0;49,0;507,0;2,0;24,5;253,5
HRAD;UTI - NEONATAL;2020,0;1,0;47,0;483,0;1,0;47,0;483,0
HRAD;UTI - NEONATAL;2020,0;2,0;37,0;454,0;1,0;37,0;454,0
HRAD;UTI - NEONATAL;2020,0;3,0;46,0;570,0;4,0;11,5;142,5
HRAD;UTI - NEONATAL;2020,0;4,0;52,0;494,0;1,0;52,0;494,0
HRAD;UTI - NEONATAL;2020,0;5,0;55,0;450,0;2,0;27,5;225,0
HRAD;UTI - NEONATAL;2020,0;6,0;45,0;487,0;2,0;22,5;243,5
HRAD;UTI - NEONATAL;2020,0;7,0;37,0;462,0;1,0;37,0;462,0
HRAD;UTI - NEONATAL;2020,0;8,0;48,0;437,0;5,0;9,6;87,4
HRAD;UTI - NEONATAL;2020,0;9,0;50,0;508,0;3,0;16,666666666666668;169,33333333333334
HRAD;UTI - NEONATAL;2020,0;10,0;50,0;597,0;4,0;12,5;149,25
HRAD;UTI - NEONATAL;2020,0;11,0;34,0;331,0;1,0;34,0;331,0
HRAD;UTI - NEONATAL;2020,0;12,0;46,0;447,0;3,0;15,333333333333334;149,0
HRAD;UTI - NEONATAL;2021,0;1,0;44,0;622,0;2,0;22,0;311,0
HRAD;UTI - NEONATAL;2021,0;2,0;47,0;497,0;2,0;23,5;248,5
HRAD;UTI - NEONATAL;2021,0;3,0;39,0;450,0;7,0;5,571428571428571;64,28571428571429
HRAD;UTI - NEONATAL;2021,0;4,0;53,0;507,0;3,0;17,666666666666668;169,0
HRAD;UTI - NEONATAL;2021,0;6,0;58,0;522,0;4,0;14,5;130,5
HRAD;UTI - NEONATAL;2021,0;7,0;51,0;352,0;2,0;25,5;176,0
HRAD;UTI - NEONATAL;2021,0;8,0;60,0;447,0;1,0;60,0;447,0
HRAD;UTI - NEONATAL;2021,0;10,0;71,0;709,0;2,0;35,5;354,5
HRAD;UTI - NEONATAL;2021,0;11,0;53,0;638,0;2,0;26,5;319,0
HRAD;UTI - NEONATAL;2021,0;12,0;57,0;533,0;1,0;57,0;533,0
HRAD;UTI - NEONATAL;2022,0;1,0;47,0;578,0;5,0;9,4;115,6
HRAD;UTI - NEONATAL;2022,0;2,0;60,0;605,0;2,0;30,0;302,5
HRAD;UTI - NEONATAL;2022,0;3,0;48,0;469,0;5,0;9,6;93,8
HRAD;UTI - NEONATAL;2022,0;4,0;46,0;505,0;2,0;23,0;252,5
HRAD;UTI - NEONATAL;2022,0;5,0;57,0;505,0;3,0;19,0;168,33333333333334
HRAD;UTI - NEONATAL;2022,0;6,0;56,0;550,0;4,0;14,0;137,5
HRAD;UTI - NEONATAL;2022,0;8,0;54,0;586,0;8,0;6,75;73,25
HRAD;UTI - NEONATAL;2022,0;9,0;42,0;461,0;2,0;21,0;230,5
HRAD;UTI - NEONATAL;2022,0;10,0;47,0;491,0;2,0;23,5;245,5
HRAD;UTI - NEONATAL;2022,0;11,0;40,0;472,0;5,0;8,0;94,4
HRAD;UTI - NEONATAL;2022,0;12,0;48,0;451,0;6,0;8,0;75,16666666666667
HRAD;UTI - NEONATAL;2023,0;1,0;45,0;624,0;4,0;11,25;156,0
HRAD;UTI - NEONATAL;2023,0;2,0;45,0;511,0;1,0;45,0;511,0
HRAD;UTI - NEONATAL;2023,0;3,0;53,0;563,0;2,0;26,5;281,5
HRAD;UTI - NEONATAL;2023,0;4,0;64,0;513,0;1,0;64,0;513,0
HRAD;UTI - NEONATAL;2023,0;5,0;49,0;603,0;3,0;16,333333333333332;201,0
HRAD;UTI - NEONATAL;2023,0;6,0;55,0;507,0;3,0;18,333333333333332;169,0
HRAD;UTI - NEONATAL;2023,0;7,0;35,0;571,0;1,0;35,0;571,0
HRAD;UTI - NEONATAL;2023,0;8,0;49,0;666,0;3,0;16,333333333333332;222,0
HRAD;UTI - NEONATAL;2023,0;9,0;43,0;452,0;3,0;14,333333333333334;150,66666666666666
HRAD;UTI - NEONATAL;2023,0;10,0;57,0;698,0;3,0;19,0;232,66666666666666
HRAD;UTI - NEONATAL;2023,0;12,0;34,0;415,0;3,0;11,333333333333334;138,33333333333334
HRAD;UTI - NEONATAL;2024,0;1,0;38,0;522,0;3,0;12,666666666666666;174,0
HRAD;UTI - NEONATAL;2024,0;2,0;28,0;350,0;3,0;9,333333333333334;116,66666666666667
HRAD;UTI - NEONATAL;2024,0;3,0;52,0;544,0;1,0;52,0;544,0
HRAD;UTI - NEONATAL;2024,0;4,0;33,0;527,0;1,0;33,0;527,0
HRAD;UTI - NEONATAL;2024,0;5,0;46,0;503,0;3,0;15,333333333333334;167,66666666666666
HRAD;UTI - NEONATAL;2024,0;6,0;43,0;510,0;2,0;21,5;255,0
HRAD;UTI - NEONATAL;2024,0;7,0;34,0;460,0;2,0;17,0;230,0
HRAD;UTI - NEONATAL;2024,0;8,0;40,0;402,0;1,0;40,0;402,0
HRAD;UTI - NEONATAL;2024,0;9,0;57,0;469,0;5,0;11,4;93,8
HRAD;UTI - NEONATAL;2024,0;10,0;69,0;404,0;3,0;23,0;134,66666666666666
HRAD;UTI - NEONATAL;2024,0;11,0;75,0;404,0;4,0;18,75;101,0
HRAD;UTI - NEONATAL;2024,0;12,0;78,0;545,0;5,0;15,6;109,0
HRAD;UTI - NEONATAL;2025,0;1,0;80,0;540,0;3,0;26,666666666666668;180,0
HRAD;UTI - NEONATAL;2025,0;2,0;105,0;478,0;1,0;105,0;478,0
HRAD;UTI - NEONATAL;2025,0;4,0;72,0;596,0;2,0;36,0;298,0
HRAD;UTI - NEONATAL;2025,0;5,0;75,0;392,0;1,0;75,0;392,0
HRAD;UTI - NEONATAL;2025,0;6,0;76,0;542,0;3,0;25,333333333333332;180,66666666666666
HRAD;UTI - NEONATAL;2025,0;7,0;64,0;607,0;5,0;12,8;121,4
HRAD;UTI - NEONATAL;2025,0;8,0;81,0;555,0;1,0;81,0;555,0
HRAD;UTI - NEONATAL;2025,0;9,0;75,0;479,0;2,0;37,5;239,5
HRAD;UTI - NEONATAL;2025,0;11,0;86,0;457,0;3,0;28,666666666666668;152,33333333333334
HRAD;UTI - NEONATAL;2025,0;12,0;79,0;326,0;3,0;26,333333333333332;108,66666666666667
HRAD;UTI - NEONATAL;2026,0;1,0;77,0;364,0;1,0;77,0;364,0
HRAD;UTI - NEONATAL;2026,0;2,0;50,0;325,0;4,0;12,5;81,25
HRAD;UTI - NEONATAL;2026,0;3,0;86,0;341,0;3,0;28,666666666666668;113,66666666666667
HRAD;UTI - NEONATAL;2026,0;4,0;78,0;373,0;3,0;26,0;124,33333333333333
HRAD;UTI - NEONATAL;2026,0;5,0;56,0;254,0;3,0;18,666666666666668;84,66666666666667
HRAD;UTI - NEONATAL;2026,0;6,0;53,0;264,0;2,0;26,5;132,0
HRAD;UTIN;2026,0;6,0;17,0;81,0;2,0;8,5;40,5
HRAD;UTIN;2026,0;7,0;48,0;230,0;5,0;9,6;46,0
HRAD;UTIN;2026,0;8,0;46,0;177,0;3,0;15,333333333333334;59,0
HRBJA;BOARDING/HRB/CHB;2026,0;3,0;10,0;212,0;3,0;3,3333333333333335;70,66666666666667
HRBJA;BOARDING/HRB/CHB;2026,0;4,0;15,0;303,0;1,0;15,0;303,0
HRBJA;BOARDING/HRB/CHB;2026,0;5,0;11,0;266,0;4,0;2,75;66,5
HRBJA;BOARDING/HRB/CHB;2026,0;6,0;4,0;213,0;1,0;4,0;213,0
HRBJA;BOARDING/HRB/CHB;2026,0;7,0;14,0;397,0;2,0;7,0;198,5
HRBJA;BOARDING/HRB/CHB;2026,0;8,0;5,0;75,0;4,0;1,25;18,75
HRBJA;CLINICA CIRURGICA/HRB/CHB;2024,0;6,0;19,0;296,0;20,0;0,95;14,8
HRBJA;CLINICA CIRURGICA/HRB/CHB;2024,0;7,0;60,0;973,0;80,0;0,75;12,1625
HRBJA;CLINICA CIRURGICA/HRB/CHB;2024,0;8,0;118,0;841,0;100,0;1,18;8,41
HRBJA;CLINICA CIRURGICA/HRB/CHB;2024,0;9,0;48,0;595,0;81,0;0,5925925925925926;7,345679012345679
HRBJA;CLINICA CIRURGICA/HRB/CHB;2024,0;10,0;88,0;737,0;101,0;0,8712871287128713;7,297029702970297
HRBJA;CLINICA CIRURGICA/HRB/CHB;2024,0;11,0;103,0;1129,0;101,0;1,0198019801980198;11,178217821782178
HRBJA;CLINICA CIRURGICA/HRB/CHB;2024,0;12,0;108,0;1104,0;119,0;0,907563025210084;9,277310924369749
HRBJA;CLINICA CIRURGICA/HRB/CHB;2025,0;1,0;106,0;955,0;114,0;0,9298245614035088;8,37719298245614
HRBJA;CLINICA CIRURGICA/HRB/CHB;2025,0;2,0;80,0;600,0;93,0;0,8602150537634409;6,451612903225806
HRBJA;CLINICA CIRURGICA/HRB/CHB;2025,0;3,0;79,0;505,0;93,0;0,8494623655913979;5,43010752688172
HRBJA;CLINICA CIRURGICA/HRB/CHB;2025,0;4,0;87,0;613,0;107,0;0,8130841121495327;5,728971962616822
HRBJA;CLINICA CIRURGICA/HRB/CHB;2025,0;5,0;99,0;643,0;115,0;0,8608695652173913;5,591304347826087
HRBJA;CLINICA CIRURGICA/HRB/CHB;2025,0;6,0;88,0;447,0;104,0;0,8461538461538461;4,298076923076923
HRBJA;CLINICA CIRURGICA/HRB/CHB;2025,0;7,0;108,0;1099,0;108,0;1,0;10,175925925925926
HRBJA;CLINICA CIRURGICA/HRB/CHB;2025,0;8,0;96,0;552,0;117,0;0,8205128205128205;4,717948717948718
HRBJA;CLINICA CIRURGICA/HRB/CHB;2025,0;9,0;104,0;1095,0;96,0;1,0833333333333333;11,40625
HRBJA;CLINICA CIRURGICA/HRB/CHB;2025,0;10,0;108,0;899,0;91,0;1,1868131868131868;9,87912087912088
HRBJA;CLINICA CIRURGICA/HRB/CHB;2025,0;11,0;103,0;668,0;91,0;1,1318681318681318;7,34065934065934
HRBJA;CLINICA CIRURGICA/HRB/CHB;2025,0;12,0;117,0;947,0;113,0;1,0353982300884956;8,380530973451327
HRBJA;CLINICA CIRURGICA/HRB/CHB;2026,0;1,0;126,0;756,0;117,0;1,0769230769230769;6,461538461538462
HRBJA;CLINICA CIRURGICA/HRB/CHB;2026,0;2,0;146,0;1360,0;137,0;1,0656934306569343;9,927007299270073
HRBJA;CLINICA CIRURGICA/HRB/CHB;2026,0;3,0;165,0;1314,0;180,0;0,9166666666666666;7,3
HRBJA;CLINICA CIRURGICA/HRB/CHB;2026,0;4,0;119,0;1104,0;158,0;0,7531645569620253;6,987341772151899
HRBJA;CLINICA CIRURGICA/HRB/CHB;2026,0;5,0;136,0;1152,0;165,0;0,8242424242424242;6,9818181818181815
HRBJA;CLINICA CIRURGICA/HRB/CHB;2026,0;6,0;129,0;1600,0;154,0;0,8376623376623377;10,38961038961039
HRBJA;CLINICA CIRURGICA/HRB/CHB;2026,0;7,0;149,0;1762,0;175,0;0,8514285714285714;10,06857142857143
HRBJA;CLINICA CIRURGICA/HRB/CHB;2026,0;8,0;163,0;1777,0;129,0;1,2635658914728682;13,775193798449612
HRBJA;CLINICA MEDICA/HRB/CHB;2024,0;6,0;21,0;707,0;10,0;2,1;70,7
HRBJA;CLINICA MEDICA/HRB/CHB;2024,0;7,0;70,0;2465,0;75,0;0,9333333333333333;32,86666666666667
HRBJA;CLINICA MEDICA/HRB/CHB;2024,0;8,0;85,0;2001,0;80,0;1,0625;25,0125
HRBJA;CLINICA MEDICA/HRB/CHB;2024,0;9,0;44,0;1293,0;83,0;0,5301204819277109;15,578313253012048
HRBJA;CLINICA MEDICA/HRB/CHB;2024,0;10,0;52,0;1539,0;57,0;0,9122807017543859;27,0
HRBJA;CLINICA MEDICA/HRB/CHB;2024,0;11,0;45,0;1422,0;94,0;0,4787234042553192;15,127659574468085
HRBJA;CLINICA MEDICA/HRB/CHB;2024,0;12,0;54,0;1365,0;114,0;0,47368421052631576;11,973684210526315
HRBJA;CLINICA MEDICA/HRB/CHB;2025,0;1,0;52,0;1445,0;111,0;0,46846846846846846;13,018018018018019
HRBJA;CLINICA MEDICA/HRB/CHB;2025,0;2,0;35,0;1120,0;88,0;0,3977272727272727;12,727272727272727
HRBJA;CLINICA MEDICA/HRB/CHB;2025,0;3,0;43,0;1115,0;99,0;0,43434343434343436;11,262626262626263
HRBJA;CLINICA MEDICA/HRB/CHB;2025,0;4,0;28,0;952,0;103,0;0,27184466019417475;9,242718446601941
HRBJA;CLINICA MEDICA/HRB/CHB;2025,0;5,0;43,0;1077,0;106,0;0,4056603773584906;10,160377358490566
HRBJA;CLINICA MEDICA/HRB/CHB;2025,0;6,0;45,0;791,0;110,0;0,4090909090909091;7,1909090909090905
HRBJA;CLINICA MEDICA/HRB/CHB;2025,0;7,0;33,0;1051,0;111,0;0,2972972972972973;9,468468468468469
HRBJA;CLINICA MEDICA/HRB/CHB;2025,0;8,0;32,0;742,0;88,0;0,36363636363636365;8,431818181818182
HRBJA;CLINICA MEDICA/HRB/CHB;2025,0;9,0;35,0;740,0;81,0;0,43209876543209874;9,135802469135802
HRBJA;CLINICA MEDICA/HRB/CHB;2025,0;10,0;66,0;1480,0;84,0;0,7857142857142857;17,61904761904762
HRBJA;CLINICA MEDICA/HRB/CHB;2025,0;11,0;88,0;1768,0;93,0;0,946236559139785;19,010752688172044
HRBJA;CLINICA MEDICA/HRB/CHB;2025,0;12,0;49,0;1065,0;79,0;0,620253164556962;13,481012658227849
HRBJA;CLINICA MEDICA/HRB/CHB;2026,0;1,0;87,0;1759,0;86,0;1,0116279069767442;20,453488372093023
HRBJA;CLINICA MEDICA/HRB/CHB;2026,0;2,0;102,0;1889,0;92,0;1,108695652173913;20,532608695652176
HRBJA;CLINICA MEDICA/HRB/CHB;2026,0;3,0;39,0;681,0;60,0;0,65;11,35
HRBJA;CLINICA MEDICA/HRB/CHB;2026,0;4,0;48,0;527,0;40,0;1,2;13,175
HRBJA;CLINICA MEDICA/HRB/CHB;2026,0;5,0;36,0;822,0;39,0;0,9230769230769231;21,076923076923077
HRBJA;CLINICA MEDICA/HRB/CHB;2026,0;6,0;26,0;646,0;66,0;0,3939393939393939;9,787878787878787
HRBJA;CLINICA MEDICA/HRB/CHB;2026,0;7,0;29,0;681,0;41,0;0,7073170731707317;16,609756097560975
HRBJA;CLINICA MEDICA/HRB/CHB;2026,0;8,0;35,0;577,0;43,0;0,813953488372093;13,418604651162791
HRBJA;PRONTO ATENDIMENTO;2020,0;6,0;189,0;1681,0;6,0;31,5;280,1666666666667
HRBJA;TRAUMATO-ORTOPEDIA CIRURGICA/CHPB/CHB;2024,0;6,0;3,0;0,0;3,0;1,0;0,0
HRBJA;TRAUMATO-ORTOPEDIA CIRURGICA/CHPB/CHB;2024,0;7,0;11,0;99,0;9,0;1,2222222222222223;11,0
HRBJA;TRAUMATO-ORTOPEDIA CIRURGICA/CHPB/CHB;2024,0;8,0;34,0;70,0;10,0;3,4;7,0
HRBJA;TRAUMATO-ORTOPEDIA CIRURGICA/CHPB/CHB;2024,0;9,0;12,0;43,0;9,0;1,3333333333333333;4,777777777777778
HRBJA;TRAUMATO-ORTOPEDIA CIRURGICA/CHPB/CHB;2024,0;10,0;14,0;87,0;9,0;1,5555555555555556;9,666666666666666
HRBJA;TRAUMATO-ORTOPEDIA CIRURGICA/CHPB/CHB;2024,0;11,0;7,0;79,0;13,0;0,5384615384615384;6,076923076923077
HRBJA;TRAUMATO-ORTOPEDIA CIRURGICA/CHPB/CHB;2024,0;12,0;11,0;93,0;13,0;0,8461538461538461;7,153846153846154
HRBJA;TRAUMATO-ORTOPEDIA CIRURGICA/CHPB/CHB;2025,0;1,0;17,0;51,0;15,0;1,1333333333333333;3,4
HRBJA;TRAUMATO-ORTOPEDIA CIRURGICA/CHPB/CHB;2025,0;2,0;2,0;44,0;7,0;0,2857142857142857;6,285714285714286
HRBJA;TRAUMATO-ORTOPEDIA CIRURGICA/CHPB/CHB;2025,0;3,0;11,0;77,0;11,0;1,0;7,0
HRBJA;TRAUMATO-ORTOPEDIA CIRURGICA/CHPB/CHB;2025,0;4,0;12,0;83,0;3,0;4,0;27,666666666666668
HRBJA;TRAUMATO-ORTOPEDIA CIRURGICA/CHPB/CHB;2025,0;5,0;5,0;19,0;9,0;0,5555555555555556;2,111111111111111
HRBJA;TRAUMATO-ORTOPEDIA CIRURGICA/CHPB/CHB;2025,0;6,0;10,0;53,0;9,0;1,1111111111111112;5,888888888888889
HRBJA;TRAUMATO-ORTOPEDIA CIRURGICA/CHPB/CHB;2025,0;7,0;10,0;56,0;10,0;1,0;5,6
HRBJA;TRAUMATO-ORTOPEDIA CIRURGICA/CHPB/CHB;2025,0;8,0;15,0;41,0;17,0;0,8823529411764706;2,411764705882353
HRBJA;TRAUMATO-ORTOPEDIA CIRURGICA/CHPB/CHB;2025,0;9,0;9,0;96,0;10,0;0,9;9,6
HRBJA;TRAUMATO-ORTOPEDIA CIRURGICA/CHPB/CHB;2025,0;10,0;4,0;32,0;4,0;1,0;8,0
HRBJA;TRAUMATO-ORTOPEDIA CIRURGICA/CHPB/CHB;2025,0;11,0;1,0;15,0;5,0;0,2;3,0
HRBJA;TRAUMATO-ORTOPEDIA CIRURGICA/CHPB/CHB;2025,0;12,0;6,0;25,0;9,0;0,6666666666666666;2,7777777777777777
HRBJA;TRAUMATO-ORTOPEDIA CIRURGICA/CHPB/CHB;2026,0;1,0;4,0;66,0;8,0;0,5;8,25
HRBJA;TRAUMATO-ORTOPEDIA CIRURGICA/CHPB/CHB;2026,0;2,0;12,0;142,0;9,0;1,3333333333333333;15,777777777777779
HRBJA;TRAUMATO-ORTOPEDIA CIRURGICA/CHPB/CHB;2026,0;3,0;13,0;86,0;30,0;0,43333333333333335;2,8666666666666667
HRBJA;TRAUMATO-ORTOPEDIA CIRURGICA/CHPB/CHB;2026,0;4,0;21,0;207,0;19,0;1,105263157894737;10,894736842105264
HRBJA;TRAUMATO-ORTOPEDIA CIRURGICA/CHPB/CHB;2026,0;5,0;21,0;131,0;21,0;1,0;6,238095238095238
HRBJA;TRAUMATO-ORTOPEDIA CIRURGICA/CHPB/CHB;2026,0;6,0;18,0;115,0;34,0;0,5294117647058824;3,3823529411764706
HRBJA;TRAUMATO-ORTOPEDIA CIRURGICA/CHPB/CHB;2026,0;7,0;20,0;48,0;25,0;0,8;1,92
HRBJA;TRAUMATO-ORTOPEDIA CIRURGICA/CHPB/CHB;2026,0;8,0;12,0;53,0;28,0;0,42857142857142855;1,8928571428571428
HRBJA;UAVC-AGUDO/HRB/CHB;2026,0;3,0;39,0;133,0;9,0;4,333333333333333;14,777777777777779
HRBJA;UAVC-AGUDO/HRB/CHB;2026,0;4,0;34,0;122,0;12,0;2,8333333333333335;10,166666666666666
HRBJA;UAVC-AGUDO/HRB/CHB;2026,0;5,0;42,0;440,0;13,0;3,230769230769231;33,84615384615385
HRBJA;UAVC-AGUDO/HRB/CHB;2026,0;6,0;37,0;381,0;13,0;2,8461538461538463;29,307692307692307
HRBJA;UAVC-AGUDO/HRB/CHB;2026,0;7,0;63,0;445,0;10,0;6,3;44,5
HRBJA;UAVC-AGUDO/HRB/CHB;2026,0;8,0;81,0;556,0;14,0;5,785714285714286;39,714285714285715
HRBJA;UCR-CIRURGICA/HRB/CHB;2026,0;2,0;0,0;0,0;1,0;0,0;0,0
HRBJA;UCR-CIRURGICA/HRB/CHB;2026,0;3,0;23,0;39,0;25,0;0,92;1,56
HRBJA;UCR-CIRURGICA/HRB/CHB;2026,0;4,0;33,0;176,0;28,0;1,1785714285714286;6,285714285714286
HRBJA;UCR-CIRURGICA/HRB/CHB;2026,0;5,0;21,0;47,0;30,0;0,7;1,5666666666666667
HRBJA;UCR-CIRURGICA/HRB/CHB;2026,0;6,0;21,0;94,0;23,0;0,9130434782608695;4,086956521739131
HRBJA;UCR-CIRURGICA/HRB/CHB;2026,0;7,0;26,0;193,0;20,0;1,3;9,65
HRBJA;UCR-CIRURGICA/HRB/CHB;2026,0;8,0;30,0;93,0;32,0;0,9375;2,90625
HRBJA;UNIDADE INTERNAÇÃO - CLINICA CIRURGICA;2019,0;1,0;138,0;729,0;69,0;2,0;10,565217391304348
HRBJA;UNIDADE INTERNAÇÃO - CLINICA CIRURGICA;2019,0;2,0;130,0;580,0;66,0;1,9696969696969697;8,787878787878787
HRBJA;UNIDADE INTERNAÇÃO - CLINICA CIRURGICA;2019,0;3,0;147,0;695,0;76,0;1,9342105263157894;9,144736842105264
HRBJA;UNIDADE INTERNAÇÃO - CLINICA CIRURGICA;2019,0;4,0;154,0;604,0;84,0;1,8333333333333333;7,190476190476191
HRBJA;UNIDADE INTERNAÇÃO - CLINICA CIRURGICA;2019,0;5,0;137,0;796,0;77,0;1,7792207792207793;10,337662337662337
HRBJA;UNIDADE INTERNAÇÃO - CLINICA CIRURGICA;2019,0;6,0;148,0;903,0;65,0;2,276923076923077;13,892307692307693
HRBJA;UNIDADE INTERNAÇÃO - CLINICA CIRURGICA;2019,0;7,0;160,0;887,0;69,0;2,318840579710145;12,855072463768115
HRBJA;UNIDADE INTERNAÇÃO - CLINICA CIRURGICA;2019,0;8,0;150,0;709,0;69,0;2,1739130434782608;10,27536231884058
HRBJA;UNIDADE INTERNAÇÃO - CLINICA CIRURGICA;2019,0;9,0;127,0;665,0;57,0;2,2280701754385963;11,666666666666666
HRBJA;UNIDADE INTERNAÇÃO - CLINICA CIRURGICA;2019,0;10,0;131,0;581,0;83,0;1,5783132530120483;7,0
HRBJA;UNIDADE INTERNAÇÃO - CLINICA CIRURGICA;2019,0;11,0;128,0;579,0;82,0;1,5609756097560976;7,060975609756097
HRBJA;UNIDADE INTERNAÇÃO - CLINICA CIRURGICA;2019,0;12,0;164,0;872,0;62,0;2,6451612903225805;14,064516129032258
HRBJA;UNIDADE INTERNAÇÃO - CLINICA CIRURGICA;2020,0;1,0;138,0;652,0;85,0;1,6235294117647059;7,670588235294118
HRBJA;UNIDADE INTERNAÇÃO - CLINICA CIRURGICA;2020,0;2,0;83,0;470,0;51,0;1,6274509803921569;9,215686274509803
HRBJA;UNIDADE INTERNAÇÃO - CLINICA CIRURGICA;2020,0;3,0;140,0;678,0;65,0;2,1538461538461537;10,430769230769231
HRBJA;UNIDADE INTERNAÇÃO - CLINICA CIRURGICA;2020,0;4,0;139,0;757,0;63,0;2,2063492063492065;12,015873015873016
HRBJA;UNIDADE INTERNAÇÃO - CLINICA CIRURGICA;2020,0;5,0;154,0;635,0;68,0;2,264705882352941;9,338235294117647
HRBJA;UNIDADE INTERNAÇÃO - CLINICA CIRURGICA;2020,0;6,0;140,0;579,0;75,0;1,8666666666666667;7,72
HRBJA;UNIDADE INTERNAÇÃO - CLINICA CIRURGICA;2020,0;7,0;171,0;1012,0;92,0;1,858695652173913;11,0
HRBJA;UNIDADE INTERNAÇÃO - CLINICA CIRURGICA;2020,0;8,0;148,0;607,0;91,0;1,6263736263736264;6,670329670329671
HRBJA;UNIDADE INTERNAÇÃO - CLINICA CIRURGICA;2020,0;9,0;129,0;1062,0;90,0;1,4333333333333333;11,8
HRBJA;UNIDADE INTERNAÇÃO - CLINICA CIRURGICA;2020,0;10,0;155,0;724,0;81,0;1,9135802469135803;8,938271604938272
HRBJA;UNIDADE INTERNAÇÃO - CLINICA CIRURGICA;2020,0;11,0;148,0;502,0;62,0;2,3870967741935485;8,096774193548388
HRBJA;UNIDADE INTERNAÇÃO - CLINICA CIRURGICA;2020,0;12,0;168,0;781,0;65,0;2,5846153846153848;12,015384615384615
HRBJA;UNIDADE INTERNAÇÃO - CLINICA CIRURGICA;2021,0;1,0;90,0;578,0;48,0;1,875;12,041666666666666
HRBJA;UNIDADE INTERNAÇÃO - CLINICA CIRURGICA;2021,0;2,0;108,0;579,0;57,0;1,894736842105263;10,157894736842104
HRBJA;UNIDADE INTERNAÇÃO - CLINICA CIRURGICA;2021,0;3,0;96,0;514,0;64,0;1,5;8,03125
HRBJA;UNIDADE INTERNAÇÃO - CLINICA CIRURGICA;2021,0;4,0;127,0;723,0;64,0;1,984375;11,296875
HRBJA;UNIDADE INTERNAÇÃO - CLINICA CIRURGICA;2021,0;5,0;135,0;726,0;86,0;1,569767441860465;8,44186046511628
HRBJA;UNIDADE INTERNAÇÃO - CLINICA CIRURGICA;2021,0;6,0;128,0;580,0;64,0;2,0;9,0625
HRBJA;UNIDADE INTERNAÇÃO - CLINICA CIRURGICA;2021,0;7,0;101,0;635,0;74,0;1,364864864864865;8,58108108108108
HRBJA;UNIDADE INTERNAÇÃO - CLINICA CIRURGICA;2021,0;8,0;140,0;626,0;72,0;1,9444444444444444;8,694444444444445
HRBJA;UNIDADE INTERNAÇÃO - CLINICA CIRURGICA;2021,0;9,0;154,0;742,0;58,0;2,6551724137931036;12,793103448275861
HRBJA;UNIDADE INTERNAÇÃO - CLINICA CIRURGICA;2021,0;10,0;125,0;746,0;62,0;2,0161290322580645;12,03225806451613
HRBJA;UNIDADE INTERNAÇÃO - CLINICA CIRURGICA;2021,0;11,0;130,0;595,0;66,0;1,9696969696969697;9,015151515151516
HRBJA;UNIDADE INTERNAÇÃO - CLINICA CIRURGICA;2021,0;12,0;128,0;681,0;74,0;1,7297297297297298;9,202702702702704
HRBJA;UNIDADE INTERNAÇÃO - CLINICA CIRURGICA;2022,0;1,0;99,0;503,0;51,0;1,9411764705882353;9,862745098039216
HRBJA;UNIDADE INTERNAÇÃO - CLINICA CIRURGICA;2022,0;2,0;91,0;657,0;65,0;1,4;10,107692307692307
HRBJA;UNIDADE INTERNAÇÃO - CLINICA CIRURGICA;2022,0;3,0;85,0;440,0;71,0;1,1971830985915493;6,197183098591549
HRBJA;UNIDADE INTERNAÇÃO - CLINICA CIRURGICA;2022,0;4,0;102,0;551,0;57,0;1,7894736842105263;9,666666666666666
HRBJA;UNIDADE INTERNAÇÃO - CLINICA CIRURGICA;2022,0;5,0;95,0;497,0;64,0;1,484375;7,765625
HRBJA;UNIDADE INTERNAÇÃO - CLINICA CIRURGICA;2022,0;6,0;113,0;937,0;55,0;2,0545454545454547;17,036363636363635
HRBJA;UNIDADE INTERNAÇÃO - CLINICA CIRURGICA;2022,0;7,0;114,0;617,0;76,0;1,5;8,118421052631579
HRBJA;UNIDADE INTERNAÇÃO - CLINICA CIRURGICA;2022,0;8,0;108,0;648,0;60,0;1,8;10,8
HRBJA;UNIDADE INTERNAÇÃO - CLINICA CIRURGICA;2022,0;9,0;128,0;998,0;75,0;1,7066666666666668;13,306666666666667
HRBJA;UNIDADE INTERNAÇÃO - CLINICA CIRURGICA;2022,0;10,0;103,0;517,0;71,0;1,4507042253521127;7,28169014084507
HRBJA;UNIDADE INTERNAÇÃO - CLINICA CIRURGICA;2022,0;11,0;125,0;876,0;56,0;2,232142857142857;15,642857142857142
HRBJA;UNIDADE INTERNAÇÃO - CLINICA CIRURGICA;2022,0;12,0;71,0;499,0;66,0;1,0757575757575757;7,5606060606060606
HRBJA;UNIDADE INTERNAÇÃO - CLINICA CIRURGICA;2023,0;1,0;129,0;681,0;63,0;2,0476190476190474;10,80952380952381
HRBJA;UNIDADE INTERNAÇÃO - CLINICA CIRURGICA;2023,0;2,0;95,0;652,0;49,0;1,9387755102040816;13,306122448979592
HRBJA;UNIDADE INTERNAÇÃO - CLINICA CIRURGICA;2023,0;3,0;71,0;577,0;58,0;1,2241379310344827;9,948275862068966
HRBJA;UNIDADE INTERNAÇÃO - CLINICA CIRURGICA;2023,0;4,0;85,0;558,0;65,0;1,3076923076923077;8,584615384615384
HRBJA;UNIDADE INTERNAÇÃO - CLINICA CIRURGICA;2023,0;5,0;63,0;643,0;46,0;1,3695652173913044;13,978260869565217
HRBJA;UNIDADE INTERNAÇÃO - CLINICA CIRURGICA;2023,0;6,0;107,0;575,0;64,0;1,671875;8,984375
HRBJA;UNIDADE INTERNAÇÃO - CLINICA CIRURGICA;2023,0;7,0;89,0;515,0;56,0;1,5892857142857142;9,196428571428571
HRBJA;UNIDADE INTERNAÇÃO - CLINICA CIRURGICA;2023,0;8,0;97,0;565,0;64,0;1,515625;8,828125
HRBJA;UNIDADE INTERNAÇÃO - CLINICA CIRURGICA;2023,0;9,0;92,0;593,0;68,0;1,3529411764705883;8,720588235294118
HRBJA;UNIDADE INTERNAÇÃO - CLINICA CIRURGICA;2023,0;10,0;81,0;456,0;54,0;1,5;8,444444444444445
HRBJA;UNIDADE INTERNAÇÃO - CLINICA CIRURGICA;2023,0;11,0;119,0;570,0;89,0;1,3370786516853932;6,404494382022472
HRBJA;UNIDADE INTERNAÇÃO - CLINICA CIRURGICA;2023,0;12,0;111,0;773,0;81,0;1,3703703703703705;9,54320987654321
HRBJA;UNIDADE INTERNAÇÃO - CLINICA CIRURGICA;2024,0;1,0;97,0;420,0;74,0;1,3108108108108107;5,675675675675675
HRBJA;UNIDADE INTERNAÇÃO - CLINICA CIRURGICA;2024,0;2,0;96,0;722,0;52,0;1,8461538461538463;13,884615384615385
HRBJA;UNIDADE INTERNAÇÃO - CLINICA CIRURGICA;2024,0;3,0;80,0;574,0;65,0;1,2307692307692308;8,830769230769231
HRBJA;UNIDADE INTERNAÇÃO - CLINICA CIRURGICA;2024,0;4,0;93,0;455,0;62,0;1,5;7,338709677419355
HRBJA;UNIDADE INTERNAÇÃO - CLINICA CIRURGICA;2024,0;5,0;115,0;666,0;97,0;1,1855670103092784;6,865979381443299
HRBJA;UNIDADE INTERNAÇÃO - CLINICA CIRURGICA;2024,0;6,0;139,0;669,0;63,0;2,2063492063492065;10,619047619047619
HRBJA;UNIDADE INTERNAÇÃO - CLINICA MÉDICA;2019,0;1,0;291,0;3852,0;110,0;2,6454545454545455;35,018181818181816
HRBJA;UNIDADE INTERNAÇÃO - CLINICA MÉDICA;2019,0;2,0;302,0;3923,0;103,0;2,9320388349514563;38,0873786407767
HRBJA;UNIDADE INTERNAÇÃO - CLINICA MÉDICA;2019,0;3,0;236,0;2300,0;101,0;2,3366336633663365;22,77227722772277
HRBJA;UNIDADE INTERNAÇÃO - CLINICA MÉDICA;2019,0;4,0;334,0;3234,0;109,0;3,0642201834862384;29,6697247706422
HRBJA;UNIDADE INTERNAÇÃO - CLINICA MÉDICA;2019,0;5,0;296,0;3577,0;110,0;2,690909090909091;32,518181818181816
HRBJA;UNIDADE INTERNAÇÃO - CLINICA MÉDICA;2019,0;6,0;341,0;3624,0;92,0;3,7065217391304346;39,391304347826086
HRBJA;UNIDADE INTERNAÇÃO - CLINICA MÉDICA;2019,0;7,0;302,0;4571,0;107,0;2,822429906542056;42,7196261682243
HRBJA;UNIDADE INTERNAÇÃO - CLINICA MÉDICA;2019,0;8,0;283,0;4037,0;112,0;2,5267857142857144;36,044642857142854
HRBJA;UNIDADE INTERNAÇÃO - CLINICA MÉDICA;2019,0;9,0;286,0;4610,0;105,0;2,723809523809524;43,904761904761905
HRBJA;UNIDADE INTERNAÇÃO - CLINICA MÉDICA;2019,0;10,0;342,0;4341,0;116,0;2,9482758620689653;37,422413793103445
HRBJA;UNIDADE INTERNAÇÃO - CLINICA MÉDICA;2019,0;11,0;266,0;4113,0;95,0;2,8;43,294736842105266
HRBJA;UNIDADE INTERNAÇÃO - CLINICA MÉDICA;2019,0;12,0;332,0;5090,0;99,0;3,3535353535353534;51,41414141414141
HRBJA;UNIDADE INTERNAÇÃO - CLINICA MÉDICA;2020,0;1,0;255,0;4392,0;101,0;2,5247524752475248;43,48514851485149
HRBJA;UNIDADE INTERNAÇÃO - CLINICA MÉDICA;2020,0;2,0;267,0;4001,0;101,0;2,6435643564356437;39,613861386138616
HRBJA;UNIDADE INTERNAÇÃO - CLINICA MÉDICA;2020,0;3,0;275,0;3677,0;104,0;2,644230769230769;35,35576923076923
HRBJA;UNIDADE INTERNAÇÃO - CLINICA MÉDICA;2020,0;4,0;290,0;4415,0;91,0;3,1868131868131866;48,51648351648352
HRBJA;UNIDADE INTERNAÇÃO - CLINICA MÉDICA;2020,0;5,0;304,0;4011,0;108,0;2,814814814814815;37,138888888888886
HRBJA;UNIDADE INTERNAÇÃO - CLINICA MÉDICA;2020,0;6,0;280,0;4538,0;113,0;2,47787610619469;40,15929203539823
HRBJA;UNIDADE INTERNAÇÃO - CLINICA MÉDICA;2020,0;7,0;340,0;4764,0;124,0;2,7419354838709675;38,41935483870968
HRBJA;UNIDADE INTERNAÇÃO - CLINICA MÉDICA;2020,0;8,0;277,0;4080,0;118,0;2,347457627118644;34,57627118644068
HRBJA;UNIDADE INTERNAÇÃO - CLINICA MÉDICA;2020,0;9,0;309,0;5201,0;107,0;2,8878504672897196;48,60747663551402
HRBJA;UNIDADE INTERNAÇÃO - CLINICA MÉDICA;2020,0;10,0;261,0;5063,0;113,0;2,309734513274336;44,80530973451327
HRBJA;UNIDADE INTERNAÇÃO - CLINICA MÉDICA;2020,0;11,0;324,0;4837,0;117,0;2,769230769230769;41,34188034188034
HRBJA;UNIDADE INTERNAÇÃO - CLINICA MÉDICA;2020,0;12,0;269,0;4132,0;109,0;2,467889908256881;37,908256880733944
HRBJA;UNIDADE INTERNAÇÃO - CLINICA MÉDICA;2021,0;1,0;249,0;4017,0;109,0;2,2844036697247705;36,85321100917431
HRBJA;UNIDADE INTERNAÇÃO - CLINICA MÉDICA;2021,0;2,0;229,0;4191,0;99,0;2,313131313131313;42,333333333333336
HRBJA;UNIDADE INTERNAÇÃO - CLINICA MÉDICA;2021,0;3,0;334,0;4948,0;118,0;2,830508474576271;41,932203389830505
HRBJA;UNIDADE INTERNAÇÃO - CLINICA MÉDICA;2021,0;4,0;322,0;5298,0;129,0;2,496124031007752;41,06976744186046
HRBJA;UNIDADE INTERNAÇÃO - CLINICA MÉDICA;2021,0;5,0;345,0;5804,0;111,0;3,108108108108108;52,288288288288285
HRBJA;UNIDADE INTERNAÇÃO - CLINICA MÉDICA;2021,0;6,0;320,0;5926,0;125,0;2,56;47,408
HRBJA;UNIDADE INTERNAÇÃO - CLINICA MÉDICA;2021,0;7,0;381,0;6408,0;131,0;2,9083969465648853;48,916030534351144
HRBJA;UNIDADE INTERNAÇÃO - CLINICA MÉDICA;2021,0;8,0;343,0;5783,0;118,0;2,906779661016949;49,00847457627118
HRBJA;UNIDADE INTERNAÇÃO - CLINICA MÉDICA;2021,0;9,0;323,0;6226,0;118,0;2,73728813559322;52,76271186440678
HRBJA;UNIDADE INTERNAÇÃO - CLINICA MÉDICA;2021,0;10,0;336,0;6966,0;116,0;2,896551724137931;60,05172413793103
HRBJA;UNIDADE INTERNAÇÃO - CLINICA MÉDICA;2021,0;11,0;321,0;4853,0;106,0;3,0283018867924527;45,783018867924525
HRBJA;UNIDADE INTERNAÇÃO - CLINICA MÉDICA;2021,0;12,0;301,0;5261,0;112,0;2,6875;46,973214285714285
HRBJA;UNIDADE INTERNAÇÃO - CLINICA MÉDICA;2022,0;1,0;325,0;5877,0;119,0;2,73109243697479;49,38655462184874
HRBJA;UNIDADE INTERNAÇÃO - CLINICA MÉDICA;2022,0;2,0;360,0;5621,0;84,0;4,285714285714286;66,91666666666667
HRBJA;UNIDADE INTERNAÇÃO - CLINICA MÉDICA;2022,0;3,0;371,0;5439,0;119,0;3,1176470588235294;45,705882352941174
HRBJA;UNIDADE INTERNAÇÃO - CLINICA MÉDICA;2022,0;4,0;361,0;5622,0;100,0;3,61;56,22
HRBJA;UNIDADE INTERNAÇÃO - CLINICA MÉDICA;2022,0;5,0;338,0;6543,0;117,0;2,888888888888889;55,92307692307692
HRBJA;UNIDADE INTERNAÇÃO - CLINICA MÉDICA;2022,0;6,0;374,0;7147,0;107,0;3,4953271028037385;66,79439252336448
HRBJA;UNIDADE INTERNAÇÃO - CLINICA MÉDICA;2022,0;7,0;328,0;7412,0;144,0;2,2777777777777777;51,47222222222222
HRBJA;UNIDADE INTERNAÇÃO - CLINICA MÉDICA;2022,0;8,0;313,0;6522,0;143,0;2,1888111888111887;45,60839160839161
HRBJA;UNIDADE INTERNAÇÃO - CLINICA MÉDICA;2022,0;9,0;280,0;6297,0;122,0;2,2950819672131146;51,614754098360656
HRBJA;UNIDADE INTERNAÇÃO - CLINICA MÉDICA;2022,0;10,0;300,0;7944,0;109,0;2,7522935779816513;72,88073394495413
HRBJA;UNIDADE INTERNAÇÃO - CLINICA MÉDICA;2022,0;11,0;281,0;6482,0;105,0;2,676190476190476;61,733333333333334
HRBJA;UNIDADE INTERNAÇÃO - CLINICA MÉDICA;2022,0;12,0;329,0;7317,0;129,0;2,550387596899225;56,72093023255814
HRBJA;UNIDADE INTERNAÇÃO - CLINICA MÉDICA;2023,0;1,0;289,0;4977,0;121,0;2,3884297520661155;41,13223140495868
HRBJA;UNIDADE INTERNAÇÃO - CLINICA MÉDICA;2023,0;2,0;237,0;5998,0;107,0;2,2149532710280373;56,05607476635514
HRBJA;UNIDADE INTERNAÇÃO - CLINICA MÉDICA;2023,0;3,0;360,0;7182,0;118,0;3,0508474576271185;60,86440677966102
HRBJA;UNIDADE INTERNAÇÃO - CLINICA MÉDICA;2023,0;4,0;324,0;6497,0;135,0;2,4;48,12592592592593
HRBJA;UNIDADE INTERNAÇÃO - CLINICA MÉDICA;2023,0;5,0;390,0;7023,0;136,0;2,8676470588235294;51,63970588235294
HRBJA;UNIDADE INTERNAÇÃO - CLINICA MÉDICA;2023,0;6,0;349,0;7567,0;136,0;2,5661764705882355;55,63970588235294
HRBJA;UNIDADE INTERNAÇÃO - CLINICA MÉDICA;2023,0;7,0;409,0;7945,0;129,0;3,1705426356589146;61,58914728682171
HRBJA;UNIDADE INTERNAÇÃO - CLINICA MÉDICA;2023,0;8,0;383,0;8210,0;140,0;2,7357142857142858;58,642857142857146
HRBJA;UNIDADE INTERNAÇÃO - CLINICA MÉDICA;2023,0;9,0;357,0;7841,0;129,0;2,7674418604651163;60,78294573643411
HRBJA;UNIDADE INTERNAÇÃO - CLINICA MÉDICA;2023,0;10,0;406,0;8811,0;121,0;3,355371900826446;72,81818181818181
HRBJA;UNIDADE INTERNAÇÃO - CLINICA MÉDICA;2023,0;11,0;337,0;7720,0;136,0;2,4779411764705883;56,76470588235294
HRBJA;UNIDADE INTERNAÇÃO - CLINICA MÉDICA;2023,0;12,0;413,0;9205,0;141,0;2,9290780141843973;65,28368794326241
HRBJA;UNIDADE INTERNAÇÃO - CLINICA MÉDICA;2024,0;1,0;316,0;6111,0;169,0;1,8698224852071006;36,15976331360947
HRBJA;UNIDADE INTERNAÇÃO - CLINICA MÉDICA;2024,0;2,0;317,0;5517,0;151,0;2,0993377483443707;36,5364238410596
HRBJA;UNIDADE INTERNAÇÃO - CLINICA MÉDICA;2024,0;3,0;400,0;7619,0;144,0;2,7777777777777777;52,90972222222222
HRBJA;UNIDADE INTERNAÇÃO - CLINICA MÉDICA;2024,0;4,0;366,0;6045,0;142,0;2,5774647887323945;42,570422535211264
HRBJA;UNIDADE INTERNAÇÃO - CLINICA MÉDICA;2024,0;5,0;270,0;6217,0;121,0;2,231404958677686;51,3801652892562
HRBJA;UNIDADE INTERNAÇÃO - CLINICA MÉDICA;2024,0;6,0;246,0;4569,0;84,0;2,9285714285714284;54,392857142857146
HRBJA;UNIDADE INTERNAÇÃO - CLINICA MÉDICA COVID-19;2020,0;7,0;15,0;188,0;20,0;0,75;9,4
HRBJA;UNIDADE INTERNAÇÃO - CLINICA MÉDICA COVID-19;2020,0;8,0;6,0;119,0;10,0;0,6;11,9
HRBJA;UNIDADE INTERNAÇÃO - CLINICA MÉDICA COVID-19;2020,0;9,0;5,0;61,0;15,0;0,3333333333333333;4,066666666666666
HRBJA;UNIDADE INTERNAÇÃO - CLINICA MÉDICA COVID-19;2020,0;10,0;3,0;75,0;1,0;3,0;75,0
HRBJA;UTI;2019,0;1,0;328,0;3801,0;6,0;54,666666666666664;633,5
HRBJA;UTI;2019,0;2,0;280,0;3169,0;2,0;140,0;1584,5
HRBJA;UTI;2019,0;3,0;270,0;3893,0;6,0;45,0;648,8333333333334
HRBJA;UTI;2019,0;4,0;262,0;3740,0;5,0;52,4;748,0
HRBJA;UTI;2019,0;5,0;230,0;3467,0;7,0;32,857142857142854;495,2857142857143
HRBJA;UTI;2019,0;6,0;182,0;3333,0;4,0;45,5;833,25
HRBJA;UTI;2019,0;7,0;233,0;3458,0;8,0;29,125;432,25
HRBJA;UTI;2019,0;8,0;285,0;3419,0;7,0;40,714285714285715;488,42857142857144
HRBJA;UTI;2019,0;9,0;285,0;4308,0;5,0;57,0;861,6
HRBJA;UTI;2019,0;10,0;312,0;4131,0;8,0;39,0;516,375
HRBJA;UTI;2019,0;11,0;358,0;3901,0;6,0;59,666666666666664;650,1666666666666
HRBJA;UTI;2019,0;12,0;273,0;4076,0;5,0;54,6;815,2
HRBJA;UTI;2020,0;1,0;303,0;4376,0;8,0;37,875;547,0
HRBJA;UTI;2020,0;2,0;266,0;4076,0;7,0;38,0;582,2857142857143
HRBJA;UTI;2020,0;3,0;376,0;4693,0;15,0;25,066666666666666;312,8666666666667
HRBJA;UTI;2020,0;4,0;319,0;4295,0;11,0;29,0;390,45454545454544
HRBJA;UTI;2020,0;5,0;377,0;4438,0;17,0;22,176470588235293;261,05882352941177
HRBJA;UTI;2020,0;6,0;270,0;4339,0;12,0;22,5;361,5833333333333
HRBJA;UTI;2020,0;7,0;255,0;4031,0;10,0;25,5;403,1
HRBJA;UTI;2020,0;8,0;282,0;3654,0;10,0;28,2;365,4
HRBJA;UTI;2020,0;9,0;323,0;3370,0;2,0;161,5;1685,0
HRBJA;UTI;2020,0;10,0;268,0;3378,0;8,0;33,5;422,25
HRBJA;UTI;2020,0;11,0;279,0;3322,0;9,0;31,0;369,1111111111111
HRBJA;UTI;2020,0;12,0;270,0;3165,0;15,0;18,0;211,0
HRBJA;UTI;2021,0;1,0;264,0;3015,0;8,0;33,0;376,875
HRBJA;UTI;2021,0;2,0;341,0;3754,0;10,0;34,1;375,4
HRBJA;UTI;2021,0;3,0;323,0;4032,0;8,0;40,375;504,0
HRBJA;UTI;2021,0;4,0;287,0;4160,0;11,0;26,09090909090909;378,1818181818182
HRBJA;UTI;2021,0;5,0;260,0;3269,0;4,0;65,0;817,25
HRBJA;UTI - ADULTO;2021,0;5,0;48,0;575,0;1,0;48,0;575,0
HRBJA;UTI - ADULTO;2021,0;6,0;282,0;3905,0;10,0;28,2;390,5
HRBJA;UTI - ADULTO;2021,0;7,0;333,0;3809,0;7,0;47,57142857142857;544,1428571428571
HRBJA;UTI - ADULTO;2021,0;8,0;285,0;3692,0;6,0;47,5;615,3333333333334
HRBJA;UTI - ADULTO;2021,0;9,0;268,0;3801,0;4,0;67,0;950,25
HRBJA;UTI - ADULTO;2021,0;10,0;312,0;3925,0;10,0;31,2;392,5
HRBJA;UTI - ADULTO;2021,0;11,0;386,0;3960,0;9,0;42,888888888888886;440,0
HRBJA;UTI - ADULTO;2021,0;12,0;325,0;4243,0;8,0;40,625;530,375
HRBJA;UTI - ADULTO;2022,0;1,0;311,0;3819,0;11,0;28,272727272727273;347,1818181818182
HRBJA;UTI - ADULTO;2022,0;2,0;272,0;3381,0;6,0;45,333333333333336;563,5
HRBJA;UTI - ADULTO;2022,0;3,0;364,0;5067,0;6,0;60,666666666666664;844,5
HRBJA;UTI - ADULTO;2022,0;4,0;342,0;4122,0;7,0;48,857142857142854;588,8571428571429
HRBJA;UTI - ADULTO;2022,0;5,0;363,0;4476,0;9,0;40,333333333333336;497,3333333333333
HRBJA;UTI - ADULTO;2022,0;6,0;329,0;4204,0;4,0;82,25;1051,0
HRBJA;UTI - ADULTO;2022,0;7,0;386,0;4344,0;6,0;64,33333333333333;724,0
HRBJA;UTI - ADULTO;2022,0;8,0;400,0;4645,0;8,0;50,0;580,625
HRBJA;UTI - ADULTO;2022,0;9,0;300,0;4176,0;8,0;37,5;522,0
HRBJA;UTI - ADULTO;2022,0;10,0;310,0;4034,0;6,0;51,666666666666664;672,3333333333334
HRBJA;UTI - ADULTO;2022,0;11,0;303,0;4078,0;2,0;151,5;2039,0
HRBJA;UTI - ADULTO;2022,0;12,0;346,0;4122,0;7,0;49,42857142857143;588,8571428571429
HRBJA;UTI - ADULTO;2023,0;1,0;345,0;4866,0;8,0;43,125;608,25
HRBJA;UTI - ADULTO;2023,0;2,0;272,0;4500,0;8,0;34,0;562,5
HRBJA;UTI - ADULTO;2023,0;3,0;369,0;4433,0;9,0;41,0;492,55555555555554
HRBJA;UTI - ADULTO;2023,0;4,0;391,0;4167,0;3,0;130,33333333333334;1389,0
HRBJA;UTI - ADULTO;2023,0;5,0;413,0;5250,0;4,0;103,25;1312,5
HRBJA;UTI - ADULTO;2023,0;6,0;398,0;5321,0;12,0;33,166666666666664;443,4166666666667
HRBJA;UTI - ADULTO;2023,0;7,0;480,0;4873,0;6,0;80,0;812,1666666666666
HRBJA;UTI - ADULTO;2023,0;8,0;507,0;5461,0;7,0;72,42857142857143;780,1428571428571
HRBJA;UTI - ADULTO;2023,0;9,0;406,0;5217,0;6,0;67,66666666666667;869,5
HRBJA;UTI - ADULTO;2023,0;10,0;438,0;5610,0;6,0;73,0;935,0
HRBJA;UTI - ADULTO;2023,0;11,0;465,0;5114,0;9,0;51,666666666666664;568,2222222222222
HRBJA;UTI - ADULTO;2023,0;12,0;421,0;4809,0;9,0;46,77777777777778;534,3333333333334
HRBJA;UTI - ADULTO;2024,0;1,0;499,0;5568,0;9,0;55,44444444444444;618,6666666666666
HRBJA;UTI - ADULTO;2024,0;2,0;385,0;4858,0;6,0;64,16666666666667;809,6666666666666
HRBJA;UTI - ADULTO;2024,0;3,0;183,0;5887,0;5,0;36,6;1177,4
HRBJA;UTI - ADULTO;2024,0;4,0;184,0;4617,0;8,0;23,0;577,125
HRBJA;UTI - ADULTO;2024,0;5,0;241,0;5280,0;6,0;40,166666666666664;880,0
HRBJA;UTI - ADULTO;2024,0;6,0;191,0;4428,0;8,0;23,875;553,5
HRBJA;UTI ADULTO/HRB/CHB;2024,0;6,0;18,0;932,0;2,0;9,0;466,0
HRBJA;UTI ADULTO/HRB/CHB;2024,0;7,0;60,0;2573,0;15,0;4,0;171,53333333333333
HRBJA;UTI ADULTO/HRB/CHB;2024,0;8,0;38,0;1800,0;13,0;2,923076923076923;138,46153846153845
HRBJA;UTI ADULTO/HRB/CHB;2024,0;9,0;78,0;2357,0;9,0;8,666666666666666;261,8888888888889
HRBJA;UTI ADULTO/HRB/CHB;2024,0;10,0;79,0;3565,0;14,0;5,642857142857143;254,64285714285714
HRBJA;UTI ADULTO/HRB/CHB;2024,0;11,0;79,0;3089,0;11,0;7,181818181818182;280,8181818181818
HRBJA;UTI ADULTO/HRB/CHB;2024,0;12,0;101,0;2832,0;15,0;6,733333333333333;188,8
HRBJA;UTI ADULTO/HRB/CHB;2025,0;1,0;112,0;4408,0;26,0;4,3076923076923075;169,53846153846155
HRBJA;UTI ADULTO/HRB/CHB;2025,0;2,0;100,0;4637,0;16,0;6,25;289,8125
HRBJA;UTI ADULTO/HRB/CHB;2025,0;3,0;172,0;5360,0;26,0;6,615384615384615;206,15384615384616
HRBJA;UTI ADULTO/HRB/CHB;2025,0;4,0;115,0;4149,0;15,0;7,666666666666667;276,6
HRBJA;UTI ADULTO/HRB/CHB;2025,0;5,0;165,0;5358,0;27,0;6,111111111111111;198,44444444444446
HRBJA;UTI ADULTO/HRB/CHB;2025,0;6,0;131,0;4771,0;25,0;5,24;190,84
HRBJA;UTI ADULTO/HRB/CHB;2025,0;7,0;104,0;3372,0;22,0;4,7272727272727275;153,27272727272728
HRBJA;UTI ADULTO/HRB/CHB;2025,0;8,0;159,0;4795,0;23,0;6,913043478260869;208,47826086956522
HRBJA;UTI ADULTO/HRB/CHB;2025,0;9,0;153,0;4009,0;18,0;8,5;222,72222222222223
HRBJA;UTI ADULTO/HRB/CHB;2025,0;10,0;156,0;4449,0;22,0;7,090909090909091;202,22727272727272
HRBJA;UTI ADULTO/HRB/CHB;2025,0;11,0;138,0;3710,0;17,0;8,117647058823529;218,23529411764707
HRBJA;UTI ADULTO/HRB/CHB;2025,0;12,0;123,0;3341,0;20,0;6,15;167,05
HRBJA;UTI ADULTO/HRB/CHB;2026,0;1,0;130,0;3870,0;19,0;6,842105263157895;203,68421052631578
HRBJA;UTI ADULTO/HRB/CHB;2026,0;2,0;142,0;3809,0;22,0;6,454545454545454;173,13636363636363
HRBJA;UTI ADULTO/HRB/CHB;2026,0;3,0;157,0;3716,0;22,0;7,136363636363637;168,9090909090909
HRBJA;UTI ADULTO/HRB/CHB;2026,0;4,0;82,0;2751,0;24,0;3,4166666666666665;114,625
HRBJA;UTI ADULTO/HRB/CHB;2026,0;5,0;162,0;4251,0;24,0;6,75;177,125
HRBJA;UTI ADULTO/HRB/CHB;2026,0;6,0;109,0;3586,0;15,0;7,266666666666667;239,06666666666666
HRBJA;UTI ADULTO/HRB/CHB;2026,0;7,0;121,0;4324,0;20,0;6,05;216,2
HRBJA;UTI ADULTO/HRB/CHB;2026,0;8,0;153,0;3976,0;26,0;5,884615384615385;152,92307692307693
HRBJA;UTI COVID-19;2020,0;7,0;3,0;64,0;4,0;0,75;16,0
HRBJA;UTI COVID-19;2020,0;8,0;4,0;68,0;5,0;0,8;13,6
HRBJA;UTI COVID-19;2020,0;9,0;7,0;141,0;4,0;1,75;35,25
HRBJA;UTI COVID-19;2020,0;10,0;0,0;0,0;1,0;0,0;0,0
HRBJA;UUE/INTERNAÇÃO/HRB/CHB;2024,0;6,0;13,0;635,0;9,0;1,4444444444444444;70,55555555555556
HRBJA;UUE/INTERNAÇÃO/HRB/CHB;2024,0;7,0;266,0;6727,0;128,0;2,078125;52,5546875
HRBJA;UUE/INTERNAÇÃO/HRB/CHB;2024,0;8,0;275,0;6973,0;176,0;1,5625;39,61931818181818
HRBJA;UUE/INTERNAÇÃO/HRB/CHB;2024,0;9,0;194,0;5562,0;171,0;1,1345029239766082;32,526315789473685
HRBJA;UUE/INTERNAÇÃO/HRB/CHB;2024,0;10,0;139,0;2637,0;63,0;2,2063492063492065;41,857142857142854
HRBJA;UUE/INTERNAÇÃO/HRB/CHB;2024,0;11,0;28,0;530,0;12,0;2,3333333333333335;44,166666666666664
HRBJA;UUE/INTERNAÇÃO/HRB/CHB;2024,0;12,0;19,0;356,0;12,0;1,5833333333333333;29,666666666666668
HRBJA;UUE/INTERNAÇÃO/HRB/CHB;2025,0;1,0;47,0;355,0;22,0;2,1363636363636362;16,136363636363637
HRBJA;UUE/INTERNAÇÃO/HRB/CHB;2025,0;2,0;47,0;387,0;37,0;1,2702702702702702;10,45945945945946
HRBJA;UUE/INTERNAÇÃO/HRB/CHB;2025,0;3,0;64,0;407,0;42,0;1,5238095238095237;9,69047619047619
HRBJA;UUE/INTERNAÇÃO/HRB/CHB;2025,0;4,0;54,0;562,0;39,0;1,3846153846153846;14,41025641025641
HRBJA;UUE/INTERNAÇÃO/HRB/CHB;2025,0;5,0;40,0;626,0;27,0;1,4814814814814814;23,185185185185187
HRBJA;UUE/INTERNAÇÃO/HRB/CHB;2025,0;6,0;26,0;315,0;24,0;1,0833333333333333;13,125
HRBJA;UUE/INTERNAÇÃO/HRB/CHB;2025,0;7,0;70,0;437,0;41,0;1,7073170731707317;10,658536585365853
HRBJA;UUE/INTERNAÇÃO/HRB/CHB;2025,0;8,0;56,0;459,0;30,0;1,8666666666666667;15,3
HRBJA;UUE/INTERNAÇÃO/HRB/CHB;2025,0;9,0;105,0;1054,0;42,0;2,5;25,095238095238095
HRBJA;UUE/INTERNAÇÃO/HRB/CHB;2025,0;10,0;91,0;1286,0;42,0;2,1666666666666665;30,61904761904762
HRBJA;UUE/INTERNAÇÃO/HRB/CHB;2025,0;11,0;57,0;468,0;41,0;1,3902439024390243;11,414634146341463
HRBJA;UUE/INTERNAÇÃO/HRB/CHB;2025,0;12,0;84,0;669,0;39,0;2,1538461538461537;17,153846153846153
HRBJA;UUE/INTERNAÇÃO/HRB/CHB;2026,0;1,0;110,0;880,0;49,0;2,2448979591836733;17,959183673469386
HRBJA;UUE/INTERNAÇÃO/HRB/CHB;2026,0;2,0;99,0;955,0;47,0;2,106382978723404;20,319148936170212
HRBJA;UUE/INTERNAÇÃO/HRB/CHB;2026,0;3,0;10,0;123,0;5,0;2,0;24,6
HRJP;ALOJAMENTO CONJUNTO;2021,0;3,0;28,0;287,0;61,0;0,45901639344262296;4,704918032786885
HRJP;ALOJAMENTO CONJUNTO;2021,0;4,0;91,0;831,0;138,0;0,6594202898550725;6,021739130434782
HRJP;ALOJAMENTO CONJUNTO;2021,0;5,0;60,0;902,0;147,0;0,40816326530612246;6,136054421768708
HRJP;ALOJAMENTO CONJUNTO;2021,0;6,0;89,0;889,0;119,0;0,7478991596638656;7,470588235294118
HRJP;ALOJAMENTO CONJUNTO;2021,0;7,0;45,0;545,0;127,0;0,3543307086614173;4,291338582677166
HRJP;ALOJAMENTO CONJUNTO;2021,0;8,0;64,0;560,0;144,0;0,4444444444444444;3,888888888888889
HRJP;ALOJAMENTO CONJUNTO;2021,0;9,0;96,0;566,0;144,0;0,6666666666666666;3,9305555555555554
HRJP;ALOJAMENTO CONJUNTO;2021,0;10,0;73,0;585,0;123,0;0,5934959349593496;4,7560975609756095
HRJP;ALOJAMENTO CONJUNTO;2021,0;11,0;60,0;513,0;130,0;0,46153846153846156;3,9461538461538463
HRJP;ALOJAMENTO CONJUNTO;2021,0;12,0;82,0;560,0;127,0;0,6456692913385826;4,409448818897638
HRJP;ALOJAMENTO CONJUNTO;2022,0;1,0;80,0;757,0;140,0;0,5714285714285714;5,4071428571428575
HRJP;ALOJAMENTO CONJUNTO;2022,0;2,0;55,0;425,0;136,0;0,40441176470588236;3,125
HRJP;ALOJAMENTO CONJUNTO;2022,0;3,0;67,0;478,0;135,0;0,4962962962962963;3,5407407407407407
HRJP;ALOJAMENTO CONJUNTO;2022,0;4,0;83,0;532,0;152,0;0,5460526315789473;3,5
HRJP;ALOJAMENTO CONJUNTO;2022,0;5,0;96,0;548,0;142,0;0,676056338028169;3,859154929577465
HRJP;ALOJAMENTO CONJUNTO;2022,0;6,0;119,0;480,0;119,0;1,0;4,033613445378151
HRJP;ALOJAMENTO CONJUNTO;2022,0;7,0;57,0;485,0;137,0;0,41605839416058393;3,54014598540146
HRJP;ALOJAMENTO CONJUNTO;2022,0;8,0;75,0;495,0;120,0;0,625;4,125
HRJP;ALOJAMENTO CONJUNTO;2022,0;9,0;40,0;450,0;115,0;0,34782608695652173;3,9130434782608696
HRJP;ALOJAMENTO CONJUNTO;2022,0;10,0;43,0;401,0;102,0;0,4215686274509804;3,9313725490196076
HRJP;ALOJAMENTO CONJUNTO;2022,0;11,0;72,0;490,0;110,0;0,6545454545454545;4,454545454545454
HRJP;ALOJAMENTO CONJUNTO;2022,0;12,0;51,0;421,0;125,0;0,408;3,368
HRJP;ALOJAMENTO CONJUNTO;2023,0;1,0;68,0;426,0;128,0;0,53125;3,328125
HRJP;ALOJAMENTO CONJUNTO;2023,0;2,0;47,0;375,0;123,0;0,3821138211382114;3,048780487804878
HRJP;ALOJAMENTO CONJUNTO;2023,0;3,0;75,0;527,0;126,0;0,5952380952380952;4,182539682539683
HRJP;ALOJAMENTO CONJUNTO;2023,0;4,0;56,0;366,0;140,0;0,4;2,6142857142857143
HRJP;ALOJAMENTO CONJUNTO;2023,0;5,0;62,0;726,0;152,0;0,40789473684210525;4,776315789473684
HRJP;ALOJAMENTO CONJUNTO;2023,0;6,0;49,0;464,0;129,0;0,3798449612403101;3,5968992248062017
HRJP;ALOJAMENTO CONJUNTO;2023,0;7,0;57,0;456,0;139,0;0,41007194244604317;3,2805755395683454
HRJP;ALOJAMENTO CONJUNTO;2023,0;8,0;86,0;544,0;122,0;0,7049180327868853;4,459016393442623
HRJP;ALOJAMENTO CONJUNTO;2023,0;9,0;82,0;536,0;124,0;0,6612903225806451;4,32258064516129
HRJP;ALOJAMENTO CONJUNTO;2023,0;10,0;68,0;549,0;136,0;0,5;4,036764705882353
HRJP;ALOJAMENTO CONJUNTO;2023,0;11,0;65,0;497,0;134,0;0,48507462686567165;3,708955223880597
HRJP;ALOJAMENTO CONJUNTO;2023,0;12,0;78,0;680,0;123,0;0,6341463414634146;5,528455284552845
HRJP;ALOJAMENTO CONJUNTO;2024,0;1,0;82,0;596,0;143,0;0,5734265734265734;4,1678321678321675
HRJP;ALOJAMENTO CONJUNTO;2024,0;2,0;73,0;539,0;126,0;0,5793650793650794;4,277777777777778
HRJP;ALOJAMENTO CONJUNTO;2024,0;3,0;76,0;460,0;131,0;0,5801526717557252;3,5114503816793894
HRJP;ALOJAMENTO CONJUNTO;2024,0;4,0;70,0;482,0;127,0;0,5511811023622047;3,795275590551181
HRJP;ALOJAMENTO CONJUNTO;2024,0;5,0;58,0;565,0;138,0;0,42028985507246375;4,094202898550725
HRJP;ALOJAMENTO CONJUNTO;2024,0;6,0;80,0;613,0;142,0;0,5633802816901409;4,316901408450704
HRJP;ALOJAMENTO CONJUNTO;2024,0;7,0;52,0;466,0;124,0;0,41935483870967744;3,7580645161290325
HRJP;ALOJAMENTO CONJUNTO;2024,0;8,0;60,0;381,0;128,0;0,46875;2,9765625
HRJP;ALOJAMENTO CONJUNTO;2024,0;9,0;55,0;653,0;149,0;0,3691275167785235;4,382550335570469
HRJP;ALOJAMENTO CONJUNTO;2024,0;10,0;98,0;714,0;139,0;0,7050359712230215;5,136690647482014
HRJP;ALOJAMENTO CONJUNTO;2024,0;11,0;7,0;34,0;19,0;0,3684210526315789;1,7894736842105263
HRJP;ALOJAMENTO CONJUNTO /UNIDADE DE INTERNAÇÃO;2024,0;11,0;45,0;474,0;112,0;0,4017857142857143;4,232142857142857
HRJP;ALOJAMENTO CONJUNTO /UNIDADE DE INTERNAÇÃO;2024,0;12,0;85,0;668,0;122,0;0,6967213114754098;5,475409836065574
HRJP;ALOJAMENTO CONJUNTO /UNIDADE DE INTERNAÇÃO;2025,0;1,0;73,0;637,0;134,0;0,5447761194029851;4,753731343283582
HRJP;ALOJAMENTO CONJUNTO /UNIDADE DE INTERNAÇÃO;2025,0;2,0;83,0;880,0;119,0;0,6974789915966386;7,394957983193278
HRJP;ALOJAMENTO CONJUNTO /UNIDADE DE INTERNAÇÃO;2025,0;3,0;97,0;1084,0;173,0;0,5606936416184971;6,265895953757226
HRJP;ALOJAMENTO CONJUNTO /UNIDADE DE INTERNAÇÃO;2025,0;4,0;123,0;1042,0;156,0;0,7884615384615384;6,67948717948718
HRJP;ALOJAMENTO CONJUNTO /UNIDADE DE INTERNAÇÃO;2025,0;5,0;108,0;1092,0;162,0;0,6666666666666666;6,7407407407407405
HRJP;ALOJAMENTO CONJUNTO /UNIDADE DE INTERNAÇÃO;2025,0;6,0;97,0;886,0;157,0;0,6178343949044586;5,643312101910828
HRJP;ALOJAMENTO CONJUNTO /UNIDADE DE INTERNAÇÃO;2025,0;7,0;96,0;915,0;156,0;0,6153846153846154;5,865384615384615
HRJP;ALOJAMENTO CONJUNTO /UNIDADE DE INTERNAÇÃO;2025,0;8,0;140,0;1046,0;161,0;0,8695652173913043;6,496894409937888
HRJP;ALOJAMENTO CONJUNTO /UNIDADE DE INTERNAÇÃO;2025,0;9,0;108,0;830,0;140,0;0,7714285714285715;5,928571428571429
HRJP;ALOJAMENTO CONJUNTO /UNIDADE DE INTERNAÇÃO;2025,0;10,0;139,0;1141,0;161,0;0,8633540372670807;7,086956521739131
HRJP;ALOJAMENTO CONJUNTO /UNIDADE DE INTERNAÇÃO;2025,0;11,0;121,0;1026,0;157,0;0,7707006369426752;6,535031847133758
HRJP;ALOJAMENTO CONJUNTO /UNIDADE DE INTERNAÇÃO;2025,0;12,0;154,0;1156,0;149,0;1,0335570469798658;7,758389261744966
HRJP;ALOJAMENTO CONJUNTO /UNIDADE DE INTERNAÇÃO;2026,0;1,0;228,0;1435,0;170,0;1,3411764705882352;8,441176470588236
HRJP;ALOJAMENTO CONJUNTO /UNIDADE DE INTERNAÇÃO;2026,0;2,0;137,0;1093,0;156,0;0,8782051282051282;7,006410256410256
HRJP;ALOJAMENTO CONJUNTO /UNIDADE DE INTERNAÇÃO;2026,0;3,0;123,0;1183,0;156,0;0,7884615384615384;7,583333333333333
HRJP;ALOJAMENTO CONJUNTO /UNIDADE DE INTERNAÇÃO;2026,0;4,0;151,0;1318,0;180,0;0,8388888888888889;7,322222222222222
HRJP;ALOJAMENTO CONJUNTO /UNIDADE DE INTERNAÇÃO;2026,0;5,0;86,0;842,0;166,0;0,5180722891566265;5,072289156626506
HRJP;ALOJAMENTO CONJUNTO /UNIDADE DE INTERNAÇÃO;2026,0;6,0;127,0;758,0;141,0;0,900709219858156;5,375886524822695
HRJP;ALOJAMENTO CONJUNTO /UNIDADE DE INTERNAÇÃO;2026,0;7,0;185,0;1247,0;153,0;1,2091503267973855;8,15032679738562
HRJP;ALOJAMENTO CONJUNTO /UNIDADE DE INTERNAÇÃO;2026,0;8,0;152,0;1094,0;171,0;0,8888888888888888;6,39766081871345
HRJP;BLOCO CIRURGICO;2019,0;1,0;3,0;0,0;2,0;1,5;0,0
HRJP;BLOCO CIRURGICO;2019,0;5,0;0,0;0,0;1,0;0,0;0,0
HRJP;BLOCO CIRURGICO;2019,0;9,0;0,0;0,0;1,0;0,0;0,0
HRJP;BLOCO CIRURGICO;2020,0;11,0;0,0;1,0;1,0;0,0;1,0
HRJP;BLOCO CIRURGICO;2020,0;12,0;0,0;0,0;3,0;0,0;0,0
HRJP;BLOCO CIRURGICO;2021,0;2,0;1,0;28,0;1,0;1,0;28,0
HRJP;BLOCO CIRURGICO;2021,0;3,0;0,0;0,0;1,0;0,0;0,0
HRJP;BLOCO CIRURGICO;2021,0;4,0;0,0;0,0;3,0;0,0;0,0
HRJP;BLOCO CIRURGICO;2021,0;5,0;0,0;16,0;3,0;0,0;5,333333333333333
HRJP;BLOCO CIRURGICO;2021,0;6,0;0,0;0,0;1,0;0,0;0,0
HRJP;BLOCO CIRURGICO;2021,0;7,0;0,0;0,0;1,0;0,0;0,0
HRJP;BLOCO CIRURGICO;2021,0;8,0;0,0;0,0;2,0;0,0;0,0
HRJP;BLOCO CIRURGICO;2021,0;9,0;0,0;0,0;6,0;0,0;0,0
HRJP;BLOCO CIRURGICO;2021,0;10,0;0,0;3,0;10,0;0,0;0,3
HRJP;BLOCO CIRURGICO;2021,0;11,0;2,0;17,0;6,0;0,3333333333333333;2,8333333333333335
HRJP;BLOCO CIRURGICO;2021,0;12,0;0,0;0,0;7,0;0,0;0,0
HRJP;BLOCO CIRURGICO;2022,0;1,0;0,0;0,0;3,0;0,0;0,0
HRJP;BLOCO CIRURGICO;2022,0;2,0;0,0;16,0;3,0;0,0;5,333333333333333
HRJP;BLOCO CIRURGICO;2022,0;3,0;0,0;2,0;3,0;0,0;0,6666666666666666
HRJP;BLOCO CIRURGICO;2022,0;4,0;0,0;0,0;4,0;0,0;0,0
HRJP;BLOCO CIRURGICO;2022,0;5,0;2,0;0,0;9,0;0,2222222222222222;0,0
HRJP;BLOCO CIRURGICO;2022,0;6,0;2,0;1,0;6,0;0,3333333333333333;0,16666666666666666
HRJP;BLOCO CIRURGICO;2022,0;7,0;4,0;2,0;11,0;0,36363636363636365;0,18181818181818182
HRJP;BLOCO CIRURGICO;2022,0;8,0;3,0;11,0;13,0;0,23076923076923078;0,8461538461538461
HRJP;BLOCO CIRURGICO;2022,0;9,0;0,0;2,0;6,0;0,0;0,3333333333333333
HRJP;BLOCO CIRURGICO;2022,0;10,0;0,0;11,0;7,0;0,0;1,5714285714285714
HRJP;BLOCO CIRURGICO;2022,0;11,0;0,0;1,0;15,0;0,0;0,06666666666666667
HRJP;BLOCO CIRURGICO;2022,0;12,0;0,0;1,0;22,0;0,0;0,045454545454545456
HRJP;BLOCO CIRURGICO;2023,0;1,0;0,0;19,0;9,0;0,0;2,111111111111111
HRJP;BLOCO CIRURGICO;2023,0;2,0;0,0;23,0;11,0;0,0;2,090909090909091
HRJP;BLOCO CIRURGICO;2023,0;3,0;2,0;1,0;18,0;0,1111111111111111;0,05555555555555555
HRJP;BLOCO CIRURGICO;2023,0;4,0;0,0;1,0;10,0;0,0;0,1
HRJP;BLOCO CIRURGICO;2023,0;5,0;0,0;2,0;22,0;0,0;0,09090909090909091
HRJP;BLOCO CIRURGICO;2023,0;6,0;1,0;20,0;15,0;0,06666666666666667;1,3333333333333333
HRJP;BLOCO CIRURGICO;2023,0;7,0;2,0;5,0;12,0;0,16666666666666666;0,4166666666666667
HRJP;BLOCO CIRURGICO;2023,0;8,0;0,0;2,0;15,0;0,0;0,13333333333333333
HRJP;BLOCO CIRURGICO;2023,0;9,0;0,0;0,0;13,0;0,0;0,0
HRJP;BLOCO CIRURGICO;2023,0;10,0;0,0;0,0;14,0;0,0;0,0
HRJP;BLOCO CIRURGICO;2023,0;11,0;0,0;2,0;14,0;0,0;0,14285714285714285
HRJP;BLOCO CIRURGICO;2023,0;12,0;0,0;0,0;19,0;0,0;0,0
HRJP;BLOCO CIRURGICO;2024,0;1,0;2,0;16,0;11,0;0,18181818181818182;1,4545454545454546
HRJP;BLOCO CIRURGICO;2024,0;2,0;1,0;2,0;14,0;0,07142857142857142;0,14285714285714285
HRJP;BLOCO CIRURGICO;2024,0;3,0;0,0;0,0;14,0;0,0;0,0
HRJP;BLOCO CIRURGICO;2024,0;4,0;0,0;16,0;10,0;0,0;1,6
HRJP;BLOCO CIRURGICO;2024,0;5,0;0,0;0,0;9,0;0,0;0,0
HRJP;BLOCO CIRURGICO;2024,0;6,0;0,0;4,0;18,0;0,0;0,2222222222222222
HRJP;BLOCO CIRURGICO;2024,0;7,0;3,0;21,0;14,0;0,21428571428571427;1,5
HRJP;BLOCO CIRURGICO;2024,0;8,0;0,0;0,0;10,0;0,0;0,0
HRJP;BLOCO CIRURGICO;2024,0;9,0;0,0;0,0;9,0;0,0;0,0
HRJP;BLOCO CIRURGICO;2024,0;10,0;3,0;26,0;16,0;0,1875;1,625
HRJP;BLOCO CIRURGICO;2024,0;11,0;0,0;0,0;2,0;0,0;0,0
HRJP;BLOCO OBSTÉTRICO;2019,0;1,0;4,0;33,0;3,0;1,3333333333333333;11,0
HRJP;BLOCO OBSTÉTRICO;2019,0;2,0;3,0;12,0;4,0;0,75;3,0
HRJP;BLOCO OBSTÉTRICO;2019,0;3,0;3,0;17,0;1,0;3,0;17,0
HRJP;BLOCO OBSTÉTRICO;2019,0;4,0;10,0;52,0;2,0;5,0;26,0
HRJP;BLOCO OBSTÉTRICO;2019,0;6,0;9,0;88,0;4,0;2,25;22,0
HRJP;BLOCO OBSTÉTRICO;2019,0;8,0;1,0;39,0;2,0;0,5;19,5
HRJP;BLOCO OBSTÉTRICO;2019,0;9,0;0,0;19,0;1,0;0,0;19,0
HRJP;BLOCO OBSTÉTRICO;2019,0;10,0;0,0;4,0;1,0;0,0;4,0
HRJP;BLOCO OBSTÉTRICO;2020,0;1,0;1,0;14,0;1,0;1,0;14,0
HRJP;BLOCO OBSTÉTRICO;2020,0;5,0;1,0;30,0;1,0;1,0;30,0
HRJP;BLOCO OBSTÉTRICO;2020,0;6,0;5,0;33,0;1,0;5,0;33,0
HRJP;BLOCO OBSTÉTRICO;2020,0;7,0;0,0;3,0;1,0;0,0;3,0
HRJP;BLOCO OBSTÉTRICO;2020,0;10,0;1,0;24,0;1,0;1,0;24,0
HRJP;BLOCO OBSTÉTRICO;2020,0;11,0;4,0;10,0;1,0;4,0;10,0
HRJP;BLOCO OBSTÉTRICO;2021,0;1,0;3,0;47,0;1,0;3,0;47,0
HRJP;BLOCO OBSTÉTRICO;2021,0;2,0;0,0;16,0;1,0;0,0;16,0
HRJP;BLOCO OBSTÉTRICO;2021,0;4,0;3,0;95,0;1,0;3,0;95,0
HRJP;BLOCO OBSTÉTRICO;2021,0;5,0;9,0;140,0;2,0;4,5;70,0
HRJP;BLOCO OBSTÉTRICO;2021,0;11,0;2,0;10,0;1,0;2,0;10,0
HRJP;BLOCO OBSTÉTRICO;2022,0;1,0;11,0;61,0;1,0;11,0;61,0
HRJP;BLOCO OBSTÉTRICO;2022,0;2,0;4,0;40,0;1,0;4,0;40,0
HRJP;BLOCO OBSTÉTRICO;2022,0;3,0;3,0;33,0;1,0;3,0;33,0
HRJP;BLOCO OBSTÉTRICO;2022,0;4,0;3,0;42,0;2,0;1,5;21,0
HRJP;BLOCO OBSTÉTRICO;2022,0;5,0;3,0;48,0;2,0;1,5;24,0
HRJP;BLOCO OBSTÉTRICO;2022,0;6,0;1,0;0,0;2,0;0,5;0,0
HRJP;BLOCO OBSTÉTRICO;2022,0;8,0;0,0;2,0;1,0;0,0;2,0
HRJP;BLOCO OBSTÉTRICO;2022,0;10,0;3,0;41,0;2,0;1,5;20,5
HRJP;BLOCO OBSTÉTRICO;2022,0;12,0;1,0;18,0;1,0;1,0;18,0
HRJP;BLOCO OBSTÉTRICO;2023,0;1,0;0,0;3,0;1,0;0,0;3,0
HRJP;BLOCO OBSTÉTRICO;2023,0;2,0;2,0;11,0;2,0;1,0;5,5
HRJP;BLOCO OBSTÉTRICO;2023,0;4,0;2,0;26,0;2,0;1,0;13,0
HRJP;BLOCO OBSTÉTRICO;2023,0;5,0;3,0;11,0;1,0;3,0;11,0
HRJP;BLOCO OBSTÉTRICO;2023,0;6,0;1,0;5,0;1,0;1,0;5,0
HRJP;BLOCO OBSTÉTRICO;2023,0;8,0;2,0;6,0;1,0;2,0;6,0
HRJP;BLOCO OBSTÉTRICO;2023,0;9,0;4,0;23,0;1,0;4,0;23,0
HRJP;BLOCO OBSTÉTRICO;2023,0;10,0;0,0;8,0;1,0;0,0;8,0
HRJP;BLOCO OBSTÉTRICO;2023,0;11,0;0,0;0,0;3,0;0,0;0,0
HRJP;BLOCO OBSTÉTRICO;2023,0;12,0;3,0;16,0;2,0;1,5;8,0
HRJP;BLOCO OBSTÉTRICO;2024,0;1,0;1,0;2,0;4,0;0,25;0,5
HRJP;BLOCO OBSTÉTRICO;2024,0;5,0;3,0;7,0;1,0;3,0;7,0
HRJP;BLOCO OBSTÉTRICO;2024,0;6,0;4,0;20,0;1,0;4,0;20,0
HRJP;BLOCO OBSTÉTRICO;2024,0;9,0;2,0;8,0;1,0;2,0;8,0
HRJP;BLOCO OBSTÉTRICO;2024,0;10,0;1,0;27,0;2,0;0,5;13,5
HRJP;PRÉ-PARTO;2025,0;2,0;0,0;0,0;1,0;0,0;0,0
HRJP;PRÉ-PARTO;2025,0;12,0;0,0;0,0;1,0;0,0;0,0
HRJP;PRÉ-PARTO;2026,0;3,0;11,0;49,0;1,0;11,0;49,0
HRJP;PRÉ-PARTO;2026,0;4,0;18,0;161,0;3,0;6,0;53,666666666666664
HRJP;PRÉ-PARTO;2026,0;5,0;23,0;160,0;2,0;11,5;80,0
HRJP;PRÉ-PARTO;2026,0;6,0;13,0;137,0;2,0;6,5;68,5
HRJP;PRÉ-PARTO;2026,0;7,0;17,0;196,0;4,0;4,25;49,0
HRJP;REABILITACAO;2019,0;1,0;0,0;0,0;1,0;0,0;0,0
HRJP;UNIDADE DE INTERNAÇÃO - CLÍNICA DIP ALA B;2026,0;6,0;0,0;0,0;1,0;0,0;0,0
HRJP;UNIDADE DE INTERNAÇÃO - CLÍNICA DIP ALA C;2024,0;11,0;22,0;168,0;16,0;1,375;10,5
HRJP;UNIDADE DE INTERNAÇÃO - CLÍNICA DIP ALA C;2024,0;12,0;15,0;232,0;14,0;1,0714285714285714;16,571428571428573
HRJP;UNIDADE DE INTERNAÇÃO - CLÍNICA DIP ALA C;2025,0;1,0;23,0;208,0;6,0;3,8333333333333335;34,666666666666664
HRJP;UNIDADE DE INTERNAÇÃO - CLÍNICA DIP ALA C;2025,0;2,0;21,0;211,0;8,0;2,625;26,375
HRJP;UNIDADE DE INTERNAÇÃO - CLÍNICA DIP ALA C;2025,0;3,0;18,0;349,0;15,0;1,2;23,266666666666666
HRJP;UNIDADE DE INTERNAÇÃO - CLÍNICA DIP ALA C;2025,0;4,0;34,0;422,0;17,0;2,0;24,823529411764707
HRJP;UNIDADE DE INTERNAÇÃO - CLÍNICA DIP ALA C;2025,0;5,0;41,0;387,0;14,0;2,9285714285714284;27,642857142857142
HRJP;UNIDADE DE INTERNAÇÃO - CLÍNICA DIP ALA C;2025,0;6,0;33,0;233,0;15,0;2,2;15,533333333333333
HRJP;UNIDADE DE INTERNAÇÃO - CLÍNICA DIP ALA C;2025,0;7,0;23,0;260,0;17,0;1,3529411764705883;15,294117647058824
HRJP;UNIDADE DE INTERNAÇÃO - CLÍNICA DIP ALA C;2025,0;8,0;26,0;408,0;16,0;1,625;25,5
HRJP;UNIDADE DE INTERNAÇÃO - CLÍNICA DIP ALA C;2025,0;9,0;30,0;501,0;19,0;1,5789473684210527;26,36842105263158
HRJP;UNIDADE DE INTERNAÇÃO - CLÍNICA DIP ALA C;2025,0;10,0;23,0;369,0;16,0;1,4375;23,0625
HRJP;UNIDADE DE INTERNAÇÃO - CLÍNICA DIP ALA C;2025,0;11,0;22,0;191,0;27,0;0,8148148148148148;7,074074074074074
HRJP;UNIDADE DE INTERNAÇÃO - CLÍNICA DIP ALA C;2025,0;12,0;42,0;427,0;20,0;2,1;21,35
HRJP;UNIDADE DE INTERNAÇÃO - CLÍNICA DIP ALA C;2026,0;5,0;22,0;171,0;15,0;1,4666666666666666;11,4
HRJP;UNIDADE DE INTERNAÇÃO - CLÍNICA DIP ALA C;2026,0;6,0;18,0;422,0;22,0;0,8181818181818182;19,181818181818183
HRJP;UNIDADE DE INTERNAÇÃO - CLÍNICA DIP ALA C;2026,0;7,0;39,0;371,0;19,0;2,0526315789473686;19,526315789473685
HRJP;UNIDADE DE INTERNAÇÃO - CLÍNICA DIP ALA C;2026,0;8,0;58,0;547,0;32,0;1,8125;17,09375
HRJP;UNIDADE INTERNAÇÃO - ALTO RISCO OBSTETRICO (MATERNIDADE);2019,0;1,0;157,0;1161,0;140,0;1,1214285714285714;8,292857142857143
HRJP;UNIDADE INTERNAÇÃO - ALTO RISCO OBSTETRICO (MATERNIDADE);2019,0;2,0;84,0;747,0;140,0;0,6;5,335714285714285
HRJP;UNIDADE INTERNAÇÃO - ALTO RISCO OBSTETRICO (MATERNIDADE);2019,0;3,0;106,0;878,0;144,0;0,7361111111111112;6,097222222222222
HRJP;UNIDADE INTERNAÇÃO - ALTO RISCO OBSTETRICO (MATERNIDADE);2019,0;4,0;97,0;1042,0;147,0;0,6598639455782312;7,08843537414966
HRJP;UNIDADE INTERNAÇÃO - ALTO RISCO OBSTETRICO (MATERNIDADE);2019,0;5,0;105,0;1026,0;140,0;0,75;7,328571428571428
HRJP;UNIDADE INTERNAÇÃO - ALTO RISCO OBSTETRICO (MATERNIDADE);2019,0;6,0;113,0;957,0;135,0;0,837037037037037;7,088888888888889
HRJP;UNIDADE INTERNAÇÃO - ALTO RISCO OBSTETRICO (MATERNIDADE);2019,0;7,0;129,0;896,0;143,0;0,9020979020979021;6,265734265734266
HRJP;UNIDADE INTERNAÇÃO - ALTO RISCO OBSTETRICO (MATERNIDADE);2019,0;8,0;60,0;667,0;120,0;0,5;5,558333333333334
HRJP;UNIDADE INTERNAÇÃO - ALTO RISCO OBSTETRICO (MATERNIDADE);2019,0;9,0;76,0;752,0;142,0;0,5352112676056338;5,295774647887324
HRJP;UNIDADE INTERNAÇÃO - ALTO RISCO OBSTETRICO (MATERNIDADE);2019,0;10,0;110,0;900,0;127,0;0,8661417322834646;7,086614173228346
HRJP;UNIDADE INTERNAÇÃO - ALTO RISCO OBSTETRICO (MATERNIDADE);2019,0;11,0;96,0;639,0;112,0;0,8571428571428571;5,705357142857143
HRJP;UNIDADE INTERNAÇÃO - ALTO RISCO OBSTETRICO (MATERNIDADE);2019,0;12,0;84,0;649,0;136,0;0,6176470588235294;4,772058823529412
HRJP;UNIDADE INTERNAÇÃO - ALTO RISCO OBSTETRICO (MATERNIDADE);2020,0;1,0;75,0;758,0;129,0;0,5813953488372093;5,875968992248062
HRJP;UNIDADE INTERNAÇÃO - ALTO RISCO OBSTETRICO (MATERNIDADE);2020,0;2,0;79,0;791,0;134,0;0,5895522388059702;5,902985074626866
HRJP;UNIDADE INTERNAÇÃO - ALTO RISCO OBSTETRICO (MATERNIDADE);2020,0;3,0;79,0;1151,0;136,0;0,5808823529411765;8,463235294117647
HRJP;UNIDADE INTERNAÇÃO - ALTO RISCO OBSTETRICO (MATERNIDADE);2020,0;4,0;96,0;886,0;100,0;0,96;8,86
HRJP;UNIDADE INTERNAÇÃO - ALTO RISCO OBSTETRICO (MATERNIDADE);2020,0;5,0;108,0;811,0;127,0;0,8503937007874016;6,3858267716535435
HRJP;UNIDADE INTERNAÇÃO - ALTO RISCO OBSTETRICO (MATERNIDADE);2020,0;6,0;130,0;899,0;134,0;0,9701492537313433;6,708955223880597
HRJP;UNIDADE INTERNAÇÃO - ALTO RISCO OBSTETRICO (MATERNIDADE);2020,0;7,0;56,0;730,0;126,0;0,4444444444444444;5,7936507936507935
HRJP;UNIDADE INTERNAÇÃO - ALTO RISCO OBSTETRICO (MATERNIDADE);2020,0;8,0;80,0;800,0;135,0;0,5925925925925926;5,925925925925926
HRJP;UNIDADE INTERNAÇÃO - ALTO RISCO OBSTETRICO (MATERNIDADE);2020,0;9,0;74,0;691,0;125,0;0,592;5,528
HRJP;UNIDADE INTERNAÇÃO - ALTO RISCO OBSTETRICO (MATERNIDADE);2020,0;10,0;70,0;790,0;110,0;0,6363636363636364;7,181818181818182
HRJP;UNIDADE INTERNAÇÃO - ALTO RISCO OBSTETRICO (MATERNIDADE);2020,0;11,0;60,0;609,0;135,0;0,4444444444444444;4,511111111111111
HRJP;UNIDADE INTERNAÇÃO - ALTO RISCO OBSTETRICO (MATERNIDADE);2020,0;12,0;86,0;621,0;117,0;0,7350427350427351;5,3076923076923075
HRJP;UNIDADE INTERNAÇÃO - ALTO RISCO OBSTETRICO (MATERNIDADE);2021,0;1,0;80,0;771,0;137,0;0,583941605839416;5,627737226277373
HRJP;UNIDADE INTERNAÇÃO - ALTO RISCO OBSTETRICO (MATERNIDADE);2021,0;2,0;78,0;692,0;114,0;0,6842105263157895;6,0701754385964914
HRJP;UNIDADE INTERNAÇÃO - ALTO RISCO OBSTETRICO (MATERNIDADE);2021,0;3,0;51,0;513,0;80,0;0,6375;6,4125
HRJP;UNIDADE INTERNAÇÃO - CLINICA CIRURGICA ALA A;2022,0;6,0;26,0;412,0;17,0;1,5294117647058822;24,235294117647058
HRJP;UNIDADE INTERNAÇÃO - CLINICA CIRURGICA ALA A;2022,0;7,0;37,0;423,0;32,0;1,15625;13,21875
HRJP;UNIDADE INTERNAÇÃO - CLINICA CIRURGICA ALA A;2022,0;8,0;36,0;320,0;25,0;1,44;12,8
HRJP;UNIDADE INTERNAÇÃO - CLINICA CIRURGICA ALA A;2022,0;9,0;25,0;398,0;24,0;1,0416666666666667;16,583333333333332
HRJP;UNIDADE INTERNAÇÃO - CLINICA CIRURGICA ALA A;2022,0;10,0;33,0;571,0;29,0;1,1379310344827587;19,689655172413794
HRJP;UNIDADE INTERNAÇÃO - CLINICA CIRURGICA ALA A;2022,0;11,0;29,0;374,0;27,0;1,0740740740740742;13,851851851851851
HRJP;UNIDADE INTERNAÇÃO - CLINICA CIRURGICA ALA A;2022,0;12,0;47,0;457,0;38,0;1,236842105263158;12,026315789473685
HRJP;UNIDADE INTERNAÇÃO - CLINICA CIRURGICA ALA A;2023,0;1,0;23,0;406,0;30,0;0,7666666666666667;13,533333333333333
HRJP;UNIDADE INTERNAÇÃO - CLINICA CIRURGICA ALA A;2023,0;2,0;45,0;506,0;26,0;1,7307692307692308;19,46153846153846
HRJP;UNIDADE INTERNAÇÃO - CLINICA CIRURGICA ALA A;2023,0;3,0;53,0;589,0;37,0;1,4324324324324325;15,91891891891892
HRJP;UNIDADE INTERNAÇÃO - CLINICA CIRURGICA ALA A;2023,0;4,0;29,0;483,0;35,0;0,8285714285714286;13,8
HRJP;UNIDADE INTERNAÇÃO - CLINICA CIRURGICA ALA A;2023,0;5,0;38,0;516,0;37,0;1,027027027027027;13,945945945945946
HRJP;UNIDADE INTERNAÇÃO - CLINICA CIRURGICA ALA A;2023,0;6,0;50,0;523,0;26,0;1,9230769230769231;20,115384615384617
HRJP;UNIDADE INTERNAÇÃO - CLINICA CIRURGICA ALA A;2023,0;7,0;26,0;343,0;27,0;0,9629629629629629;12,703703703703704
HRJP;UNIDADE INTERNAÇÃO - CLINICA CIRURGICA ALA A;2023,0;8,0;39,0;465,0;36,0;1,0833333333333333;12,916666666666666
HRJP;UNIDADE INTERNAÇÃO - CLINICA CIRURGICA ALA A;2023,0;9,0;30,0;340,0;32,0;0,9375;10,625
HRJP;UNIDADE INTERNAÇÃO - CLINICA CIRURGICA ALA A;2023,0;10,0;18,0;124,0;34,0;0,5294117647058824;3,6470588235294117
HRJP;UNIDADE INTERNAÇÃO - CLINICA CIRURGICA ALA A;2023,0;11,0;11,0;214,0;28,0;0,39285714285714285;7,642857142857143
HRJP;UNIDADE INTERNAÇÃO - CLINICA CIRURGICA ALA A;2023,0;12,0;8,0;210,0;19,0;0,42105263157894735;11,052631578947368
HRJP;UNIDADE INTERNAÇÃO - CLINICA CIRURGICA ALA A;2024,0;1,0;16,0;299,0;9,0;1,7777777777777777;33,22222222222222
HRJP;UNIDADE INTERNAÇÃO - CLINICA CIRURGICA ALA A;2024,0;2,0;28,0;485,0;17,0;1,6470588235294117;28,529411764705884
HRJP;UNIDADE INTERNAÇÃO - CLINICA CIRURGICA ALA A;2024,0;3,0;26,0;482,0;14,0;1,8571428571428572;34,42857142857143
HRJP;UNIDADE INTERNAÇÃO - CLINICA CIRURGICA ALA A;2024,0;4,0;30,0;492,0;14,0;2,142857142857143;35,142857142857146
HRJP;UNIDADE INTERNAÇÃO - CLINICA CIRURGICA ALA A;2024,0;5,0;26,0;363,0;6,0;4,333333333333333;60,5
HRJP;UNIDADE INTERNAÇÃO - CLINICA CIRURGICA ALA A;2024,0;6,0;49,0;404,0;17,0;2,8823529411764706;23,764705882352942
HRJP;UNIDADE INTERNAÇÃO - CLINICA CIRURGICA ALA A;2024,0;7,0;35,0;515,0;12,0;2,9166666666666665;42,916666666666664
HRJP;UNIDADE INTERNAÇÃO - CLINICA CIRURGICA ALA A;2024,0;8,0;16,0;320,0;5,0;3,2;64,0
HRJP;UNIDADE INTERNAÇÃO - CLINICA CIRURGICA ALA A;2024,0;9,0;27,0;324,0;13,0;2,076923076923077;24,923076923076923
HRJP;UNIDADE INTERNAÇÃO - CLINICA CIRURGICA ALA A;2024,0;10,0;31,0;393,0;25,0;1,24;15,72
HRJP;UNIDADE INTERNAÇÃO - CLINICA CIRURGICA ALA A;2024,0;11,0;0,0;11,0;2,0;0,0;5,5
HRJP;UNIDADE INTERNAÇÃO - CLÍNICA CIRÚRGICA ALA A;2024,0;11,0;16,0;182,0;19,0;0,8421052631578947;9,578947368421053
HRJP;UNIDADE INTERNAÇÃO - CLÍNICA CIRÚRGICA ALA A;2024,0;12,0;26,0;174,0;17,0;1,5294117647058822;10,235294117647058
HRJP;UNIDADE INTERNAÇÃO - CLÍNICA CIRÚRGICA ALA A;2025,0;1,0;12,0;97,0;18,0;0,6666666666666666;5,388888888888889
HRJP;UNIDADE INTERNAÇÃO - CLÍNICA CIRÚRGICA ALA A;2025,0;2,0;25,0;281,0;17,0;1,4705882352941178;16,529411764705884
HRJP;UNIDADE INTERNAÇÃO - CLÍNICA CIRÚRGICA ALA A;2025,0;3,0;25,0;377,0;15,0;1,6666666666666667;25,133333333333333
HRJP;UNIDADE INTERNAÇÃO - CLÍNICA CIRÚRGICA ALA A;2025,0;4,0;14,0;177,0;16,0;0,875;11,0625
HRJP;UNIDADE INTERNAÇÃO - CLÍNICA CIRÚRGICA ALA A;2025,0;5,0;26,0;230,0;20,0;1,3;11,5
HRJP;UNIDADE INTERNAÇÃO - CLÍNICA CIRÚRGICA ALA A;2025,0;6,0;28,0;358,0;19,0;1,4736842105263157;18,842105263157894
HRJP;UNIDADE INTERNAÇÃO - CLÍNICA CIRÚRGICA ALA A;2025,0;7,0;49,0;460,0;15,0;3,2666666666666666;30,666666666666668
HRJP;UNIDADE INTERNAÇÃO - CLÍNICA CIRÚRGICA ALA A;2025,0;8,0;30,0;299,0;19,0;1,5789473684210527;15,736842105263158
HRJP;UNIDADE INTERNAÇÃO - CLÍNICA CIRÚRGICA ALA A;2025,0;9,0;36,0;319,0;15,0;2,4;21,266666666666666
HRJP;UNIDADE INTERNAÇÃO - CLÍNICA CIRÚRGICA ALA A;2025,0;10,0;29,0;240,0;19,0;1,5263157894736843;12,631578947368421
HRJP;UNIDADE INTERNAÇÃO - CLÍNICA CIRÚRGICA ALA A;2025,0;11,0;42,0;303,0;12,0;3,5;25,25
HRJP;UNIDADE INTERNAÇÃO - CLÍNICA CIRÚRGICA ALA A;2025,0;12,0;6,0;116,0;12,0;0,5;9,666666666666666
HRJP;UNIDADE INTERNAÇÃO - CLÍNICA CIRÚRGICA ALA A;2026,0;1,0;25,0;305,0;14,0;1,7857142857142858;21,785714285714285
HRJP;UNIDADE INTERNAÇÃO - CLÍNICA CIRÚRGICA ALA A;2026,0;2,0;18,0;389,0;21,0;0,8571428571428571;18,523809523809526
HRJP;UNIDADE INTERNAÇÃO - CLÍNICA CIRÚRGICA ALA A;2026,0;3,0;25,0;587,0;29,0;0,8620689655172413;20,24137931034483
HRJP;UNIDADE INTERNAÇÃO - CLÍNICA CIRÚRGICA ALA A;2026,0;4,0;17,0;329,0;35,0;0,4857142857142857;9,4
HRJP;UNIDADE INTERNAÇÃO - CLÍNICA CIRÚRGICA ALA A;2026,0;5,0;26,0;283,0;17,0;1,5294117647058822;16,647058823529413
HRJP;UNIDADE INTERNAÇÃO - CLÍNICA CIRÚRGICA ALA A;2026,0;6,0;3,0;11,0;1,0;3,0;11,0
HRJP;UNIDADE INTERNAÇÃO - CLÍNICA CIRÚRGICA ALA A;2026,0;7,0;0,0;0,0;6,0;0,0;0,0
HRJP;UNIDADE INTERNAÇÃO - CLÍNICA CIRÚRGICA ALA A;2026,0;8,0;0,0;3,0;2,0;0,0;1,5
HRJP;UNIDADE INTERNAÇÃO - CLINICA CIRURGICA ALA B;2022,0;6,0;34,0;605,0;16,0;2,125;37,8125
HRJP;UNIDADE INTERNAÇÃO - CLINICA CIRURGICA ALA B;2022,0;7,0;40,0;570,0;18,0;2,2222222222222223;31,666666666666668
HRJP;UNIDADE INTERNAÇÃO - CLINICA CIRURGICA ALA B;2022,0;8,0;26,0;603,0;35,0;0,7428571428571429;17,228571428571428
HRJP;UNIDADE INTERNAÇÃO - CLINICA CIRURGICA ALA B;2022,0;9,0;44,0;502,0;29,0;1,5172413793103448;17,310344827586206
HRJP;UNIDADE INTERNAÇÃO - CLINICA CIRURGICA ALA B;2022,0;10,0;56,0;677,0;33,0;1,696969696969697;20,515151515151516
HRJP;UNIDADE INTERNAÇÃO - CLINICA CIRURGICA ALA B;2022,0;11,0;23,0;443,0;18,0;1,2777777777777777;24,61111111111111
HRJP;UNIDADE INTERNAÇÃO - CLINICA CIRURGICA ALA B;2022,0;12,0;38,0;448,0;26,0;1,4615384615384615;17,23076923076923
HRJP;UNIDADE INTERNAÇÃO - CLINICA CIRURGICA ALA B;2023,0;1,0;53,0;614,0;31,0;1,7096774193548387;19,806451612903224
HRJP;UNIDADE INTERNAÇÃO - CLINICA CIRURGICA ALA B;2023,0;2,0;36,0;447,0;22,0;1,6363636363636365;20,318181818181817
HRJP;UNIDADE INTERNAÇÃO - CLINICA CIRURGICA ALA B;2023,0;3,0;33,0;289,0;8,0;4,125;36,125
HRJP;UNIDADE INTERNAÇÃO - CLINICA CIRURGICA ALA B;2023,0;4,0;72,0;551,0;20,0;3,6;27,55
HRJP;UNIDADE INTERNAÇÃO - CLINICA CIRURGICA ALA B;2023,0;5,0;46,0;374,0;22,0;2,090909090909091;17,0
HRJP;UNIDADE INTERNAÇÃO - CLINICA CIRURGICA ALA B;2023,0;6,0;51,0;507,0;20,0;2,55;25,35
HRJP;UNIDADE INTERNAÇÃO - CLINICA CIRURGICA ALA B;2023,0;7,0;39,0;499,0;20,0;1,95;24,95
HRJP;UNIDADE INTERNAÇÃO - CLINICA CIRURGICA ALA B;2023,0;8,0;54,0;537,0;15,0;3,6;35,8
HRJP;UNIDADE INTERNAÇÃO - CLINICA CIRURGICA ALA B;2023,0;9,0;15,0;266,0;18,0;0,8333333333333334;14,777777777777779
HRJP;UNIDADE INTERNAÇÃO - CLINICA CIRURGICA ALA B;2023,0;10,0;5,0;112,0;14,0;0,35714285714285715;8,0
HRJP;UNIDADE INTERNAÇÃO - CLINICA CIRURGICA ALA B;2023,0;11,0;9,0;152,0;11,0;0,8181818181818182;13,818181818181818
HRJP;UNIDADE INTERNAÇÃO - CLINICA CIRURGICA ALA B;2023,0;12,0;18,0;271,0;9,0;2,0;30,11111111111111
HRJP;UNIDADE INTERNAÇÃO - CLINICA CIRURGICA ALA B;2024,0;1,0;18,0;191,0;7,0;2,5714285714285716;27,285714285714285
HRJP;UNIDADE INTERNAÇÃO - CLINICA CIRURGICA ALA B;2024,0;2,0;3,0;115,0;23,0;0,13043478260869565;5,0
HRJP;UNIDADE INTERNAÇÃO - CLINICA CIRURGICA ALA B;2024,0;3,0;9,0;133,0;20,0;0,45;6,65
HRJP;UNIDADE INTERNAÇÃO - CLINICA CIRURGICA ALA B;2024,0;4,0;11,0;112,0;15,0;0,7333333333333333;7,466666666666667
HRJP;UNIDADE INTERNAÇÃO - CLINICA CIRURGICA ALA B;2024,0;5,0;5,0;52,0;6,0;0,8333333333333334;8,666666666666666
HRJP;UNIDADE INTERNAÇÃO - CLINICA CIRURGICA ALA B;2024,0;6,0;29,0;268,0;5,0;5,8;53,6
HRJP;UNIDADE INTERNAÇÃO - CLINICA CIRURGICA ALA B;2024,0;7,0;11,0;177,0;9,0;1,2222222222222223;19,666666666666668
HRJP;UNIDADE INTERNAÇÃO - CLINICA CIRURGICA ALA B;2024,0;8,0;12,0;153,0;2,0;6,0;76,5
HRJP;UNIDADE INTERNAÇÃO - CLINICA CIRURGICA ALA B;2024,0;9,0;16,0;163,0;9,0;1,7777777777777777;18,11111111111111
HRJP;UNIDADE INTERNAÇÃO - CLINICA CIRURGICA ALA B;2024,0;10,0;43,0;325,0;7,0;6,142857142857143;46,42857142857143
HRJP;UNIDADE INTERNAÇÃO - CLÍNICA CIRÚRGICA ALA B;2024,0;11,0;37,0;330,0;7,0;5,285714285714286;47,142857142857146
HRJP;UNIDADE INTERNAÇÃO - CLÍNICA CIRÚRGICA ALA B;2024,0;12,0;36,0;355,0;3,0;12,0;118,33333333333333
HRJP;UNIDADE INTERNAÇÃO - CLÍNICA CIRÚRGICA ALA B;2025,0;1,0;16,0;132,0;2,0;8,0;66,0
HRJP;UNIDADE INTERNAÇÃO - CLÍNICA CIRÚRGICA ALA B;2025,0;2,0;40,0;245,0;5,0;8,0;49,0
HRJP;UNIDADE INTERNAÇÃO - CLÍNICA CIRÚRGICA ALA B;2025,0;3,0;8,0;108,0;6,0;1,3333333333333333;18,0
HRJP;UNIDADE INTERNAÇÃO - CLÍNICA CIRÚRGICA ALA B;2025,0;4,0;8,0;161,0;14,0;0,5714285714285714;11,5
HRJP;UNIDADE INTERNAÇÃO - CLÍNICA CIRÚRGICA ALA B;2025,0;5,0;13,0;177,0;18,0;0,7222222222222222;9,833333333333334
HRJP;UNIDADE INTERNAÇÃO - CLÍNICA CIRÚRGICA ALA B;2025,0;6,0;31,0;142,0;16,0;1,9375;8,875
HRJP;UNIDADE INTERNAÇÃO - CLÍNICA CIRÚRGICA ALA B;2025,0;7,0;29,0;238,0;2,0;14,5;119,0
HRJP;UNIDADE INTERNAÇÃO - CLÍNICA CIRÚRGICA ALA B;2025,0;8,0;9,0;65,0;9,0;1,0;7,222222222222222
HRJP;UNIDADE INTERNAÇÃO - CLÍNICA CIRÚRGICA ALA B;2025,0;9,0;18,0;139,0;16,0;1,125;8,6875
HRJP;UNIDADE INTERNAÇÃO - CLÍNICA CIRÚRGICA ALA B;2025,0;10,0;25,0;208,0;10,0;2,5;20,8
HRJP;UNIDADE INTERNAÇÃO - CLÍNICA CIRÚRGICA ALA B;2025,0;11,0;14,0;42,0;3,0;4,666666666666667;14,0
HRJP;UNIDADE INTERNAÇÃO - CLÍNICA CIRÚRGICA ALA B;2025,0;12,0;11,0;249,0;21,0;0,5238095238095238;11,857142857142858
HRJP;UNIDADE INTERNAÇÃO - CLÍNICA CIRÚRGICA ALA B;2026,0;1,0;16,0;191,0;10,0;1,6;19,1
HRJP;UNIDADE INTERNAÇÃO - CLÍNICA CIRÚRGICA ALA B;2026,0;2,0;9,0;178,0;10,0;0,9;17,8
HRJP;UNIDADE INTERNAÇÃO - CLÍNICA CIRÚRGICA ALA B;2026,0;3,0;22,0;276,0;43,0;0,5116279069767442;6,4186046511627906
HRJP;UNIDADE INTERNAÇÃO - CLÍNICA CIRÚRGICA ALA B;2026,0;4,0;32,0;279,0;36,0;0,8888888888888888;7,75
HRJP;UNIDADE INTERNAÇÃO - CLÍNICA CIRÚRGICA ALA B;2026,0;5,0;11,0;274,0;29,0;0,3793103448275862;9,448275862068966
HRJP;UNIDADE INTERNAÇÃO - CLÍNICA CIRÚRGICA ALA B;2026,0;6,0;23,0;250,0;26,0;0,8846153846153846;9,615384615384615
HRJP;UNIDADE INTERNAÇÃO - CLÍNICA CIRÚRGICA ALA B;2026,0;7,0;21,0;244,0;25,0;0,84;9,76
HRJP;UNIDADE INTERNAÇÃO - CLÍNICA CIRÚRGICA ALA B;2026,0;8,0;33,0;277,0;16,0;2,0625;17,3125
HRJP;UNIDADE INTERNAÇÃO - CLINICA CIRURGICA ALA C;2024,0;5,0;34,0;431,0;28,0;1,2142857142857142;15,392857142857142
HRJP;UNIDADE INTERNAÇÃO - CLINICA CIRURGICA ALA C;2024,0;6,0;11,0;204,0;27,0;0,4074074074074074;7,555555555555555
HRJP;UNIDADE INTERNAÇÃO - CLINICA CIRURGICA ALA C;2024,0;7,0;12,0;105,0;34,0;0,35294117647058826;3,088235294117647
HRJP;UNIDADE INTERNAÇÃO - CLINICA CIRURGICA ALA C;2024,0;8,0;20,0;287,0;21,0;0,9523809523809523;13,666666666666666
HRJP;UNIDADE INTERNAÇÃO - CLINICA CIRURGICA ALA C;2024,0;9,0;28,0;250,0;28,0;1,0;8,928571428571429
HRJP;UNIDADE INTERNAÇÃO - CLINICA CIRURGICA ALA C;2024,0;10,0;34,0;387,0;21,0;1,619047619047619;18,428571428571427
HRJP;UNIDADE INTERNAÇÃO - CLINICA CIRURGICA ALA C;2024,0;11,0;5,0;59,0;4,0;1,25;14,75
HRJP;UNIDADE INTERNAÇÃO - CLÍNICA CIRÚRGICA ALA C;2024,0;11,0;9,0;198,0;13,0;0,6923076923076923;15,23076923076923
HRJP;UNIDADE INTERNAÇÃO - CLÍNICA CIRÚRGICA ALA C;2024,0;12,0;7,0;87,0;18,0;0,3888888888888889;4,833333333333333
HRJP;UNIDADE INTERNAÇÃO - CLÍNICA CIRÚRGICA ALA C;2025,0;1,0;25,0;196,0;12,0;2,0833333333333335;16,333333333333332
HRJP;UNIDADE INTERNAÇÃO - CLÍNICA CIRÚRGICA ALA C;2025,0;2,0;28,0;265,0;17,0;1,6470588235294117;15,588235294117647
HRJP;UNIDADE INTERNAÇÃO - CLÍNICA CIRÚRGICA ALA C;2025,0;3,0;35,0;351,0;23,0;1,5217391304347827;15,26086956521739
HRJP;UNIDADE INTERNAÇÃO - CLÍNICA CIRÚRGICA ALA C;2025,0;4,0;42,0;412,0;28,0;1,5;14,714285714285714
HRJP;UNIDADE INTERNAÇÃO - CLÍNICA CIRÚRGICA ALA C;2025,0;5,0;28,0;140,0;13,0;2,1538461538461537;10,76923076923077
HRJP;UNIDADE INTERNAÇÃO - CLÍNICA CIRÚRGICA ALA C;2025,0;6,0;34,0;387,0;20,0;1,7;19,35
HRJP;UNIDADE INTERNAÇÃO - CLÍNICA CIRÚRGICA ALA C;2025,0;7,0;14,0;152,0;32,0;0,4375;4,75
HRJP;UNIDADE INTERNAÇÃO - CLÍNICA CIRÚRGICA ALA C;2025,0;8,0;35,0;198,0;33,0;1,0606060606060606;6,0
HRJP;UNIDADE INTERNAÇÃO - CLÍNICA CIRÚRGICA ALA C;2025,0;9,0;30,0;307,0;26,0;1,1538461538461537;11,807692307692308
HRJP;UNIDADE INTERNAÇÃO - CLÍNICA CIRÚRGICA ALA C;2025,0;10,0;22,0;273,0;24,0;0,9166666666666666;11,375
HRJP;UNIDADE INTERNAÇÃO - CLÍNICA CIRÚRGICA ALA C;2025,0;11,0;29,0;346,0;13,0;2,230769230769231;26,615384615384617
HRJP;UNIDADE INTERNAÇÃO - CLÍNICA CIRÚRGICA ALA C;2025,0;12,0;12,0;192,0;11,0;1,0909090909090908;17,454545454545453
HRJP;UNIDADE INTERNAÇÃO - CLÍNICA CIRÚRGICA ALA C;2026,0;1,0;0,0;0,0;1,0;0,0;0,0
HRJP;UNIDADE INTERNAÇÃO - CLÍNICA CIRÚRGICA ALA C;2026,0;2,0;0,0;0,0;2,0;0,0;0,0
HRJP;UNIDADE INTERNAÇÃO - CLÍNICA CIRÚRGICA ALA C;2026,0;5,0;10,0;111,0;19,0;0,5263157894736842;5,842105263157895
HRJP;UNIDADE INTERNAÇÃO - CLÍNICA CIRÚRGICA ALA C;2026,0;6,0;29,0;384,0;29,0;1,0;13,241379310344827
HRJP;UNIDADE INTERNAÇÃO - CLÍNICA CIRÚRGICA ALA C;2026,0;7,0;51,0;666,0;27,0;1,8888888888888888;24,666666666666668
HRJP;UNIDADE INTERNAÇÃO - CLÍNICA CIRÚRGICA ALA C;2026,0;8,0;33,0;230,0;28,0;1,1785714285714286;8,214285714285714
HRJP;UNIDADE INTERNAÇÃO - CLINICA MÉDICA ALA A;2021,0;7,0;4,0;125,0;3,0;1,3333333333333333;41,666666666666664
HRJP;UNIDADE INTERNAÇÃO - CLINICA MÉDICA ALA A;2021,0;8,0;61,0;902,0;22,0;2,772727272727273;41,0
HRJP;UNIDADE INTERNAÇÃO - CLINICA MÉDICA ALA A;2021,0;9,0;60,0;1064,0;23,0;2,608695652173913;46,26086956521739
HRJP;UNIDADE INTERNAÇÃO - CLINICA MÉDICA ALA A;2021,0;10,0;40,0;685,0;11,0;3,6363636363636362;62,27272727272727
HRJP;UNIDADE INTERNAÇÃO - CLINICA MÉDICA ALA A;2021,0;11,0;95,0;1545,0;27,0;3,5185185185185186;57,22222222222222
HRJP;UNIDADE INTERNAÇÃO - CLINICA MÉDICA ALA A;2021,0;12,0;41,0;690,0;44,0;0,9318181818181818;15,681818181818182
HRJP;UNIDADE INTERNAÇÃO - CLINICA MÉDICA ALA A;2022,0;1,0;38,0;420,0;28,0;1,3571428571428572;15,0
HRJP;UNIDADE INTERNAÇÃO - CLINICA MÉDICA ALA A;2022,0;2,0;7,0;415,0;31,0;0,22580645161290322;13,387096774193548
HRJP;UNIDADE INTERNAÇÃO - CLINICA MÉDICA ALA A;2022,0;3,0;35,0;575,0;39,0;0,8974358974358975;14,743589743589743
HRJP;UNIDADE INTERNAÇÃO - CLINICA MÉDICA ALA A;2022,0;4,0;72,0;872,0;35,0;2,057142857142857;24,914285714285715
HRJP;UNIDADE INTERNAÇÃO - CLINICA MÉDICA ALA A;2022,0;5,0;112,0;1352,0;65,0;1,7230769230769232;20,8
HRJP;UNIDADE INTERNAÇÃO - CLINICA MÉDICA ALA A;2022,0;6,0;31,0;457,0;14,0;2,2142857142857144;32,642857142857146
HRJP;UNIDADE INTERNAÇÃO - CLINICA MÉDICA ALA A;2022,0;7,0;13,0;320,0;14,0;0,9285714285714286;22,857142857142858
HRJP;UNIDADE INTERNAÇÃO - CLINICA MÉDICA ALA A;2022,0;8,0;36,0;319,0;15,0;2,4;21,266666666666666
HRJP;UNIDADE INTERNAÇÃO - CLINICA MÉDICA ALA A;2022,0;9,0;29,0;320,0;12,0;2,4166666666666665;26,666666666666668
HRJP;UNIDADE INTERNAÇÃO - CLINICA MÉDICA ALA A;2022,0;10,0;35,0;438,0;18,0;1,9444444444444444;24,333333333333332
HRJP;UNIDADE INTERNAÇÃO - CLINICA MÉDICA ALA A;2022,0;11,0;46,0;445,0;10,0;4,6;44,5
HRJP;UNIDADE INTERNAÇÃO - CLINICA MÉDICA ALA A;2022,0;12,0;36,0;354,0;5,0;7,2;70,8
HRJP;UNIDADE INTERNAÇÃO - CLINICA MÉDICA ALA A;2023,0;1,0;22,0;188,0;5,0;4,4;37,6
HRJP;UNIDADE INTERNAÇÃO - CLINICA MÉDICA ALA A;2023,0;2,0;22,0;263,0;9,0;2,4444444444444446;29,22222222222222
HRJP;UNIDADE INTERNAÇÃO - CLINICA MÉDICA ALA A;2023,0;3,0;48,0;419,0;17,0;2,823529411764706;24,647058823529413
HRJP;UNIDADE INTERNAÇÃO - CLINICA MÉDICA ALA A;2023,0;4,0;22,0;125,0;17,0;1,2941176470588236;7,352941176470588
HRJP;UNIDADE INTERNAÇÃO - CLINICA MÉDICA ALA A;2023,0;5,0;34,0;379,0;13,0;2,6153846153846154;29,153846153846153
HRJP;UNIDADE INTERNAÇÃO - CLINICA MÉDICA ALA A;2023,0;6,0;12,0;128,0;13,0;0,9230769230769231;9,846153846153847
HRJP;UNIDADE INTERNAÇÃO - CLINICA MÉDICA ALA A;2023,0;7,0;18,0;257,0;24,0;0,75;10,708333333333334
HRJP;UNIDADE INTERNAÇÃO - CLINICA MÉDICA ALA A;2023,0;8,0;38,0;318,0;18,0;2,111111111111111;17,666666666666668
HRJP;UNIDADE INTERNAÇÃO - CLINICA MÉDICA ALA A;2023,0;9,0;36,0;440,0;9,0;4,0;48,888888888888886
HRJP;UNIDADE INTERNAÇÃO - CLINICA MÉDICA ALA A;2023,0;10,0;67,0;834,0;11,0;6,090909090909091;75,81818181818181
HRJP;UNIDADE INTERNAÇÃO - CLINICA MÉDICA ALA A;2023,0;11,0;52,0;689,0;14,0;3,7142857142857144;49,214285714285715
HRJP;UNIDADE INTERNAÇÃO - CLINICA MÉDICA ALA A;2023,0;12,0;51,0;725,0;16,0;3,1875;45,3125
HRJP;UNIDADE INTERNAÇÃO - CLINICA MÉDICA ALA A;2024,0;1,0;45,0;663,0;14,0;3,2142857142857144;47,357142857142854
HRJP;UNIDADE INTERNAÇÃO - CLINICA MÉDICA ALA A;2024,0;2,0;50,0;899,0;22,0;2,272727272727273;40,86363636363637
HRJP;UNIDADE INTERNAÇÃO - CLINICA MÉDICA ALA A;2024,0;3,0;68,0;975,0;36,0;1,8888888888888888;27,083333333333332
HRJP;UNIDADE INTERNAÇÃO - CLINICA MÉDICA ALA A;2024,0;4,0;75,0;1026,0;46,0;1,6304347826086956;22,304347826086957
HRJP;UNIDADE INTERNAÇÃO - CLINICA MÉDICA ALA A;2024,0;5,0;97,0;1393,0;56,0;1,7321428571428572;24,875
HRJP;UNIDADE INTERNAÇÃO - CLINICA MÉDICA ALA A;2024,0;6,0;100,0;1140,0;34,0;2,9411764705882355;33,529411764705884
HRJP;UNIDADE INTERNAÇÃO - CLINICA MÉDICA ALA A;2024,0;7,0;55,0;965,0;30,0;1,8333333333333333;32,166666666666664
HRJP;UNIDADE INTERNAÇÃO - CLINICA MÉDICA ALA A;2024,0;8,0;87,0;1003,0;42,0;2,0714285714285716;23,88095238095238
HRJP;UNIDADE INTERNAÇÃO - CLINICA MÉDICA ALA A;2024,0;9,0;75,0;1005,0;40,0;1,875;25,125
HRJP;UNIDADE INTERNAÇÃO - CLINICA MÉDICA ALA A;2024,0;10,0;80,0;948,0;40,0;2,0;23,7
HRJP;UNIDADE INTERNAÇÃO - CLINICA MÉDICA ALA A;2024,0;11,0;3,0;28,0;7,0;0,42857142857142855;4,0
HRJP;UNIDADE INTERNAÇÃO - CLÍNICA MÉDICA ALA A;2024,0;10,0;0,0;0,0;1,0;0,0;0,0
HRJP;UNIDADE INTERNAÇÃO - CLÍNICA MÉDICA ALA A;2024,0;11,0;36,0;406,0;38,0;0,9473684210526315;10,68421052631579
HRJP;UNIDADE INTERNAÇÃO - CLÍNICA MÉDICA ALA A;2024,0;12,0;34,0;345,0;44,0;0,7727272727272727;7,840909090909091
HRJP;UNIDADE INTERNAÇÃO - CLÍNICA MÉDICA ALA A;2025,0;1,0;88,0;788,0;42,0;2,0952380952380953;18,761904761904763
HRJP;UNIDADE INTERNAÇÃO - CLÍNICA MÉDICA ALA A;2025,0;2,0;60,0;746,0;44,0;1,3636363636363635;16,954545454545453
HRJP;UNIDADE INTERNAÇÃO - CLÍNICA MÉDICA ALA A;2025,0;3,0;72,0;702,0;57,0;1,263157894736842;12,31578947368421
HRJP;UNIDADE INTERNAÇÃO - CLÍNICA MÉDICA ALA A;2025,0;4,0;84,0;1016,0;57,0;1,4736842105263157;17,82456140350877
HRJP;UNIDADE INTERNAÇÃO - CLÍNICA MÉDICA ALA A;2025,0;5,0;95,0;1075,0;57,0;1,6666666666666667;18,859649122807017
HRJP;UNIDADE INTERNAÇÃO - CLÍNICA MÉDICA ALA A;2025,0;6,0;72,0;901,0;46,0;1,565217391304348;19,58695652173913
HRJP;UNIDADE INTERNAÇÃO - CLÍNICA MÉDICA ALA A;2025,0;7,0;90,0;815,0;58,0;1,5517241379310345;14,051724137931034
HRJP;UNIDADE INTERNAÇÃO - CLÍNICA MÉDICA ALA A;2025,0;8,0;96,0;986,0;46,0;2,0869565217391304;21,434782608695652
HRJP;UNIDADE INTERNAÇÃO - CLÍNICA MÉDICA ALA A;2025,0;9,0;135,0;1376,0;47,0;2,872340425531915;29,27659574468085
HRJP;UNIDADE INTERNAÇÃO - CLÍNICA MÉDICA ALA A;2025,0;10,0;66,0;779,0;46,0;1,434782608695652;16,934782608695652
HRJP;UNIDADE INTERNAÇÃO - CLÍNICA MÉDICA ALA A;2025,0;11,0;112,0;1509,0;66,0;1,696969696969697;22,863636363636363
HRJP;UNIDADE INTERNAÇÃO - CLÍNICA MÉDICA ALA A;2025,0;12,0;73,0;831,0;28,0;2,607142857142857;29,678571428571427
HRJP;UNIDADE INTERNAÇÃO - CLÍNICA MÉDICA ALA A;2026,0;1,0;76,0;875,0;40,0;1,9;21,875
HRJP;UNIDADE INTERNAÇÃO - CLÍNICA MÉDICA ALA A;2026,0;2,0;86,0;1486,0;52,0;1,6538461538461537;28,576923076923077
HRJP;UNIDADE INTERNAÇÃO - CLÍNICA MÉDICA ALA A;2026,0;3,0;121,0;2263,0;108,0;1,1203703703703705;20,953703703703702
HRJP;UNIDADE INTERNAÇÃO - CLÍNICA MÉDICA ALA A;2026,0;4,0;117,0;2147,0;102,0;1,1470588235294117;21,04901960784314
HRJP;UNIDADE INTERNAÇÃO - CLÍNICA MÉDICA ALA A;2026,0;5,0;75,0;947,0;52,0;1,4423076923076923;18,21153846153846
HRJP;UNIDADE INTERNAÇÃO - CLÍNICA MÉDICA ALA A;2026,0;6,0;0,0;1,0;1,0;0,0;1,0
HRJP;UNIDADE INTERNAÇÃO - CLINICA MÉDICA ALA B;2019,0;1,0;136,0;1475,0;51,0;2,6666666666666665;28,92156862745098
HRJP;UNIDADE INTERNAÇÃO - CLINICA MÉDICA ALA B;2019,0;2,0;202,0;2232,0;56,0;3,607142857142857;39,857142857142854
HRJP;UNIDADE INTERNAÇÃO - CLINICA MÉDICA ALA B;2019,0;3,0;188,0;1699,0;58,0;3,2413793103448274;29,29310344827586
HRJP;UNIDADE INTERNAÇÃO - CLINICA MÉDICA ALA B;2019,0;4,0;209,0;1894,0;62,0;3,370967741935484;30,548387096774192
HRJP;UNIDADE INTERNAÇÃO - CLINICA MÉDICA ALA B;2019,0;5,0;195,0;2048,0;79,0;2,4683544303797467;25,924050632911392
HRJP;UNIDADE INTERNAÇÃO - CLINICA MÉDICA ALA B;2019,0;6,0;207,0;2466,0;66,0;3,1363636363636362;37,36363636363637
HRJP;UNIDADE INTERNAÇÃO - CLINICA MÉDICA ALA B;2019,0;7,0;169,0;2017,0;85,0;1,988235294117647;23,729411764705883
HRJP;UNIDADE INTERNAÇÃO - CLINICA MÉDICA ALA B;2019,0;8,0;177,0;1911,0;76,0;2,3289473684210527;25,144736842105264
HRJP;UNIDADE INTERNAÇÃO - CLINICA MÉDICA ALA B;2019,0;9,0;169,0;2528,0;71,0;2,380281690140845;35,605633802816904
HRJP;UNIDADE INTERNAÇÃO - CLINICA MÉDICA ALA B;2019,0;10,0;153,0;1980,0;91,0;1,6813186813186813;21,75824175824176
HRJP;UNIDADE INTERNAÇÃO - CLINICA MÉDICA ALA B;2019,0;11,0;217,0;2356,0;89,0;2,438202247191011;26,471910112359552
HRJP;UNIDADE INTERNAÇÃO - CLINICA MÉDICA ALA B;2019,0;12,0;167,0;1758,0;101,0;1,6534653465346534;17,405940594059405
HRJP;UNIDADE INTERNAÇÃO - CLINICA MÉDICA ALA B;2020,0;1,0;148,0;1730,0;71,0;2,084507042253521;24,366197183098592
HRJP;UNIDADE INTERNAÇÃO - CLINICA MÉDICA ALA B;2020,0;2,0;141,0;1428,0;82,0;1,7195121951219512;17,414634146341463
HRJP;UNIDADE INTERNAÇÃO - CLINICA MÉDICA ALA B;2020,0;3,0;152,0;1387,0;93,0;1,6344086021505377;14,913978494623656
HRJP;UNIDADE INTERNAÇÃO - CLINICA MÉDICA ALA B;2020,0;4,0;105,0;1219,0;20,0;5,25;60,95
HRJP;UNIDADE INTERNAÇÃO - CLINICA MÉDICA ALA B;2020,0;5,0;213,0;2128,0;37,0;5,756756756756757;57,513513513513516
HRJP;UNIDADE INTERNAÇÃO - CLINICA MÉDICA ALA B;2020,0;6,0;149,0;2386,0;30,0;4,966666666666667;79,53333333333333
HRJP;UNIDADE INTERNAÇÃO - CLINICA MÉDICA ALA B;2020,0;7,0;219,0;2946,0;44,0;4,9772727272727275;66,95454545454545
HRJP;UNIDADE INTERNAÇÃO - CLINICA MÉDICA ALA B;2020,0;8,0;177,0;2348,0;45,0;3,933333333333333;52,17777777777778
HRJP;UNIDADE INTERNAÇÃO - CLINICA MÉDICA ALA B;2020,0;9,0;171,0;2434,0;41,0;4,170731707317073;59,36585365853659
HRJP;UNIDADE INTERNAÇÃO - CLINICA MÉDICA ALA B;2020,0;10,0;167,0;2191,0;37,0;4,513513513513513;59,21621621621622
HRJP;UNIDADE INTERNAÇÃO - CLINICA MÉDICA ALA B;2020,0;11,0;185,0;2883,0;67,0;2,7611940298507465;43,02985074626866
HRJP;UNIDADE INTERNAÇÃO - CLINICA MÉDICA ALA B;2020,0;12,0;195,0;3580,0;99,0;1,9696969696969697;36,16161616161616
HRJP;UNIDADE INTERNAÇÃO - CLINICA MÉDICA ALA B;2021,0;1,0;151,0;2966,0;52,0;2,9038461538461537;57,03846153846154
HRJP;UNIDADE INTERNAÇÃO - CLINICA MÉDICA ALA B;2021,0;2,0;124,0;2248,0;43,0;2,883720930232558;52,27906976744186
HRJP;UNIDADE INTERNAÇÃO - CLINICA MÉDICA ALA B;2021,0;3,0;198,0;4797,0;90,0;2,2;53,3
HRJP;UNIDADE INTERNAÇÃO - CLINICA MÉDICA ALA B;2021,0;4,0;154,0;3239,0;79,0;1,9493670886075949;41,0
HRJP;UNIDADE INTERNAÇÃO - CLINICA MÉDICA ALA B;2021,0;5,0;130,0;2448,0;35,0;3,7142857142857144;69,94285714285714
HRJP;UNIDADE INTERNAÇÃO - CLINICA MÉDICA ALA B;2021,0;6,0;67,0;1699,0;59,0;1,1355932203389831;28,796610169491526
HRJP;UNIDADE INTERNAÇÃO - CLINICA MÉDICA ALA B;2021,0;7,0;56,0;888,0;21,0;2,6666666666666665;42,285714285714285
HRJP;UNIDADE INTERNAÇÃO - CLINICA MÉDICA ALA B;2021,0;12,0;83,0;1141,0;26,0;3,1923076923076925;43,88461538461539
HRJP;UNIDADE INTERNAÇÃO - CLINICA MÉDICA ALA B;2022,0;1,0;101,0;1219,0;20,0;5,05;60,95
HRJP;UNIDADE INTERNAÇÃO - CLINICA MÉDICA ALA B;2022,0;2,0;118,0;1629,0;36,0;3,2777777777777777;45,25
HRJP;UNIDADE INTERNAÇÃO - CLINICA MÉDICA ALA B;2022,0;3,0;130,0;1743,0;46,0;2,8260869565217392;37,891304347826086
HRJP;UNIDADE INTERNAÇÃO - CLINICA MÉDICA ALA B;2022,0;4,0;81,0;1353,0;40,0;2,025;33,825
HRJP;UNIDADE INTERNAÇÃO - CLINICA MÉDICA ALA B;2022,0;5,0;74,0;1349,0;43,0;1,7209302325581395;31,372093023255815
HRJP;UNIDADE INTERNAÇÃO - CLINICA MÉDICA ALA B;2022,0;6,0;45,0;569,0;12,0;3,75;47,416666666666664
HRJP;UNIDADE INTERNAÇÃO - CLINICA MÉDICA ALA B;2022,0;7,0;21,0;479,0;12,0;1,75;39,916666666666664
HRJP;UNIDADE INTERNAÇÃO - CLINICA MÉDICA ALA B;2022,0;8,0;19,0;326,0;11,0;1,7272727272727273;29,636363636363637
HRJP;UNIDADE INTERNAÇÃO - CLINICA MÉDICA ALA B;2022,0;9,0;36,0;333,0;11,0;3,272727272727273;30,272727272727273
HRJP;UNIDADE INTERNAÇÃO - CLINICA MÉDICA ALA B;2022,0;10,0;44,0;525,0;10,0;4,4;52,5
HRJP;UNIDADE INTERNAÇÃO - CLINICA MÉDICA ALA B;2022,0;11,0;31,0;398,0;20,0;1,55;19,9
HRJP;UNIDADE INTERNAÇÃO - CLINICA MÉDICA ALA B;2022,0;12,0;18,0;201,0;7,0;2,5714285714285716;28,714285714285715
HRJP;UNIDADE INTERNAÇÃO - CLINICA MÉDICA ALA B;2023,0;1,0;17,0;208,0;4,0;4,25;52,0
HRJP;UNIDADE INTERNAÇÃO - CLINICA MÉDICA ALA B;2023,0;2,0;39,0;287,0;22,0;1,7727272727272727;13,045454545454545
HRJP;UNIDADE INTERNAÇÃO - CLINICA MÉDICA ALA B;2023,0;3,0;40,0;538,0;26,0;1,5384615384615385;20,692307692307693
HRJP;UNIDADE INTERNAÇÃO - CLINICA MÉDICA ALA B;2023,0;4,0;42,0;561,0;19,0;2,210526315789474;29,526315789473685
HRJP;UNIDADE INTERNAÇÃO - CLINICA MÉDICA ALA B;2023,0;5,0;62,0;604,0;23,0;2,6956521739130435;26,26086956521739
HRJP;UNIDADE INTERNAÇÃO - CLINICA MÉDICA ALA B;2023,0;6,0;32,0;423,0;22,0;1,4545454545454546;19,227272727272727
HRJP;UNIDADE INTERNAÇÃO - CLINICA MÉDICA ALA B;2023,0;7,0;31,0;434,0;19,0;1,631578947368421;22,842105263157894
HRJP;UNIDADE INTERNAÇÃO - CLINICA MÉDICA ALA B;2023,0;8,0;32,0;446,0;11,0;2,909090909090909;40,54545454545455
HRJP;UNIDADE INTERNAÇÃO - CLINICA MÉDICA ALA B;2023,0;9,0;26,0;413,0;18,0;1,4444444444444444;22,944444444444443
HRJP;UNIDADE INTERNAÇÃO - CLINICA MÉDICA ALA B;2023,0;10,0;48,0;641,0;14,0;3,4285714285714284;45,785714285714285
HRJP;UNIDADE INTERNAÇÃO - CLINICA MÉDICA ALA B;2023,0;11,0;55,0;665,0;19,0;2,8947368421052633;35,0
HRJP;UNIDADE INTERNAÇÃO - CLINICA MÉDICA ALA B;2023,0;12,0;41,0;743,0;21,0;1,9523809523809523;35,38095238095238
HRJP;UNIDADE INTERNAÇÃO - CLINICA MÉDICA ALA B;2024,0;1,0;34,0;674,0;8,0;4,25;84,25
HRJP;UNIDADE INTERNAÇÃO - CLINICA MÉDICA ALA B;2024,0;2,0;38,0;611,0;12,0;3,1666666666666665;50,916666666666664
HRJP;UNIDADE INTERNAÇÃO - CLINICA MÉDICA ALA B;2024,0;3,0;39,0;606,0;19,0;2,0526315789473686;31,894736842105264
HRJP;UNIDADE INTERNAÇÃO - CLINICA MÉDICA ALA B;2024,0;4,0;62,0;913,0;22,0;2,8181818181818183;41,5
HRJP;UNIDADE INTERNAÇÃO - CLINICA MÉDICA ALA B;2024,0;5,0;42,0;845,0;22,0;1,9090909090909092;38,40909090909091
HRJP;UNIDADE INTERNAÇÃO - CLINICA MÉDICA ALA B;2024,0;6,0;37,0;621,0;20,0;1,85;31,05
HRJP;UNIDADE INTERNAÇÃO - CLINICA MÉDICA ALA B;2024,0;7,0;41,0;521,0;17,0;2,411764705882353;30,647058823529413
HRJP;UNIDADE INTERNAÇÃO - CLINICA MÉDICA ALA B;2024,0;8,0;41,0;587,0;23,0;1,7826086956521738;25,52173913043478
HRJP;UNIDADE INTERNAÇÃO - CLINICA MÉDICA ALA B;2024,0;9,0;64,0;1012,0;20,0;3,2;50,6
HRJP;UNIDADE INTERNAÇÃO - CLINICA MÉDICA ALA B;2024,0;10,0;57,0;779,0;26,0;2,1923076923076925;29,96153846153846
HRJP;UNIDADE INTERNAÇÃO - CLINICA MÉDICA ALA B;2024,0;11,0;5,0;75,0;4,0;1,25;18,75
HRJP;UNIDADE INTERNAÇÃO - CLÍNICA MÉDICA ALA B;2024,0;11,0;47,0;522,0;29,0;1,6206896551724137;18,0
HRJP;UNIDADE INTERNAÇÃO - CLÍNICA MÉDICA ALA B;2024,0;12,0;19,0;329,0;29,0;0,6551724137931034;11,344827586206897
HRJP;UNIDADE INTERNAÇÃO - CLÍNICA MÉDICA ALA B;2025,0;1,0;11,0;174,0;32,0;0,34375;5,4375
HRJP;UNIDADE INTERNAÇÃO - CLÍNICA MÉDICA ALA B;2025,0;2,0;43,0;481,0;34,0;1,2647058823529411;14,147058823529411
HRJP;UNIDADE INTERNAÇÃO - CLÍNICA MÉDICA ALA B;2025,0;3,0;25,0;511,0;42,0;0,5952380952380952;12,166666666666666
HRJP;UNIDADE INTERNAÇÃO - CLÍNICA MÉDICA ALA B;2025,0;4,0;44,0;598,0;34,0;1,2941176470588236;17,58823529411765
HRJP;UNIDADE INTERNAÇÃO - CLÍNICA MÉDICA ALA B;2025,0;5,0;40,0;720,0;41,0;0,975609756097561;17,5609756097561
HRJP;UNIDADE INTERNAÇÃO - CLÍNICA MÉDICA ALA B;2025,0;6,0;56,0;815,0;37,0;1,5135135135135136;22,027027027027028
HRJP;UNIDADE INTERNAÇÃO - CLÍNICA MÉDICA ALA B;2025,0;7,0;26,0;432,0;29,0;0,896551724137931;14,89655172413793
HRJP;UNIDADE INTERNAÇÃO - CLÍNICA MÉDICA ALA B;2025,0;8,0;30,0;294,0;28,0;1,0714285714285714;10,5
HRJP;UNIDADE INTERNAÇÃO - CLÍNICA MÉDICA ALA B;2025,0;9,0;38,0;433,0;46,0;0,8260869565217391;9,41304347826087
HRJP;UNIDADE INTERNAÇÃO - CLÍNICA MÉDICA ALA B;2025,0;10,0;82,0;783,0;47,0;1,7446808510638299;16,659574468085108
HRJP;UNIDADE INTERNAÇÃO - CLÍNICA MÉDICA ALA B;2025,0;11,0;9,0;55,0;13,0;0,6923076923076923;4,230769230769231
HRJP;UNIDADE INTERNAÇÃO - CLÍNICA MÉDICA ALA B;2025,0;12,0;80,0;791,0;67,0;1,1940298507462686;11,805970149253731
HRJP;UNIDADE INTERNAÇÃO - CLÍNICA MÉDICA ALA B;2026,0;1,0;67,0;977,0;53,0;1,2641509433962264;18,433962264150942
HRJP;UNIDADE INTERNAÇÃO - CLÍNICA MÉDICA ALA B;2026,0;2,0;93,0;1322,0;83,0;1,1204819277108433;15,927710843373495
HRJP;UNIDADE INTERNAÇÃO - CLÍNICA MÉDICA ALA B;2026,0;3,0;118,0;1984,0;79,0;1,4936708860759493;25,11392405063291
HRJP;UNIDADE INTERNAÇÃO - CLÍNICA MÉDICA ALA B;2026,0;4,0;116,0;2265,0;84,0;1,380952380952381;26,964285714285715
HRJP;UNIDADE INTERNAÇÃO - CLÍNICA MÉDICA ALA B;2026,0;5,0;100,0;2575,0;81,0;1,2345679012345678;31,790123456790123
HRJP;UNIDADE INTERNAÇÃO - CLÍNICA MÉDICA ALA B;2026,0;6,0;104,0;1601,0;89,0;1,1685393258426966;17,98876404494382
HRJP;UNIDADE INTERNAÇÃO - CLÍNICA MÉDICA ALA B;2026,0;7,0;129,0;1520,0;82,0;1,5731707317073171;18,536585365853657
HRJP;UNIDADE INTERNAÇÃO - CLÍNICA MÉDICA ALA B;2026,0;8,0;84,0;1023,0;67,0;1,2537313432835822;15,26865671641791
HRJP;UNIDADE INTERNAÇÃO - CLINICA MÉDICA ALA C;2022,0;6,0;92,0;1161,0;34,0;2,7058823529411766;34,14705882352941
HRJP;UNIDADE INTERNAÇÃO - CLINICA MÉDICA ALA C;2022,0;7,0;116,0;1400,0;42,0;2,761904761904762;33,333333333333336
HRJP;UNIDADE INTERNAÇÃO - CLINICA MÉDICA ALA C;2022,0;8,0;124,0;1530,0;33,0;3,757575757575758;46,36363636363637
HRJP;UNIDADE INTERNAÇÃO - CLINICA MÉDICA ALA C;2022,0;9,0;124,0;1687,0;34,0;3,6470588235294117;49,61764705882353
HRJP;UNIDADE INTERNAÇÃO - CLINICA MÉDICA ALA C;2022,0;10,0;129,0;1464,0;27,0;4,777777777777778;54,22222222222222
HRJP;UNIDADE INTERNAÇÃO - CLINICA MÉDICA ALA C;2022,0;11,0;89,0;1205,0;29,0;3,0689655172413794;41,55172413793103
HRJP;UNIDADE INTERNAÇÃO - CLINICA MÉDICA ALA C;2022,0;12,0;128,0;1305,0;37,0;3,4594594594594597;35,270270270270274
HRJP;UNIDADE INTERNAÇÃO - CLINICA MÉDICA ALA C;2023,0;1,0;80,0;1104,0;21,0;3,8095238095238093;52,57142857142857
HRJP;UNIDADE INTERNAÇÃO - CLINICA MÉDICA ALA C;2023,0;2,0;83,0;853,0;29,0;2,8620689655172415;29,413793103448278
HRJP;UNIDADE INTERNAÇÃO - CLINICA MÉDICA ALA C;2023,0;3,0;153,0;1646,0;55,0;2,7818181818181817;29,927272727272726
HRJP;UNIDADE INTERNAÇÃO - CLINICA MÉDICA ALA C;2023,0;4,0;71,0;1030,0;34,0;2,088235294117647;30,294117647058822
HRJP;UNIDADE INTERNAÇÃO - CLINICA MÉDICA ALA C;2023,0;5,0;109,0;1154,0;39,0;2,7948717948717947;29,58974358974359
HRJP;UNIDADE INTERNAÇÃO - CLINICA MÉDICA ALA C;2023,0;6,0;106,0;1247,0;58,0;1,8275862068965518;21,5
HRJP;UNIDADE INTERNAÇÃO - CLINICA MÉDICA ALA C;2023,0;7,0;89,0;999,0;36,0;2,4722222222222223;27,75
HRJP;UNIDADE INTERNAÇÃO - CLINICA MÉDICA ALA C;2023,0;8,0;102,0;1216,0;39,0;2,6153846153846154;31,17948717948718
HRJP;UNIDADE INTERNAÇÃO - CLINICA MÉDICA ALA C;2023,0;9,0;46,0;959,0;41,0;1,1219512195121952;23,390243902439025
HRJP;UNIDADE INTERNAÇÃO - CLINICA MÉDICA ALA C;2023,0;10,0;80,0;815,0;30,0;2,6666666666666665;27,166666666666668
HRJP;UNIDADE INTERNAÇÃO - CLINICA MÉDICA ALA C;2023,0;11,0;54,0;915,0;40,0;1,35;22,875
HRJP;UNIDADE INTERNAÇÃO - CLINICA MÉDICA ALA C;2023,0;12,0;63,0;895,0;39,0;1,6153846153846154;22,94871794871795
HRJP;UNIDADE INTERNAÇÃO - CLINICA MÉDICA ALA C;2024,0;1,0;83,0;875,0;41,0;2,024390243902439;21,341463414634145
HRJP;UNIDADE INTERNAÇÃO - CLINICA MÉDICA ALA C;2024,0;2,0;79,0;977,0;19,0;4,157894736842105;51,421052631578945
HRJP;UNIDADE INTERNAÇÃO - CLINICA MÉDICA ALA C;2024,0;3,0;91,0;1673,0;55,0;1,6545454545454545;30,418181818181818
HRJP;UNIDADE INTERNAÇÃO - CLINICA MÉDICA ALA C;2024,0;4,0;120,0;1533,0;71,0;1,6901408450704225;21,591549295774648
HRJP;UNIDADE INTERNAÇÃO - CLINICA MÉDICA ALA C;2024,0;5,0;110,0;1377,0;49,0;2,2448979591836733;28,102040816326532
HRJP;UNIDADE INTERNAÇÃO - CLINICA MÉDICA ALA C;2024,0;6,0;64,0;1162,0;26,0;2,4615384615384617;44,69230769230769
HRJP;UNIDADE INTERNAÇÃO - CLINICA MÉDICA ALA C;2024,0;7,0;93,0;1202,0;39,0;2,3846153846153846;30,82051282051282
HRJP;UNIDADE INTERNAÇÃO - CLINICA MÉDICA ALA C;2024,0;8,0;83,0;982,0;34,0;2,4411764705882355;28,88235294117647
HRJP;UNIDADE INTERNAÇÃO - CLINICA MÉDICA ALA C;2024,0;9,0;101,0;1156,0;26,0;3,8846153846153846;44,46153846153846
HRJP;UNIDADE INTERNAÇÃO - CLINICA MÉDICA ALA C;2024,0;10,0;116,0;1144,0;49,0;2,36734693877551;23,346938775510203
HRJP;UNIDADE INTERNAÇÃO - CLINICA MÉDICA ALA C;2024,0;11,0;10,0;142,0;6,0;1,6666666666666667;23,666666666666668
HRJP;UNIDADE INTERNAÇÃO - CLÍNICA MÉDICA ALA C;2024,0;11,0;22,0;288,0;18,0;1,2222222222222223;16,0
HRJP;UNIDADE INTERNAÇÃO - CLÍNICA MÉDICA ALA C;2024,0;12,0;43,0;263,0;22,0;1,9545454545454546;11,954545454545455
HRJP;UNIDADE INTERNAÇÃO - CLÍNICA MÉDICA ALA C;2025,0;1,0;36,0;220,0;9,0;4,0;24,444444444444443
HRJP;UNIDADE INTERNAÇÃO - CLÍNICA MÉDICA ALA C;2025,0;2,0;40,0;398,0;23,0;1,7391304347826086;17,304347826086957
HRJP;UNIDADE INTERNAÇÃO - CLÍNICA MÉDICA ALA C;2025,0;3,0;32,0;398,0;25,0;1,28;15,92
HRJP;UNIDADE INTERNAÇÃO - CLÍNICA MÉDICA ALA C;2025,0;4,0;37,0;375,0;21,0;1,7619047619047619;17,857142857142858
HRJP;UNIDADE INTERNAÇÃO - CLÍNICA MÉDICA ALA C;2025,0;5,0;55,0;563,0;23,0;2,391304347826087;24,47826086956522
HRJP;UNIDADE INTERNAÇÃO - CLÍNICA MÉDICA ALA C;2025,0;6,0;37,0;372,0;18,0;2,0555555555555554;20,666666666666668
HRJP;UNIDADE INTERNAÇÃO - CLÍNICA MÉDICA ALA C;2025,0;7,0;35,0;410,0;22,0;1,5909090909090908;18,636363636363637
HRJP;UNIDADE INTERNAÇÃO - CLÍNICA MÉDICA ALA C;2025,0;8,0;42,0;346,0;23,0;1,826086956521739;15,043478260869565
HRJP;UNIDADE INTERNAÇÃO - CLÍNICA MÉDICA ALA C;2025,0;9,0;87,0;819,0;24,0;3,625;34,125
HRJP;UNIDADE INTERNAÇÃO - CLÍNICA MÉDICA ALA C;2025,0;10,0;58,0;437,0;28,0;2,0714285714285716;15,607142857142858
HRJP;UNIDADE INTERNAÇÃO - CLÍNICA MÉDICA ALA C;2025,0;11,0;44,0;497,0;15,0;2,933333333333333;33,13333333333333
HRJP;UNIDADE INTERNAÇÃO - CLÍNICA MÉDICA ALA C;2025,0;12,0;18,0;303,0;13,0;1,3846153846153846;23,307692307692307
HRJP;UNIDADE INTERNAÇÃO - CLÍNICA MÉDICA ALA C;2026,0;2,0;0,0;0,0;2,0;0,0;0,0
HRJP;UNIDADE INTERNAÇÃO - CLÍNICA MÉDICA ALA C;2026,0;3,0;5,0;12,0;16,0;0,3125;0,75
HRJP;UNIDADE INTERNAÇÃO - CLÍNICA MÉDICA ALA C;2026,0;4,0;3,0;1,0;6,0;0,5;0,16666666666666666
HRJP;UNIDADE INTERNAÇÃO - CLÍNICA MÉDICA ALA C;2026,0;5,0;27,0;210,0;19,0;1,4210526315789473;11,052631578947368
HRJP;UNIDADE INTERNAÇÃO - CLÍNICA MÉDICA ALA C;2026,0;6,0;57,0;730,0;42,0;1,3571428571428572;17,38095238095238
HRJP;UNIDADE INTERNAÇÃO - CLÍNICA MÉDICA ALA C;2026,0;7,0;87,0;852,0;47,0;1,851063829787234;18,127659574468087
HRJP;UNIDADE INTERNAÇÃO - CLÍNICA MÉDICA ALA C;2026,0;8,0;52,0;462,0;36,0;1,4444444444444444;12,833333333333334
HRJP;UNIDADE INTERNAÇÃO - CLINICA MÉDICA COVID 19;2021,0;7,0;10,0;185,0;3,0;3,3333333333333335;61,666666666666664
HRJP;UNIDADE INTERNAÇÃO - CLINICA MÉDICA COVID 19;2021,0;8,0;65,0;1016,0;25,0;2,6;40,64
HRJP;UNIDADE INTERNAÇÃO - CLINICA MÉDICA COVID 19;2021,0;9,0;69,0;1067,0;18,0;3,8333333333333335;59,27777777777778
HRJP;UNIDADE INTERNAÇÃO - CLINICA MÉDICA COVID 19;2021,0;10,0;54,0;784,0;21,0;2,5714285714285716;37,333333333333336
HRJP;UNIDADE INTERNAÇÃO - CLINICA MÉDICA COVID 19;2021,0;11,0;47,0;838,0;56,0;0,8392857142857143;14,964285714285714
HRJP;UNIDADE INTERNAÇÃO - CLINICA MÉDICA COVID 19;2021,0;12,0;11,0;175,0;10,0;1,1;17,5
HRJP;UNIDADE INTERNAÇÃO - CLINICA MÉDICA MASCULINA;2019,0;1,0;212,0;2385,0;54,0;3,925925925925926;44,166666666666664
HRJP;UNIDADE INTERNAÇÃO - CLINICA MÉDICA MASCULINA;2019,0;2,0;143,0;1896,0;62,0;2,306451612903226;30,580645161290324
HRJP;UNIDADE INTERNAÇÃO - CLINICA MÉDICA MASCULINA;2019,0;3,0;182,0;1866,0;47,0;3,872340425531915;39,702127659574465
HRJP;UNIDADE INTERNAÇÃO - CLINICA MÉDICA MASCULINA;2019,0;4,0;193,0;1858,0;55,0;3,5090909090909093;33,78181818181818
HRJP;UNIDADE INTERNAÇÃO - CLINICA MÉDICA MASCULINA;2019,0;5,0;236,0;2292,0;64,0;3,6875;35,8125
HRJP;UNIDADE INTERNAÇÃO - CLINICA MÉDICA MASCULINA;2019,0;6,0;141,0;1877,0;58,0;2,4310344827586206;32,36206896551724
HRJP;UNIDADE INTERNAÇÃO - CLINICA MÉDICA MASCULINA;2019,0;7,0;156,0;1627,0;65,0;2,4;25,03076923076923
HRJP;UNIDADE INTERNAÇÃO - CLINICA MÉDICA MASCULINA;2019,0;8,0;155,0;1780,0;59,0;2,6271186440677967;30,16949152542373
HRJP;UNIDADE INTERNAÇÃO - CLINICA MÉDICA MASCULINA;2019,0;9,0;144,0;1969,0;52,0;2,769230769230769;37,86538461538461
HRJP;UNIDADE INTERNAÇÃO - CLINICA MÉDICA MASCULINA;2019,0;10,0;217,0;2376,0;56,0;3,875;42,42857142857143
HRJP;UNIDADE INTERNAÇÃO - CLINICA MÉDICA MASCULINA;2019,0;11,0;195,0;2329,0;70,0;2,7857142857142856;33,27142857142857
HRJP;UNIDADE INTERNAÇÃO - CLINICA MÉDICA MASCULINA;2019,0;12,0;157,0;1833,0;57,0;2,754385964912281;32,1578947368421
HRJP;UNIDADE INTERNAÇÃO - CLINICA MÉDICA MASCULINA;2020,0;1,0;126,0;1363,0;55,0;2,290909090909091;24,78181818181818
HRJP;UNIDADE INTERNAÇÃO - CLINICA MÉDICA MASCULINA;2020,0;2,0;134,0;1448,0;61,0;2,19672131147541;23,737704918032787
HRJP;UNIDADE INTERNAÇÃO - CLINICA MÉDICA MASCULINA;2020,0;3,0;129,0;1545,0;69,0;1,8695652173913044;22,391304347826086
HRJP;UNIDADE INTERNAÇÃO - CLINICA MÉDICA MASCULINA;2020,0;4,0;0,0;33,0;1,0;0,0;33,0
HRJP;UNIDADE INTERNAÇÃO - CLINICA MÉDICA MASCULINA;2021,0;7,0;56,0;836,0;16,0;3,5;52,25
HRJP;UNIDADE INTERNAÇÃO - CLINICA PEDIÁTRICA;2019,0;1,0;107,0;937,0;71,0;1,5070422535211268;13,19718309859155
HRJP;UNIDADE INTERNAÇÃO - CLINICA PEDIÁTRICA;2019,0;2,0;55,0;663,0;78,0;0,7051282051282052;8,5
HRJP;UNIDADE INTERNAÇÃO - CLINICA PEDIÁTRICA;2019,0;3,0;52,0;741,0;72,0;0,7222222222222222;10,291666666666666
HRJP;UNIDADE INTERNAÇÃO - CLINICA PEDIÁTRICA;2019,0;4,0;102,0;1176,0;77,0;1,3246753246753247;15,272727272727273
HRJP;UNIDADE INTERNAÇÃO - CLINICA PEDIÁTRICA;2019,0;5,0;96,0;1068,0;97,0;0,9896907216494846;11,010309278350515
HRJP;UNIDADE INTERNAÇÃO - CLINICA PEDIÁTRICA;2019,0;6,0;100,0;1029,0;70,0;1,4285714285714286;14,7
HRJP;UNIDADE INTERNAÇÃO - CLINICA PEDIÁTRICA;2019,0;7,0;77,0;1056,0;69,0;1,1159420289855073;15,304347826086957
HRJP;UNIDADE INTERNAÇÃO - CLINICA PEDIÁTRICA;2019,0;8,0;77,0;719,0;66,0;1,1666666666666667;10,893939393939394
HRJP;UNIDADE INTERNAÇÃO - CLINICA PEDIÁTRICA;2019,0;9,0;73,0;1010,0;63,0;1,1587301587301588;16,03174603174603
HRJP;UNIDADE INTERNAÇÃO - CLINICA PEDIÁTRICA;2019,0;10,0;86,0;711,0;79,0;1,0886075949367089;9,0
HRJP;UNIDADE INTERNAÇÃO - CLINICA PEDIÁTRICA;2019,0;11,0;103,0;788,0;63,0;1,6349206349206349;12,507936507936508
HRJP;UNIDADE INTERNAÇÃO - CLINICA PEDIÁTRICA;2019,0;12,0;117,0;964,0;60,0;1,95;16,066666666666666
HRJP;UNIDADE INTERNAÇÃO - CLINICA PEDIÁTRICA;2020,0;1,0;69,0;921,0;74,0;0,9324324324324325;12,445945945945946
HRJP;UNIDADE INTERNAÇÃO - CLINICA PEDIÁTRICA;2020,0;2,0;77,0;1033,0;66,0;1,1666666666666667;15,651515151515152
HRJP;UNIDADE INTERNAÇÃO - CLINICA PEDIÁTRICA;2020,0;3,0;89,0;1200,0;65,0;1,3692307692307693;18,46153846153846
HRJP;UNIDADE INTERNAÇÃO - CLINICA PEDIÁTRICA;2020,0;4,0;50,0;789,0;29,0;1,7241379310344827;27,20689655172414
HRJP;UNIDADE INTERNAÇÃO - CLINICA PEDIÁTRICA;2020,0;5,0;64,0;1062,0;41,0;1,5609756097560976;25,902439024390244
HRJP;UNIDADE INTERNAÇÃO - CLINICA PEDIÁTRICA;2020,0;6,0;52,0;711,0;38,0;1,368421052631579;18,710526315789473
HRJP;UNIDADE INTERNAÇÃO - CLINICA PEDIÁTRICA;2020,0;7,0;63,0;1086,0;67,0;0,9402985074626866;16,208955223880597
HRJP;UNIDADE INTERNAÇÃO - CLINICA PEDIÁTRICA;2020,0;8,0;66,0;1107,0;52,0;1,2692307692307692;21,28846153846154
HRJP;UNIDADE INTERNAÇÃO - CLINICA PEDIÁTRICA;2020,0;9,0;66,0;1078,0;51,0;1,2941176470588236;21,137254901960784
HRJP;UNIDADE INTERNAÇÃO - CLINICA PEDIÁTRICA;2020,0;10,0;79,0;1278,0;62,0;1,2741935483870968;20,612903225806452
HRJP;UNIDADE INTERNAÇÃO - CLINICA PEDIÁTRICA;2020,0;11,0;55,0;1206,0;44,0;1,25;27,40909090909091
HRJP;UNIDADE INTERNAÇÃO - CLINICA PEDIÁTRICA;2020,0;12,0;75,0;1205,0;47,0;1,5957446808510638;25,638297872340427
HRJP;UNIDADE INTERNAÇÃO - CLINICA PEDIÁTRICA;2021,0;1,0;85,0;1347,0;51,0;1,6666666666666667;26,41176470588235
HRJP;UNIDADE INTERNAÇÃO - CLINICA PEDIÁTRICA;2021,0;2,0;76,0;971,0;45,0;1,6888888888888889;21,57777777777778
HRJP;UNIDADE INTERNAÇÃO - CLINICA PEDIÁTRICA;2021,0;3,0;101,0;1588,0;81,0;1,2469135802469136;19,604938271604937
HRJP;UNIDADE INTERNAÇÃO - CLINICA PEDIÁTRICA;2021,0;4,0;77,0;1256,0;65,0;1,1846153846153846;19,323076923076922
HRJP;UNIDADE INTERNAÇÃO - CLINICA PEDIÁTRICA;2021,0;5,0;92,0;1497,0;73,0;1,2602739726027397;20,506849315068493
HRJP;UNIDADE INTERNAÇÃO - CLINICA PEDIÁTRICA;2021,0;6,0;83,0;1069,0;59,0;1,4067796610169492;18,11864406779661
HRJP;UNIDADE INTERNAÇÃO - CLINICA PEDIÁTRICA;2021,0;7,0;52,0;1096,0;68,0;0,7647058823529411;16,11764705882353
HRJP;UNIDADE INTERNAÇÃO - CLINICA PEDIÁTRICA;2021,0;8,0;58,0;1133,0;67,0;0,8656716417910447;16,91044776119403
HRJP;UNIDADE INTERNAÇÃO - CLINICA PEDIÁTRICA;2021,0;9,0;60,0;942,0;57,0;1,0526315789473684;16,526315789473685
HRJP;UNIDADE INTERNAÇÃO - CLINICA PEDIÁTRICA;2021,0;10,0;69,0;858,0;49,0;1,4081632653061225;17,510204081632654
HRJP;UNIDADE INTERNAÇÃO - CLINICA PEDIÁTRICA;2021,0;11,0;74,0;886,0;54,0;1,3703703703703705;16,40740740740741
HRJP;UNIDADE INTERNAÇÃO - CLINICA PEDIÁTRICA;2021,0;12,0;71,0;1084,0;59,0;1,2033898305084745;18,372881355932204
HRJP;UNIDADE INTERNAÇÃO - CLINICA PEDIÁTRICA;2022,0;1,0;76,0;1126,0;74,0;1,027027027027027;15,216216216216216
HRJP;UNIDADE INTERNAÇÃO - CLINICA PEDIÁTRICA;2022,0;2,0;82,0;1328,0;65,0;1,2615384615384615;20,43076923076923
HRJP;UNIDADE INTERNAÇÃO - CLINICA PEDIÁTRICA;2022,0;3,0;99,0;1513,0;90,0;1,1;16,81111111111111
HRJP;UNIDADE INTERNAÇÃO - CLINICA PEDIÁTRICA;2022,0;4,0;123,0;1811,0;107,0;1,1495327102803738;16,925233644859812
HRJP;UNIDADE INTERNAÇÃO - CLINICA PEDIÁTRICA;2022,0;5,0;150,0;1653,0;107,0;1,4018691588785046;15,448598130841122
HRJP;UNIDADE INTERNAÇÃO - CLINICA PEDIÁTRICA;2022,0;6,0;135,0;1509,0;77,0;1,7532467532467533;19,5974025974026
HRJP;UNIDADE INTERNAÇÃO - CLINICA PEDIÁTRICA;2022,0;7,0;88,0;1198,0;75,0;1,1733333333333333;15,973333333333333
HRJP;UNIDADE INTERNAÇÃO - CLINICA PEDIÁTRICA;2022,0;8,0;70,0;1236,0;89,0;0,7865168539325843;13,887640449438202
HRJP;UNIDADE INTERNAÇÃO - CLINICA PEDIÁTRICA;2022,0;9,0;58,0;784,0;71,0;0,8169014084507042;11,04225352112676
HRJP;UNIDADE INTERNAÇÃO - CLINICA PEDIÁTRICA;2022,0;10,0;101,0;1285,0;72,0;1,4027777777777777;17,84722222222222
HRJP;UNIDADE INTERNAÇÃO - CLINICA PEDIÁTRICA;2022,0;11,0;116,0;1634,0;81,0;1,4320987654320987;20,17283950617284
HRJP;UNIDADE INTERNAÇÃO - CLINICA PEDIÁTRICA;2022,0;12,0;66,0;1183,0;71,0;0,9295774647887324;16,661971830985916
HRJP;UNIDADE INTERNAÇÃO - CLINICA PEDIÁTRICA;2023,0;1,0;97,0;1517,0;66,0;1,4696969696969697;22,984848484848484
HRJP;UNIDADE INTERNAÇÃO - CLINICA PEDIÁTRICA;2023,0;2,0;67,0;976,0;65,0;1,0307692307692307;15,015384615384615
HRJP;UNIDADE INTERNAÇÃO - CLINICA PEDIÁTRICA;2023,0;3,0;116,0;1868,0;95,0;1,2210526315789474;19,66315789473684
HRJP;UNIDADE INTERNAÇÃO - CLINICA PEDIÁTRICA;2023,0;4,0;127,0;1954,0;88,0;1,4431818181818181;22,204545454545453
HRJP;UNIDADE INTERNAÇÃO - CLINICA PEDIÁTRICA;2023,0;5,0;120,0;1599,0;90,0;1,3333333333333333;17,766666666666666
HRJP;UNIDADE INTERNAÇÃO - CLINICA PEDIÁTRICA;2023,0;6,0;102,0;1057,0;100,0;1,02;10,57
HRJP;UNIDADE INTERNAÇÃO - CLINICA PEDIÁTRICA;2023,0;7,0;105,0;1535,0;74,0;1,4189189189189189;20,743243243243242
HRJP;UNIDADE INTERNAÇÃO - CLINICA PEDIÁTRICA;2023,0;8,0;114,0;1380,0;77,0;1,4805194805194806;17,92207792207792
HRJP;UNIDADE INTERNAÇÃO - CLINICA PEDIÁTRICA;2023,0;9,0;105,0;1549,0;73,0;1,4383561643835616;21,21917808219178
HRJP;UNIDADE INTERNAÇÃO - CLINICA PEDIÁTRICA;2023,0;10,0;73,0;1103,0;86,0;0,8488372093023255;12,825581395348838
HRJP;UNIDADE INTERNAÇÃO - CLINICA PEDIÁTRICA;2023,0;11,0;68,0;1192,0;87,0;0,7816091954022989;13,701149425287356
HRJP;UNIDADE INTERNAÇÃO - CLINICA PEDIÁTRICA;2023,0;12,0;87,0;1146,0;72,0;1,2083333333333333;15,916666666666666
HRJP;UNIDADE INTERNAÇÃO - CLINICA PEDIÁTRICA;2024,0;1,0;82,0;1160,0;54,0;1,5185185185185186;21,48148148148148
HRJP;UNIDADE INTERNAÇÃO - CLINICA PEDIÁTRICA;2024,0;2,0;74,0;1451,0;72,0;1,0277777777777777;20,15277777777778
HRJP;UNIDADE INTERNAÇÃO - CLINICA PEDIÁTRICA;2024,0;3,0;51,0;1533,0;66,0;0,7727272727272727;23,227272727272727
HRJP;UNIDADE INTERNAÇÃO - CLINICA PEDIÁTRICA;2024,0;4,0;117,0;1929,0;80,0;1,4625;24,1125
HRJP;UNIDADE INTERNAÇÃO - CLINICA PEDIÁTRICA;2024,0;5,0;109,0;1518,0;90,0;1,211111111111111;16,866666666666667
HRJP;UNIDADE INTERNAÇÃO - CLINICA PEDIÁTRICA;2024,0;6,0;77,0;1384,0;87,0;0,8850574712643678;15,908045977011493
HRJP;UNIDADE INTERNAÇÃO - CLINICA PEDIÁTRICA;2024,0;7,0;73,0;1587,0;69,0;1,0579710144927537;23,0
HRJP;UNIDADE INTERNAÇÃO - CLINICA PEDIÁTRICA;2024,0;8,0;87,0;1323,0;66,0;1,3181818181818181;20,045454545454547
HRJP;UNIDADE INTERNAÇÃO - CLINICA PEDIÁTRICA;2024,0;9,0;84,0;1188,0;88,0;0,9545454545454546;13,5
HRJP;UNIDADE INTERNAÇÃO - CLINICA PEDIÁTRICA;2024,0;10,0;105,0;1409,0;102,0;1,0294117647058822;13,813725490196079
HRJP;UNIDADE INTERNAÇÃO - CLINICA PEDIÁTRICA;2024,0;11,0;18,0;234,0;12,0;1,5;19,5
HRJP;UNIDADE INTERNAÇÃO - CLÍNICA PEDIÁTRICA;2024,0;11,0;44,0;570,0;61,0;0,7213114754098361;9,344262295081966
HRJP;UNIDADE INTERNAÇÃO - CLÍNICA PEDIÁTRICA;2024,0;12,0;57,0;936,0;66,0;0,8636363636363636;14,181818181818182
HRJP;UNIDADE INTERNAÇÃO - CLÍNICA PEDIÁTRICA;2025,0;1,0;47,0;786,0;66,0;0,7121212121212122;11,909090909090908
HRJP;UNIDADE INTERNAÇÃO - CLÍNICA PEDIÁTRICA;2025,0;2,0;43,0;693,0;70,0;0,6142857142857143;9,9
HRJP;UNIDADE INTERNAÇÃO - CLÍNICA PEDIÁTRICA;2025,0;3,0;37,0;711,0;66,0;0,5606060606060606;10,772727272727273
HRJP;UNIDADE INTERNAÇÃO - CLÍNICA PEDIÁTRICA;2025,0;4,0;79,0;978,0;83,0;0,9518072289156626;11,783132530120483
HRJP;UNIDADE INTERNAÇÃO - CLÍNICA PEDIÁTRICA;2025,0;5,0;70,0;1183,0;110,0;0,6363636363636364;10,754545454545454
HRJP;UNIDADE INTERNAÇÃO - CLÍNICA PEDIÁTRICA;2025,0;6,0;81,0;1495,0;83,0;0,9759036144578314;18,012048192771083
HRJP;UNIDADE INTERNAÇÃO - CLÍNICA PEDIÁTRICA;2025,0;7,0;65,0;1109,0;94,0;0,6914893617021277;11,797872340425531
HRJP;UNIDADE INTERNAÇÃO - CLÍNICA PEDIÁTRICA;2025,0;8,0;68,0;956,0;71,0;0,9577464788732394;13,464788732394366
HRJP;UNIDADE INTERNAÇÃO - CLÍNICA PEDIÁTRICA;2025,0;9,0;76,0;882,0;71,0;1,0704225352112675;12,422535211267606
HRJP;UNIDADE INTERNAÇÃO - CLÍNICA PEDIÁTRICA;2025,0;10,0;100,0;863,0;70,0;1,4285714285714286;12,32857142857143
HRJP;UNIDADE INTERNAÇÃO - CLÍNICA PEDIÁTRICA;2025,0;11,0;78,0;795,0;64,0;1,21875;12,421875
HRJP;UNIDADE INTERNAÇÃO - CLÍNICA PEDIÁTRICA;2025,0;12,0;80,0;1106,0;54,0;1,4814814814814814;20,48148148148148
HRJP;UNIDADE INTERNAÇÃO - CLÍNICA PEDIÁTRICA;2026,0;1,0;61,0;803,0;62,0;0,9838709677419355;12,951612903225806
HRJP;UNIDADE INTERNAÇÃO - CLÍNICA PEDIÁTRICA;2026,0;2,0;83,0;647,0;55,0;1,509090909090909;11,763636363636364
HRJP;UNIDADE INTERNAÇÃO - CLÍNICA PEDIÁTRICA;2026,0;3,0;90,0;745,0;72,0;1,25;10,347222222222221
HRJP;UNIDADE INTERNAÇÃO - CLÍNICA PEDIÁTRICA;2026,0;4,0;60,0;833,0;60,0;1,0;13,883333333333333
HRJP;UNIDADE INTERNAÇÃO - CLÍNICA PEDIÁTRICA;2026,0;5,0;75,0;959,0;57,0;1,3157894736842106;16,82456140350877
HRJP;UNIDADE INTERNAÇÃO - CLÍNICA PEDIÁTRICA;2026,0;6,0;55,0;906,0;80,0;0,6875;11,325
HRJP;UNIDADE INTERNAÇÃO - CLÍNICA PEDIÁTRICA;2026,0;7,0;72,0;767,0;76,0;0,9473684210526315;10,092105263157896
HRJP;UNIDADE INTERNAÇÃO - CLÍNICA PEDIÁTRICA;2026,0;8,0;44,0;417,0;54,0;0,8148148148148148;7,722222222222222
HRJP;UNIDADE INTERNAÇÃO - CLÍNICA PSIQUIÁTRICA ALA A;2024,0;11,0;6,0;93,0;11,0;0,5454545454545454;8,454545454545455
HRJP;UNIDADE INTERNAÇÃO - CLÍNICA PSIQUIÁTRICA ALA A;2024,0;12,0;10,0;138,0;6,0;1,6666666666666667;23,0
HRJP;UNIDADE INTERNAÇÃO - CLÍNICA PSIQUIÁTRICA ALA A;2025,0;1,0;3,0;69,0;4,0;0,75;17,25
HRJP;UNIDADE INTERNAÇÃO - CLÍNICA PSIQUIÁTRICA ALA A;2025,0;2,0;13,0;193,0;8,0;1,625;24,125
HRJP;UNIDADE INTERNAÇÃO - CLÍNICA PSIQUIÁTRICA ALA A;2025,0;3,0;4,0;54,0;4,0;1,0;13,5
HRJP;UNIDADE INTERNAÇÃO - CLÍNICA PSIQUIÁTRICA ALA A;2025,0;4,0;14,0;170,0;9,0;1,5555555555555556;18,88888888888889
HRJP;UNIDADE INTERNAÇÃO - CLÍNICA PSIQUIÁTRICA ALA A;2025,0;5,0;14,0;154,0;15,0;0,9333333333333333;10,266666666666667
HRJP;UNIDADE INTERNAÇÃO - CLÍNICA PSIQUIÁTRICA ALA A;2025,0;6,0;1,0;45,0;5,0;0,2;9,0
HRJP;UNIDADE INTERNAÇÃO - CLÍNICA PSIQUIÁTRICA ALA A;2025,0;7,0;4,0;61,0;7,0;0,5714285714285714;8,714285714285714
HRJP;UNIDADE INTERNAÇÃO - CLÍNICA PSIQUIÁTRICA ALA A;2025,0;8,0;3,0;42,0;4,0;0,75;10,5
HRJP;UNIDADE INTERNAÇÃO - CLÍNICA PSIQUIÁTRICA ALA A;2025,0;9,0;7,0;86,0;5,0;1,4;17,2
HRJP;UNIDADE INTERNAÇÃO - CLÍNICA PSIQUIÁTRICA ALA A;2025,0;10,0;2,0;87,0;10,0;0,2;8,7
HRJP;UNIDADE INTERNAÇÃO - CLÍNICA PSIQUIÁTRICA ALA A;2025,0;11,0;20,0;265,0;17,0;1,1764705882352942;15,588235294117647
HRJP;UNIDADE INTERNAÇÃO - CLÍNICA PSIQUIÁTRICA ALA A;2025,0;12,0;3,0;211,0;1,0;3,0;211,0
HRJP;UNIDADE INTERNAÇÃO - CLÍNICA PSIQUIÁTRICA ALA A;2026,0;3,0;9,0;169,0;4,0;2,25;42,25
HRJP;UNIDADE INTERNAÇÃO - CLÍNICA PSIQUIÁTRICA ALA A;2026,0;4,0;8,0;201,0;2,0;4,0;100,5
HRJP;UNIDADE INTERNAÇÃO - CLÍNICA PSIQUIÁTRICA ALA A;2026,0;5,0;0,0;30,0;2,0;0,0;15,0
HRJP;UNIDADE INTERNAÇÃO - CLÍNICA PSIQUIÁTRICA ALA C;2024,0;11,0;1,0;26,0;4,0;0,25;6,5
HRJP;UNIDADE INTERNAÇÃO - CLÍNICA PSIQUIÁTRICA ALA C;2024,0;12,0;6,0;39,0;2,0;3,0;19,5
HRJP;UNIDADE INTERNAÇÃO - CLÍNICA PSIQUIÁTRICA ALA C;2025,0;1,0;6,0;87,0;3,0;2,0;29,0
HRJP;UNIDADE INTERNAÇÃO - CLÍNICA PSIQUIÁTRICA ALA C;2025,0;2,0;1,0;26,0;1,0;1,0;26,0
HRJP;UNIDADE INTERNAÇÃO - CLÍNICA PSIQUIÁTRICA ALA C;2025,0;3,0;9,0;30,0;4,0;2,25;7,5
HRJP;UNIDADE INTERNAÇÃO - CLÍNICA PSIQUIÁTRICA ALA C;2025,0;4,0;0,0;40,0;3,0;0,0;13,333333333333334
HRJP;UNIDADE INTERNAÇÃO - CLÍNICA PSIQUIÁTRICA ALA C;2025,0;5,0;1,0;28,0;3,0;0,3333333333333333;9,333333333333334
HRJP;UNIDADE INTERNAÇÃO - CLÍNICA PSIQUIÁTRICA ALA C;2025,0;6,0;2,0;39,0;5,0;0,4;7,8
HRJP;UNIDADE INTERNAÇÃO - CLÍNICA PSIQUIÁTRICA ALA C;2025,0;7,0;5,0;85,0;3,0;1,6666666666666667;28,333333333333332
HRJP;UNIDADE INTERNAÇÃO - CLÍNICA PSIQUIÁTRICA ALA C;2025,0;8,0;0,0;19,0;1,0;0,0;19,0
HRJP;UNIDADE INTERNAÇÃO - CLÍNICA PSIQUIÁTRICA ALA C;2025,0;9,0;0,0;27,0;3,0;0,0;9,0
HRJP;UNIDADE INTERNAÇÃO - CLÍNICA PSIQUIÁTRICA ALA C;2025,0;10,0;0,0;46,0;6,0;0,0;7,666666666666667
HRJP;UNIDADE INTERNAÇÃO - CLÍNICA PSIQUIÁTRICA ALA C;2025,0;11,0;18,0;125,0;12,0;1,5;10,416666666666666
HRJP;UNIDADE INTERNAÇÃO - CLÍNICA PSIQUIÁTRICA ALA C;2025,0;12,0;1,0;90,0;5,0;0,2;18,0
HRJP;UNIDADE INTERNAÇÃO - CLÍNICA PSIQUIÁTRICA ALA C;2026,0;3,0;0,0;0,0;1,0;0,0;0,0
HRJP;UNIDADE INTERNAÇÃO - CLÍNICA PSIQUIÁTRICA ALA C;2026,0;5,0;0,0;53,0;3,0;0,0;17,666666666666668
HRJP;UNIDADE INTERNAÇÃO - CLÍNICA PSIQUIÁTRICA ALA C;2026,0;6,0;4,0;39,0;4,0;1,0;9,75
HRJP;UNIDADE INTERNAÇÃO - CLINICA TISIOLÓGICA ALA B;2022,0;6,0;25,0;297,0;10,0;2,5;29,7
HRJP;UNIDADE INTERNAÇÃO - CLINICA TISIOLÓGICA ALA B;2022,0;7,0;10,0;241,0;3,0;3,3333333333333335;80,33333333333333
HRJP;UNIDADE INTERNAÇÃO - CLINICA TISIOLÓGICA ALA B;2022,0;11,0;5,0;301,0;1,0;5,0;301,0
HRJP;UNIDADE INTERNAÇÃO - CLINICA TISIOLÓGICA ALA B;2022,0;12,0;12,0;220,0;3,0;4,0;73,33333333333333
HRJP;UNIDADE INTERNAÇÃO - CLINICA TISIOLÓGICA ALA B;2023,0;1,0;5,0;114,0;3,0;1,6666666666666667;38,0
HRJP;UNIDADE INTERNAÇÃO - CLINICA TISIOLÓGICA ALA B;2023,0;2,0;7,0;147,0;5,0;1,4;29,4
HRJP;UNIDADE INTERNAÇÃO - CLINICA TISIOLÓGICA ALA B;2023,0;3,0;7,0;130,0;2,0;3,5;65,0
HRJP;UNIDADE INTERNAÇÃO - CLINICA TISIOLÓGICA ALA B;2023,0;4,0;12,0;291,0;1,0;12,0;291,0
HRJP;UNIDADE INTERNAÇÃO - CLINICA TISIOLÓGICA ALA B;2023,0;5,0;11,0;198,0;3,0;3,6666666666666665;66,0
HRJP;UNIDADE INTERNAÇÃO - CLINICA TISIOLÓGICA ALA B;2023,0;6,0;6,0;95,0;1,0;6,0;95,0
HRJP;UNIDADE INTERNAÇÃO - CLINICA TISIOLÓGICA ALA B;2023,0;7,0;10,0;177,0;2,0;5,0;88,5
HRJP;UNIDADE INTERNAÇÃO - CLINICA TISIOLÓGICA ALA B;2023,0;8,0;11,0;173,0;4,0;2,75;43,25
HRJP;UNIDADE INTERNAÇÃO - CLINICA TISIOLÓGICA ALA B;2023,0;9,0;8,0;138,0;3,0;2,6666666666666665;46,0
HRJP;UNIDADE INTERNAÇÃO - CLINICA TISIOLÓGICA ALA B;2023,0;10,0;6,0;56,0;1,0;6,0;56,0
HRJP;UNIDADE INTERNAÇÃO - CLINICA TISIOLÓGICA ALA B;2023,0;11,0;10,0;111,0;1,0;10,0;111,0
HRJP;UNIDADE INTERNAÇÃO - CLINICA TISIOLÓGICA ALA B;2023,0;12,0;13,0;181,0;2,0;6,5;90,5
HRJP;UNIDADE INTERNAÇÃO - CLINICA TISIOLÓGICA ALA B;2024,0;1,0;10,0;151,0;4,0;2,5;37,75
HRJP;UNIDADE INTERNAÇÃO - CLINICA TISIOLÓGICA ALA B;2024,0;2,0;12,0;160,0;1,0;12,0;160,0
HRJP;UNIDADE INTERNAÇÃO - CLINICA TISIOLÓGICA ALA B;2024,0;3,0;10,0;198,0;1,0;10,0;198,0
HRJP;UNIDADE INTERNAÇÃO - CLINICA TISIOLÓGICA ALA B;2024,0;4,0;3,0;103,0;1,0;3,0;103,0
HRJP;UNIDADE INTERNAÇÃO - CLINICA TISIOLÓGICA ALA B;2024,0;5,0;3,0;117,0;1,0;3,0;117,0
HRJP;UNIDADE INTERNAÇÃO - CLINICA TISIOLÓGICA ALA B;2024,0;7,0;6,0;108,0;3,0;2,0;36,0
HRJP;UNIDADE INTERNAÇÃO - CLINICA TISIOLÓGICA ALA B;2024,0;8,0;5,0;70,0;1,0;5,0;70,0
HRJP;UNIDADE INTERNAÇÃO - CLINICA TISIOLÓGICA ALA B;2024,0;9,0;5,0;98,0;2,0;2,5;49,0
HRJP;UNIDADE INTERNAÇÃO - CLINICA TISIOLÓGICA ALA B;2024,0;10,0;9,0;131,0;2,0;4,5;65,5
HRJP;UNIDADE INTERNAÇÃO - CLÍNICA TISIOLÓGICA ALA B;2024,0;11,0;7,0;59,0;4,0;1,75;14,75
HRJP;UNIDADE INTERNAÇÃO - CLÍNICA TISIOLÓGICA ALA B;2024,0;12,0;6,0;124,0;3,0;2,0;41,333333333333336
HRJP;UNIDADE INTERNAÇÃO - CLÍNICA TISIOLÓGICA ALA B;2025,0;1,0;20,0;106,0;3,0;6,666666666666667;35,333333333333336
HRJP;UNIDADE INTERNAÇÃO - CLÍNICA TISIOLÓGICA ALA B;2025,0;2,0;19,0;218,0;2,0;9,5;109,0
HRJP;UNIDADE INTERNAÇÃO - CLÍNICA TISIOLÓGICA ALA B;2025,0;3,0;8,0;113,0;3,0;2,6666666666666665;37,666666666666664
HRJP;UNIDADE INTERNAÇÃO - CLÍNICA TISIOLÓGICA ALA B;2025,0;4,0;9,0;121,0;1,0;9,0;121,0
HRJP;UNIDADE INTERNAÇÃO - CLÍNICA TISIOLÓGICA ALA B;2025,0;5,0;6,0;151,0;1,0;6,0;151,0
HRJP;UNIDADE INTERNAÇÃO - CLÍNICA TISIOLÓGICA ALA B;2025,0;6,0;5,0;80,0;3,0;1,6666666666666667;26,666666666666668
HRJP;UNIDADE INTERNAÇÃO - CLÍNICA TISIOLÓGICA ALA B;2025,0;7,0;6,0;107,0;3,0;2,0;35,666666666666664
HRJP;UNIDADE INTERNAÇÃO - CLÍNICA TISIOLÓGICA ALA B;2025,0;9,0;9,0;122,0;3,0;3,0;40,666666666666664
HRJP;UNIDADE INTERNAÇÃO - CLÍNICA TISIOLÓGICA ALA B;2025,0;10,0;25,0;248,0;3,0;8,333333333333334;82,66666666666667
HRJP;UNIDADE INTERNAÇÃO - CLÍNICA TISIOLÓGICA ALA B;2025,0;12,0;5,0;108,0;5,0;1,0;21,6
HRJP;UNIDADE INTERNAÇÃO - CLÍNICA TISIOLÓGICA ALA B;2026,0;1,0;8,0;116,0;2,0;4,0;58,0
HRJP;UNIDADE INTERNAÇÃO - CLÍNICA TISIOLÓGICA ALA B;2026,0;2,0;9,0;188,0;2,0;4,5;94,0
HRJP;UNIDADE INTERNAÇÃO - CLÍNICA TISIOLÓGICA ALA B;2026,0;3,0;11,0;136,0;2,0;5,5;68,0
HRJP;UNIDADE INTERNAÇÃO - CLÍNICA TISIOLÓGICA ALA B;2026,0;5,0;7,0;61,0;1,0;7,0;61,0
HRJP;UNIDADE INTERNAÇÃO - CLÍNICA TISIOLÓGICA ALA B;2026,0;6,0;10,0;177,0;2,0;5,0;88,5
HRJP;UNIDADE INTERNAÇÃO - CLÍNICA TISIOLÓGICA ALA B;2026,0;7,0;10,0;153,0;4,0;2,5;38,25
HRJP;UNIDADE INTERNAÇÃO - CLÍNICA TISIOLÓGICA ALA B;2026,0;8,0;17,0;157,0;2,0;8,5;78,5
HRJP;UNIDADE INTERNAÇÃO - CLINICA TISIOLÓGICA ALA C;2019,0;1,0;143,0;1705,0;28,0;5,107142857142857;60,892857142857146
HRJP;UNIDADE INTERNAÇÃO - CLINICA TISIOLÓGICA ALA C;2019,0;2,0;119,0;1206,0;22,0;5,409090909090909;54,81818181818182
HRJP;UNIDADE INTERNAÇÃO - CLINICA TISIOLÓGICA ALA C;2019,0;3,0;129,0;1260,0;31,0;4,161290322580645;40,645161290322584
HRJP;UNIDADE INTERNAÇÃO - CLINICA TISIOLÓGICA ALA C;2019,0;4,0;137,0;1296,0;30,0;4,566666666666666;43,2
HRJP;UNIDADE INTERNAÇÃO - CLINICA TISIOLÓGICA ALA C;2019,0;5,0;152,0;1645,0;35,0;4,3428571428571425;47,0
HRJP;UNIDADE INTERNAÇÃO - CLINICA TISIOLÓGICA ALA C;2019,0;6,0;155,0;1158,0;35,0;4,428571428571429;33,08571428571429
HRJP;UNIDADE INTERNAÇÃO - CLINICA TISIOLÓGICA ALA C;2019,0;7,0;122,0;1199,0;31,0;3,935483870967742;38,67741935483871
HRJP;UNIDADE INTERNAÇÃO - CLINICA TISIOLÓGICA ALA C;2019,0;8,0;170,0;1702,0;27,0;6,296296296296297;63,03703703703704
HRJP;UNIDADE INTERNAÇÃO - CLINICA TISIOLÓGICA ALA C;2019,0;9,0;156,0;1955,0;39,0;4,0;50,12820512820513
HRJP;UNIDADE INTERNAÇÃO - CLINICA TISIOLÓGICA ALA C;2019,0;10,0;144,0;1743,0;35,0;4,114285714285714;49,8
HRJP;UNIDADE INTERNAÇÃO - CLINICA TISIOLÓGICA ALA C;2019,0;11,0;110,0;1242,0;33,0;3,3333333333333335;37,63636363636363
HRJP;UNIDADE INTERNAÇÃO - CLINICA TISIOLÓGICA ALA C;2019,0;12,0;113,0;1234,0;38,0;2,973684210526316;32,473684210526315
HRJP;UNIDADE INTERNAÇÃO - CLINICA TISIOLÓGICA ALA C;2020,0;1,0;81,0;1050,0;34,0;2,3823529411764706;30,88235294117647
HRJP;UNIDADE INTERNAÇÃO - CLINICA TISIOLÓGICA ALA C;2020,0;2,0;137,0;1214,0;21,0;6,523809523809524;57,80952380952381
HRJP;UNIDADE INTERNAÇÃO - CLINICA TISIOLÓGICA ALA C;2020,0;3,0;99,0;1132,0;44,0;2,25;25,727272727272727
HRJP;UNIDADE INTERNAÇÃO - CLINICA TISIOLÓGICA ALA C;2020,0;4,0;47,0;720,0;17,0;2,764705882352941;42,35294117647059
HRJP;UNIDADE INTERNAÇÃO - CLINICA TISIOLÓGICA ALA C;2020,0;5,0;43,0;579,0;28,0;1,5357142857142858;20,678571428571427
HRJP;UNIDADE INTERNAÇÃO - CLINICA TISIOLÓGICA ALA C;2020,0;6,0;85,0;1088,0;34,0;2,5;32,0
HRJP;UNIDADE INTERNAÇÃO - CLINICA TISIOLÓGICA ALA C;2020,0;7,0;83,0;1232,0;39,0;2,128205128205128;31,58974358974359
HRJP;UNIDADE INTERNAÇÃO - CLINICA TISIOLÓGICA ALA C;2020,0;8,0;71,0;956,0;33,0;2,1515151515151514;28,96969696969697
HRJP;UNIDADE INTERNAÇÃO - CLINICA TISIOLÓGICA ALA C;2020,0;9,0;116,0;1268,0;36,0;3,2222222222222223;35,22222222222222
HRJP;UNIDADE INTERNAÇÃO - CLINICA TISIOLÓGICA ALA C;2020,0;10,0;110,0;1339,0;43,0;2,558139534883721;31,13953488372093
HRJP;UNIDADE INTERNAÇÃO - CLINICA TISIOLÓGICA ALA C;2020,0;11,0;77,0;1041,0;30,0;2,566666666666667;34,7
HRJP;UNIDADE INTERNAÇÃO - CLINICA TISIOLÓGICA ALA C;2020,0;12,0;59,0;812,0;25,0;2,36;32,48
HRJP;UNIDADE INTERNAÇÃO - CLINICA TISIOLÓGICA ALA C;2021,0;1,0;69,0;993,0;31,0;2,225806451612903;32,03225806451613
HRJP;UNIDADE INTERNAÇÃO - CLINICA TISIOLÓGICA ALA C;2021,0;2,0;53,0;1201,0;32,0;1,65625;37,53125
HRJP;UNIDADE INTERNAÇÃO - CLINICA TISIOLÓGICA ALA C;2021,0;3,0;78,0;1311,0;30,0;2,6;43,7
HRJP;UNIDADE INTERNAÇÃO - CLINICA TISIOLÓGICA ALA C;2021,0;4,0;75,0;1014,0;32,0;2,34375;31,6875
HRJP;UNIDADE INTERNAÇÃO - CLINICA TISIOLÓGICA ALA C;2021,0;5,0;59,0;1059,0;24,0;2,4583333333333335;44,125
HRJP;UNIDADE INTERNAÇÃO - CLINICA TISIOLÓGICA ALA C;2021,0;6,0;84,0;1332,0;24,0;3,5;55,5
HRJP;UNIDADE INTERNAÇÃO - CLINICA TISIOLÓGICA ALA C;2021,0;7,0;24,0;471,0;7,0;3,4285714285714284;67,28571428571429
HRJP;UNIDADE INTERNAÇÃO - CLINICA TISIOLÓGICA ALA C;2021,0;12,0;128,0;1425,0;30,0;4,266666666666667;47,5
HRJP;UNIDADE INTERNAÇÃO - CLINICA TISIOLÓGICA ALA C;2022,0;1,0;117,0;1416,0;35,0;3,342857142857143;40,457142857142856
HRJP;UNIDADE INTERNAÇÃO - CLINICA TISIOLÓGICA ALA C;2022,0;2,0;112,0;1715,0;37,0;3,027027027027027;46,351351351351354
HRJP;UNIDADE INTERNAÇÃO - CLINICA TISIOLÓGICA ALA C;2022,0;3,0;146,0;1924,0;41,0;3,5609756097560976;46,926829268292686
HRJP;UNIDADE INTERNAÇÃO - CLINICA TISIOLÓGICA ALA C;2022,0;4,0;141,0;1834,0;33,0;4,2727272727272725;55,57575757575758
HRJP;UNIDADE INTERNAÇÃO - CLINICA TISIOLÓGICA ALA C;2022,0;5,0;75,0;1442,0;39,0;1,9230769230769231;36,97435897435897
HRJP;UNIDADE INTERNAÇÃO - CLINICA TISIOLÓGICA ALA C;2022,0;6,0;34,0;518,0;8,0;4,25;64,75
HRJP;UNIDADE INTERNAÇÃO - CLINICA TISIOLÓGICA ALA C;2022,0;7,0;14,0;102,0;4,0;3,5;25,5
HRJP;UNIDADE INTERNAÇÃO - CLINICA TISIOLÓGICA ALA C;2022,0;8,0;10,0;91,0;6,0;1,6666666666666667;15,166666666666666
HRJP;UNIDADE INTERNAÇÃO - CLINICA TISIOLÓGICA ALA C;2022,0;9,0;6,0;70,0;3,0;2,0;23,333333333333332
HRJP;UNIDADE INTERNAÇÃO - CLINICA TISIOLÓGICA ALA C;2022,0;10,0;6,0;163,0;1,0;6,0;163,0
HRJP;UNIDADE INTERNAÇÃO - CLINICA TISIOLÓGICA ALA C;2022,0;11,0;17,0;212,0;2,0;8,5;106,0
HRJP;UNIDADE INTERNAÇÃO - CLINICA TISIOLÓGICA ALA C;2022,0;12,0;13,0;174,0;3,0;4,333333333333333;58,0
HRJP;UNIDADE INTERNAÇÃO - CLINICA TISIOLÓGICA ALA C;2023,0;1,0;10,0;103,0;3,0;3,3333333333333335;34,333333333333336
HRJP;UNIDADE INTERNAÇÃO - CLINICA TISIOLÓGICA ALA C;2023,0;2,0;10,0;200,0;4,0;2,5;50,0
HRJP;UNIDADE INTERNAÇÃO - CLINICA TISIOLÓGICA ALA C;2023,0;3,0;20,0;353,0;8,0;2,5;44,125
HRJP;UNIDADE INTERNAÇÃO - CLINICA TISIOLÓGICA ALA C;2023,0;4,0;10,0;185,0;2,0;5,0;92,5
HRJP;UNIDADE INTERNAÇÃO - CLINICA TISIOLÓGICA ALA C;2023,0;5,0;18,0;221,0;3,0;6,0;73,66666666666667
HRJP;UNIDADE INTERNAÇÃO - CLINICA TISIOLÓGICA ALA C;2023,0;6,0;14,0;293,0;7,0;2,0;41,857142857142854
HRJP;UNIDADE INTERNAÇÃO - CLINICA TISIOLÓGICA ALA C;2023,0;7,0;13,0;352,0;3,0;4,333333333333333;117,33333333333333
HRJP;UNIDADE INTERNAÇÃO - CLINICA TISIOLÓGICA ALA C;2023,0;8,0;25,0;440,0;5,0;5,0;88,0
HRJP;UNIDADE INTERNAÇÃO - CLINICA TISIOLÓGICA ALA C;2023,0;9,0;15,0;293,0;5,0;3,0;58,6
HRJP;UNIDADE INTERNAÇÃO - CLINICA TISIOLÓGICA ALA C;2023,0;10,0;21,0;253,0;8,0;2,625;31,625
HRJP;UNIDADE INTERNAÇÃO - CLINICA TISIOLÓGICA ALA C;2023,0;11,0;10,0;318,0;4,0;2,5;79,5
HRJP;UNIDADE INTERNAÇÃO - CLINICA TISIOLÓGICA ALA C;2023,0;12,0;11,0;303,0;6,0;1,8333333333333333;50,5
HRJP;UNIDADE INTERNAÇÃO - CLINICA TISIOLÓGICA ALA C;2024,0;1,0;15,0;260,0;4,0;3,75;65,0
HRJP;UNIDADE INTERNAÇÃO - CLINICA TISIOLÓGICA ALA C;2024,0;2,0;7,0;145,0;3,0;2,3333333333333335;48,333333333333336
HRJP;UNIDADE INTERNAÇÃO - CLINICA TISIOLÓGICA ALA C;2024,0;3,0;19,0;332,0;11,0;1,7272727272727273;30,181818181818183
HRJP;UNIDADE INTERNAÇÃO - CLINICA TISIOLÓGICA ALA C;2024,0;4,0;35,0;385,0;12,0;2,9166666666666665;32,083333333333336
HRJP;UNIDADE INTERNAÇÃO - CLINICA TISIOLÓGICA ALA C;2024,0;5,0;19,0;285,0;7,0;2,7142857142857144;40,714285714285715
HRJP;UNIDADE INTERNAÇÃO - CLINICA TISIOLÓGICA ALA C;2024,0;6,0;16,0;312,0;4,0;4,0;78,0
HRJP;UNIDADE INTERNAÇÃO - CLINICA TISIOLÓGICA ALA C;2024,0;7,0;16,0;237,0;3,0;5,333333333333333;79,0
HRJP;UNIDADE INTERNAÇÃO - CLINICA TISIOLÓGICA ALA C;2024,0;8,0;8,0;164,0;6,0;1,3333333333333333;27,333333333333332
HRJP;UNIDADE INTERNAÇÃO - CLINICA TISIOLÓGICA ALA C;2024,0;9,0;8,0;188,0;3,0;2,6666666666666665;62,666666666666664
HRJP;UNIDADE INTERNAÇÃO - CLINICA TISIOLÓGICA ALA C;2024,0;10,0;24,0;430,0;2,0;12,0;215,0
HRJP;UNIDADE INTERNAÇÃO - CLÍNICA TISIOLÓGICA ALA C;2024,0;11,0;1,0;40,0;3,0;0,3333333333333333;13,333333333333334
HRJP;UNIDADE INTERNAÇÃO - CLÍNICA TISIOLÓGICA ALA C;2024,0;12,0;23,0;280,0;7,0;3,2857142857142856;40,0
HRJP;UNIDADE INTERNAÇÃO - CLÍNICA TISIOLÓGICA ALA C;2025,0;1,0;16,0;173,0;10,0;1,6;17,3
HRJP;UNIDADE INTERNAÇÃO - CLÍNICA TISIOLÓGICA ALA C;2025,0;2,0;15,0;171,0;2,0;7,5;85,5
HRJP;UNIDADE INTERNAÇÃO - CLÍNICA TISIOLÓGICA ALA C;2025,0;3,0;23,0;439,0;11,0;2,090909090909091;39,90909090909091
HRJP;UNIDADE INTERNAÇÃO - CLÍNICA TISIOLÓGICA ALA C;2025,0;4,0;12,0;164,0;5,0;2,4;32,8
HRJP;UNIDADE INTERNAÇÃO - CLÍNICA TISIOLÓGICA ALA C;2025,0;5,0;10,0;166,0;5,0;2,0;33,2
HRJP;UNIDADE INTERNAÇÃO - CLÍNICA TISIOLÓGICA ALA C;2025,0;6,0;4,0;144,0;6,0;0,6666666666666666;24,0
HRJP;UNIDADE INTERNAÇÃO - CLÍNICA TISIOLÓGICA ALA C;2025,0;7,0;9,0;306,0;3,0;3,0;102,0
HRJP;UNIDADE INTERNAÇÃO - CLÍNICA TISIOLÓGICA ALA C;2025,0;8,0;16,0;295,0;5,0;3,2;59,0
HRJP;UNIDADE INTERNAÇÃO - CLÍNICA TISIOLÓGICA ALA C;2025,0;10,0;19,0;223,0;6,0;3,1666666666666665;37,166666666666664
HRJP;UNIDADE INTERNAÇÃO - CLÍNICA TISIOLÓGICA ALA C;2025,0;11,0;19,0;318,0;5,0;3,8;63,6
HRJP;UNIDADE INTERNAÇÃO - CLÍNICA TISIOLÓGICA ALA C;2025,0;12,0;3,0;148,0;4,0;0,75;37,0
HRJP;UNIDADE INTERNAÇÃO - CLÍNICA TISIOLÓGICA ALA C;2026,0;5,0;4,0;71,0;1,0;4,0;71,0
HRJP;UNIDADE INTERNAÇÃO - CLÍNICA TISIOLÓGICA ALA C;2026,0;6,0;20,0;296,0;6,0;3,3333333333333335;49,333333333333336
HRJP;UNIDADE INTERNAÇÃO - CLÍNICA TISIOLÓGICA ALA C;2026,0;7,0;8,0;220,0;8,0;1,0;27,5
HRJP;UNIDADE INTERNAÇÃO - CLÍNICA TISIOLÓGICA ALA C;2026,0;8,0;10,0;139,0;10,0;1,0;13,9
HRJP;UNIDADE INTERNAÇÃO - PSIQUIATRIA ALA A;2022,0;6,0;11,0;158,0;6,0;1,8333333333333333;26,333333333333332
HRJP;UNIDADE INTERNAÇÃO - PSIQUIATRIA ALA A;2022,0;7,0;23,0;184,0;11,0;2,090909090909091;16,727272727272727
HRJP;UNIDADE INTERNAÇÃO - PSIQUIATRIA ALA A;2022,0;8,0;13,0;272,0;8,0;1,625;34,0
HRJP;UNIDADE INTERNAÇÃO - PSIQUIATRIA ALA A;2022,0;9,0;11,0;168,0;16,0;0,6875;10,5
HRJP;UNIDADE INTERNAÇÃO - PSIQUIATRIA ALA A;2022,0;10,0;9,0;140,0;14,0;0,6428571428571429;10,0
HRJP;UNIDADE INTERNAÇÃO - PSIQUIATRIA ALA A;2022,0;11,0;10,0;170,0;13,0;0,7692307692307693;13,076923076923077
HRJP;UNIDADE INTERNAÇÃO - PSIQUIATRIA ALA A;2022,0;12,0;38,0;315,0;14,0;2,7142857142857144;22,5
HRJP;UNIDADE INTERNAÇÃO - PSIQUIATRIA ALA A;2023,0;1,0;30,0;391,0;11,0;2,727272727272727;35,54545454545455
HRJP;UNIDADE INTERNAÇÃO - PSIQUIATRIA ALA A;2023,0;2,0;10,0;191,0;14,0;0,7142857142857143;13,642857142857142
HRJP;UNIDADE INTERNAÇÃO - PSIQUIATRIA ALA A;2023,0;3,0;19,0;365,0;18,0;1,0555555555555556;20,27777777777778
HRJP;UNIDADE INTERNAÇÃO - PSIQUIATRIA ALA A;2023,0;4,0;11,0;243,0;10,0;1,1;24,3
HRJP;UNIDADE INTERNAÇÃO - PSIQUIATRIA ALA A;2023,0;5,0;9,0;124,0;7,0;1,2857142857142858;17,714285714285715
HRJP;UNIDADE INTERNAÇÃO - PSIQUIATRIA ALA A;2023,0;6,0;14,0;237,0;23,0;0,6086956521739131;10,304347826086957
HRJP;UNIDADE INTERNAÇÃO - PSIQUIATRIA ALA A;2023,0;7,0;13,0;238,0;17,0;0,7647058823529411;14,0
HRJP;UNIDADE INTERNAÇÃO - PSIQUIATRIA ALA A;2023,0;8,0;7,0;203,0;12,0;0,5833333333333334;16,916666666666668
HRJP;UNIDADE INTERNAÇÃO - PSIQUIATRIA ALA A;2023,0;9,0;17,0;173,0;13,0;1,3076923076923077;13,307692307692308
HRJP;UNIDADE INTERNAÇÃO - PSIQUIATRIA ALA A;2023,0;10,0;21,0;248,0;20,0;1,05;12,4
HRJP;UNIDADE INTERNAÇÃO - PSIQUIATRIA ALA A;2023,0;11,0;35,0;441,0;12,0;2,9166666666666665;36,75
HRJP;UNIDADE INTERNAÇÃO - PSIQUIATRIA ALA A;2023,0;12,0;57,0;651,0;22,0;2,590909090909091;29,59090909090909
HRJP;UNIDADE INTERNAÇÃO - PSIQUIATRIA ALA A;2024,0;1,0;51,0;590,0;15,0;3,4;39,333333333333336
HRJP;UNIDADE INTERNAÇÃO - PSIQUIATRIA ALA A;2024,0;2,0;44,0;598,0;26,0;1,6923076923076923;23,0
HRJP;UNIDADE INTERNAÇÃO - PSIQUIATRIA ALA A;2024,0;3,0;31,0;637,0;31,0;1,0;20,548387096774192
HRJP;UNIDADE INTERNAÇÃO - PSIQUIATRIA ALA A;2024,0;4,0;57,0;852,0;38,0;1,5;22,42105263157895
HRJP;UNIDADE INTERNAÇÃO - PSIQUIATRIA ALA A;2024,0;5,0;32,0;424,0;12,0;2,6666666666666665;35,333333333333336
HRJP;UNIDADE INTERNAÇÃO - PSIQUIATRIA ALA A;2024,0;6,0;33,0;423,0;8,0;4,125;52,875
HRJP;UNIDADE INTERNAÇÃO - PSIQUIATRIA ALA A;2024,0;7,0;8,0;140,0;14,0;0,5714285714285714;10,0
HRJP;UNIDADE INTERNAÇÃO - PSIQUIATRIA ALA A;2024,0;8,0;8,0;146,0;11,0;0,7272727272727273;13,272727272727273
HRJP;UNIDADE INTERNAÇÃO - PSIQUIATRIA ALA A;2024,0;9,0;6,0;181,0;9,0;0,6666666666666666;20,11111111111111
HRJP;UNIDADE INTERNAÇÃO - PSIQUIATRIA ALA A;2024,0;10,0;15,0;188,0;21,0;0,7142857142857143;8,952380952380953
HRJP;UNIDADE INTERNAÇÃO - PSIQUIATRIA ALA A;2024,0;11,0;7,0;54,0;1,0;7,0;54,0
HRJP;UNIDADE INTERNAÇÃO - PSIQUIATRIA ALA C;2022,0;6,0;3,0;72,0;5,0;0,6;14,4
HRJP;UNIDADE INTERNAÇÃO - PSIQUIATRIA ALA C;2022,0;7,0;6,0;118,0;5,0;1,2;23,6
HRJP;UNIDADE INTERNAÇÃO - PSIQUIATRIA ALA C;2022,0;8,0;7,0;203,0;5,0;1,4;40,6
HRJP;UNIDADE INTERNAÇÃO - PSIQUIATRIA ALA C;2022,0;9,0;8,0;128,0;10,0;0,8;12,8
HRJP;UNIDADE INTERNAÇÃO - PSIQUIATRIA ALA C;2022,0;10,0;13,0;153,0;8,0;1,625;19,125
HRJP;UNIDADE INTERNAÇÃO - PSIQUIATRIA ALA C;2022,0;11,0;19,0;205,0;11,0;1,7272727272727273;18,636363636363637
HRJP;UNIDADE INTERNAÇÃO - PSIQUIATRIA ALA C;2022,0;12,0;16,0;177,0;9,0;1,7777777777777777;19,666666666666668
HRJP;UNIDADE INTERNAÇÃO - PSIQUIATRIA ALA C;2023,0;1,0;4,0;103,0;5,0;0,8;20,6
HRJP;UNIDADE INTERNAÇÃO - PSIQUIATRIA ALA C;2023,0;2,0;7,0;130,0;5,0;1,4;26,0
HRJP;UNIDADE INTERNAÇÃO - PSIQUIATRIA ALA C;2023,0;3,0;17,0;161,0;16,0;1,0625;10,0625
HRJP;UNIDADE INTERNAÇÃO - PSIQUIATRIA ALA C;2023,0;4,0;6,0;93,0;3,0;2,0;31,0
HRJP;UNIDADE INTERNAÇÃO - PSIQUIATRIA ALA C;2023,0;5,0;3,0;114,0;7,0;0,42857142857142855;16,285714285714285
HRJP;UNIDADE INTERNAÇÃO - PSIQUIATRIA ALA C;2023,0;6,0;11,0;143,0;5,0;2,2;28,6
HRJP;UNIDADE INTERNAÇÃO - PSIQUIATRIA ALA C;2023,0;7,0;8,0;243,0;7,0;1,1428571428571428;34,714285714285715
HRJP;UNIDADE INTERNAÇÃO - PSIQUIATRIA ALA C;2023,0;8,0;1,0;98,0;5,0;0,2;19,6
HRJP;UNIDADE INTERNAÇÃO - PSIQUIATRIA ALA C;2023,0;9,0;2,0;86,0;5,0;0,4;17,2
HRJP;UNIDADE INTERNAÇÃO - PSIQUIATRIA ALA C;2023,0;10,0;8,0;57,0;4,0;2,0;14,25
HRJP;UNIDADE INTERNAÇÃO - PSIQUIATRIA ALA C;2023,0;11,0;5,0;73,0;4,0;1,25;18,25
HRJP;UNIDADE INTERNAÇÃO - PSIQUIATRIA ALA C;2023,0;12,0;0,0;0,0;2,0;0,0;0,0
HRJP;UNIDADE INTERNAÇÃO - PSIQUIATRIA ALA C;2024,0;1,0;4,0;74,0;1,0;4,0;74,0
HRJP;UNIDADE INTERNAÇÃO - PSIQUIATRIA ALA C;2024,0;2,0;3,0;143,0;4,0;0,75;35,75
HRJP;UNIDADE INTERNAÇÃO - PSIQUIATRIA ALA C;2024,0;3,0;5,0;68,0;5,0;1,0;13,6
HRJP;UNIDADE INTERNAÇÃO - PSIQUIATRIA ALA C;2024,0;4,0;12,0;138,0;11,0;1,0909090909090908;12,545454545454545
HRJP;UNIDADE INTERNAÇÃO - PSIQUIATRIA ALA C;2024,0;5,0;5,0;73,0;2,0;2,5;36,5
HRJP;UNIDADE INTERNAÇÃO - PSIQUIATRIA ALA C;2024,0;6,0;0,0;15,0;4,0;0,0;3,75
HRJP;UNIDADE INTERNAÇÃO - PSIQUIATRIA ALA C;2024,0;7,0;1,0;82,0;3,0;0,3333333333333333;27,333333333333332
HRJP;UNIDADE INTERNAÇÃO - PSIQUIATRIA ALA C;2024,0;8,0;3,0;66,0;2,0;1,5;33,0
HRJP;UNIDADE INTERNAÇÃO - PSIQUIATRIA ALA C;2024,0;9,0;5,0;58,0;3,0;1,6666666666666667;19,333333333333332
HRJP;UNIDADE INTERNAÇÃO - PSIQUIATRIA ALA C;2024,0;10,0;8,0;79,0;4,0;2,0;19,75
HRJP;UNIDADE INTERNAÇÃO - PSIQUIATRIA ALA C;2024,0;11,0;0,0;13,0;1,0;0,0;13,0
HRJP;UTI;2019,0;1,0;210,0;2975,0;9,0;23,333333333333332;330,55555555555554
HRJP;UTI;2019,0;2,0;168,0;2402,0;6,0;28,0;400,3333333333333
HRJP;UTI;2019,0;3,0;233,0;2513,0;5,0;46,6;502,6
HRJP;UTI;2019,0;4,0;264,0;2515,0;8,0;33,0;314,375
HRJP;UTI;2019,0;5,0;205,0;2527,0;2,0;102,5;1263,5
HRJP;UTI;2019,0;6,0;224,0;2696,0;5,0;44,8;539,2
HRJP;UTI;2019,0;7,0;199,0;2604,0;6,0;33,166666666666664;434,0
HRJP;UTI;2019,0;8,0;209,0;2350,0;7,0;29,857142857142858;335,7142857142857
HRJP;UTI;2019,0;9,0;234,0;2576,0;10,0;23,4;257,6
HRJP;UTI;2019,0;10,0;170,0;2491,0;4,0;42,5;622,75
HRJP;UTI;2019,0;11,0;227,0;2507,0;5,0;45,4;501,4
HRJP;UTI;2019,0;12,0;216,0;2409,0;7,0;30,857142857142858;344,14285714285717
HRJP;UTI;2020,0;1,0;193,0;2350,0;10,0;19,3;235,0
HRJP;UTI;2020,0;2,0;205,0;2526,0;8,0;25,625;315,75
HRJP;UTI;2020,0;3,0;202,0;2547,0;11,0;18,363636363636363;231,54545454545453
HRJP;UTI;2020,0;4,0;175,0;3236,0;7,0;25,0;462,2857142857143
HRJP;UTI;2020,0;5,0;396,0;5413,0;16,0;24,75;338,3125
HRJP;UTI;2020,0;6,0;507,0;5326,0;11,0;46,09090909090909;484,1818181818182
HRJP;UTI;2020,0;7,0;546,0;5617,0;22,0;24,818181818181817;255,3181818181818
HRJP;UTI;2020,0;8,0;457,0;4608,0;17,0;26,88235294117647;271,05882352941177
HRJP;UTI;2020,0;9,0;528,0;5039,0;11,0;48,0;458,09090909090907
HRJP;UTI;2020,0;10,0;492,0;5149,0;18,0;27,333333333333332;286,05555555555554
HRJP;UTI;2020,0;11,0;587,0;5929,0;19,0;30,894736842105264;312,05263157894734
HRJP;UTI;2020,0;12,0;569,0;5830,0;18,0;31,61111111111111;323,8888888888889
HRJP;UTI;2021,0;1,0;633,0;6341,0;18,0;35,166666666666664;352,27777777777777
HRJP;UTI;2021,0;2,0;525,0;5393,0;16,0;32,8125;337,0625
HRJP;UTI;2021,0;3,0;550,0;5926,0;12,0;45,833333333333336;493,8333333333333
HRJP;UTI;2021,0;4,0;556,0;4832,0;12,0;46,333333333333336;402,6666666666667
HRJP;UTI;2021,0;5,0;556,0;4383,0;7,0;79,42857142857143;626,1428571428571
HRJP;UTI;2021,0;6,0;458,0;4188,0;8,0;57,25;523,5
HRJP;UTI;2021,0;7,0;360,0;2944,0;9,0;40,0;327,1111111111111
HRJP;UTI -  PEDIATRICO;2022,0;11,0;206,0;2086,0;4,0;51,5;521,5
HRJP;UTI -  PEDIATRICO;2023,0;1,0;80,0;1161,0;2,0;40,0;580,5
HRJP;UTI -  PEDIATRICO;2023,0;2,0;129,0;1486,0;1,0;129,0;1486,0
HRJP;UTI -  PEDIATRICO;2023,0;3,0;179,0;2140,0;1,0;179,0;2140,0
HRJP;UTI -  PEDIATRICO;2023,0;4,0;202,0;2061,0;1,0;202,0;2061,0
HRJP;UTI -  PEDIATRICO;2023,0;5,0;90,0;1338,0;3,0;30,0;446,0
HRJP;UTI -  PEDIATRICO;2023,0;6,0;119,0;1476,0;1,0;119,0;1476,0
HRJP;UTI -  PEDIATRICO;2023,0;7,0;126,0;1958,0;4,0;31,5;489,5
HRJP;UTI -  PEDIATRICO;2023,0;8,0;107,0;1507,0;2,0;53,5;753,5
HRJP;UTI -  PEDIATRICO;2023,0;9,0;73,0;1152,0;1,0;73,0;1152,0
HRJP;UTI -  PEDIATRICO;2023,0;10,0;123,0;1682,0;1,0;123,0;1682,0
HRJP;UTI -  PEDIATRICO;2023,0;11,0;110,0;1229,0;2,0;55,0;614,5
HRJP;UTI -  PEDIATRICO;2023,0;12,0;51,0;1049,0;1,0;51,0;1049,0
HRJP;UTI -  PEDIATRICO;2024,0;1,0;91,0;1078,0;1,0;91,0;1078,0
HRJP;UTI -  PEDIATRICO;2024,0;2,0;98,0;1184,0;1,0;98,0;1184,0
HRJP;UTI -  PEDIATRICO;2024,0;3,0;132,0;2465,0;5,0;26,4;493,0
HRJP;UTI -  PEDIATRICO;2024,0;4,0;167,0;2441,0;3,0;55,666666666666664;813,6666666666666
HRJP;UTI -  PEDIATRICO;2024,0;5,0;163,0;2005,0;3,0;54,333333333333336;668,3333333333334
HRJP;UTI -  PEDIATRICO;2024,0;6,0;181,0;1911,0;3,0;60,333333333333336;637,0
HRJP;UTI -  PEDIATRICO;2024,0;7,0;154,0;1633,0;1,0;154,0;1633,0
HRJP;UTI -  PEDIATRICO;2024,0;8,0;76,0;1187,0;3,0;25,333333333333332;395,6666666666667
HRJP;UTI -  PEDIATRICO;2024,0;9,0;97,0;1383,0;3,0;32,333333333333336;461,0
HRJP;UTI -  PEDIATRICO;2024,0;10,0;67,0;972,0;4,0;16,75;243,0
HRJP;UTI - ADULTO;2021,0;7,0;38,0;330,0;2,0;19,0;165,0
HRJP;UTI - ADULTO;2021,0;8,0;284,0;2189,0;8,0;35,5;273,625
HRJP;UTI - ADULTO;2021,0;9,0;228,0;2040,0;11,0;20,727272727272727;185,45454545454547
HRJP;UTI - ADULTO;2021,0;10,0;255,0;1849,0;6,0;42,5;308,1666666666667
HRJP;UTI - ADULTO;2021,0;11,0;236,0;2120,0;5,0;47,2;424,0
HRJP;UTI - ADULTO;2021,0;12,0;208,0;2110,0;4,0;52,0;527,5
HRJP;UTI - ADULTO;2022,0;1,0;206,0;2125,0;6,0;34,333333333333336;354,1666666666667
HRJP;UTI - ADULTO;2022,0;2,0;234,0;1846,0;3,0;78,0;615,3333333333334
HRJP;UTI - ADULTO;2022,0;3,0;245,0;2162,0;10,0;24,5;216,2
HRJP;UTI - ADULTO;2022,0;4,0;201,0;2002,0;16,0;12,5625;125,125
HRJP;UTI - ADULTO;2022,0;5,0;215,0;2039,0;6,0;35,833333333333336;339,8333333333333
HRJP;UTI - ADULTO;2022,0;6,0;195,0;1955,0;10,0;19,5;195,5
HRJP;UTI - ADULTO;2022,0;7,0;258,0;2218,0;9,0;28,666666666666668;246,44444444444446
HRJP;UTI - ADULTO;2022,0;8,0;275,0;2202,0;11,0;25,0;200,1818181818182
HRJP;UTI - ADULTO;2022,0;9,0;271,0;2043,0;3,0;90,33333333333333;681,0
HRJP;UTI - ADULTO;2022,0;10,0;213,0;2100,0;9,0;23,666666666666668;233,33333333333334
HRJP;UTI - ADULTO;2022,0;11,0;262,0;1938,0;10,0;26,2;193,8
HRJP;UTI - ADULTO;2022,0;12,0;205,0;2272,0;6,0;34,166666666666664;378,6666666666667
HRJP;UTI - ADULTO;2023,0;1,0;228,0;1989,0;6,0;38,0;331,5
HRJP;UTI - ADULTO;2023,0;2,0;306,0;2777,0;12,0;25,5;231,41666666666666
HRJP;UTI - ADULTO;2023,0;3,0;510,0;5075,0;18,0;28,333333333333332;281,94444444444446
HRJP;UTI - ADULTO;2023,0;4,0;537,0;4768,0;18,0;29,833333333333332;264,8888888888889
HRJP;UTI - ADULTO;2023,0;5,0;591,0;5227,0;15,0;39,4;348,46666666666664
HRJP;UTI - ADULTO;2023,0;6,0;545,0;4615,0;19,0;28,68421052631579;242,89473684210526
HRJP;UTI - ADULTO;2023,0;7,0;600,0;4965,0;15,0;40,0;331,0
HRJP;UTI - ADULTO;2023,0;8,0;577,0;5132,0;13,0;44,38461538461539;394,7692307692308
HRJP;UTI - ADULTO;2023,0;9,0;503,0;4733,0;12,0;41,916666666666664;394,4166666666667
HRJP;UTI - ADULTO;2023,0;10,0;497,0;4435,0;14,0;35,5;316,7857142857143
HRJP;UTI - ADULTO;2023,0;11,0;543,0;4776,0;9,0;60,333333333333336;530,6666666666666
HRJP;UTI - ADULTO;2023,0;12,0;520,0;4908,0;14,0;37,142857142857146;350,57142857142856
HRJP;UTI - ADULTO;2024,0;1,0;519,0;4905,0;14,0;37,07142857142857;350,35714285714283
HRJP;UTI - ADULTO;2024,0;2,0;475,0;4432,0;13,0;36,53846153846154;340,9230769230769
HRJP;UTI - ADULTO;2024,0;3,0;507,0;5232,0;18,0;28,166666666666668;290,6666666666667
HRJP;UTI - ADULTO;2024,0;4,0;517,0;4777,0;10,0;51,7;477,7
HRJP;UTI - ADULTO;2024,0;5,0;517,0;4764,0;17,0;30,41176470588235;280,2352941176471
HRJP;UTI - ADULTO;2024,0;6,0;483,0;4578,0;11,0;43,90909090909091;416,1818181818182
HRJP;UTI - ADULTO;2024,0;7,0;631,0;5891,0;15,0;42,06666666666667;392,73333333333335
HRJP;UTI - ADULTO;2024,0;8,0;641,0;5592,0;12,0;53,416666666666664;466,0
HRJP;UTI - ADULTO;2024,0;9,0;643,0;4931,0;14,0;45,92857142857143;352,2142857142857
HRJP;UTI - ADULTO;2024,0;10,0;602,0;4842,0;13,0;46,30769230769231;372,46153846153845
HRJP;UTI - ADULTO;2024,0;11,0;509,0;3890,0;9,0;56,55555555555556;432,22222222222223
HRJP;UTI - ADULTO;2024,0;12,0;552,0;4606,0;20,0;27,6;230,3
HRJP;UTI - ADULTO;2025,0;1,0;300,0;2514,0;4,0;75,0;628,5
HRJP;UTI - ADULTO;2025,0;2,0;221,0;1806,0;4,0;55,25;451,5
HRJP;UTI - ADULTO;2025,0;3,0;336,0;2904,0;13,0;25,846153846153847;223,3846153846154
HRJP;UTI - ADULTO;2025,0;4,0;280,0;2713,0;10,0;28,0;271,3
HRJP;UTI - ADULTO;2025,0;5,0;312,0;2669,0;10,0;31,2;266,9
HRJP;UTI - ADULTO;2025,0;6,0;297,0;2654,0;7,0;42,42857142857143;379,14285714285717
HRJP;UTI - ADULTO;2025,0;7,0;257,0;2570,0;6,0;42,833333333333336;428,3333333333333
HRJP;UTI - ADULTO;2025,0;8,0;347,0;3136,0;2,0;173,5;1568,0
HRJP;UTI - ADULTO;2025,0;9,0;310,0;2698,0;8,0;38,75;337,25
HRJP;UTI - ADULTO;2025,0;10,0;370,0;3355,0;17,0;21,764705882352942;197,35294117647058
HRJP;UTI - ADULTO;2025,0;11,0;289,0;3050,0;9,0;32,111111111111114;338,8888888888889
HRJP;UTI - ADULTO;2025,0;12,0;257,0;2845,0;11,0;23,363636363636363;258,6363636363636
HRJP;UTI - ADULTO;2026,0;1,0;288,0;3287,0;11,0;26,181818181818183;298,8181818181818
HRJP;UTI - ADULTO;2026,0;2,0;341,0;3307,0;11,0;31,0;300,6363636363636
HRJP;UTI - ADULTO;2026,0;3,0;507,0;4630,0;12,0;42,25;385,8333333333333
HRJP;UTI - ADULTO;2026,0;4,0;439,0;4232,0;17,0;25,823529411764707;248,94117647058823
HRJP;UTI - ADULTO;2026,0;5,0;553,0;4524,0;17,0;32,529411764705884;266,11764705882354
HRJP;UTI - ADULTO;2026,0;6,0;536,0;4737,0;16,0;33,5;296,0625
HRJP;UTI - ADULTO;2026,0;7,0;565,0;4605,0;18,0;31,38888888888889;255,83333333333334
HRJP;UTI - ADULTO;2026,0;8,0;501,0;4485,0;14,0;35,785714285714285;320,35714285714283
HRJP;UTI - NEONATAL;2019,0;1,0;198,0;1544,0;11,0;18,0;140,36363636363637
HRJP;UTI - NEONATAL;2019,0;2,0;173,0;1752,0;7,0;24,714285714285715;250,28571428571428
HRJP;UTI - NEONATAL;2019,0;3,0;206,0;1966,0;4,0;51,5;491,5
HRJP;UTI - NEONATAL;2019,0;4,0;173,0;1554,0;10,0;17,3;155,4
HRJP;UTI - NEONATAL;2019,0;5,0;168,0;1544,0;2,0;84,0;772,0
HRJP;UTI - NEONATAL;2019,0;6,0;211,0;2060,0;13,0;16,23076923076923;158,46153846153845
HRJP;UTI - NEONATAL;2019,0;7,0;208,0;1889,0;4,0;52,0;472,25
HRJP;UTI - NEONATAL;2019,0;8,0;188,0;1631,0;4,0;47,0;407,75
HRJP;UTI - NEONATAL;2019,0;9,0;190,0;1370,0;6,0;31,666666666666668;228,33333333333334
HRJP;UTI - NEONATAL;2019,0;10,0;189,0;1267,0;10,0;18,9;126,7
HRJP;UTI - NEONATAL;2019,0;11,0;106,0;1130,0;5,0;21,2;226,0
HRJP;UTI - NEONATAL;2019,0;12,0;102,0;853,0;5,0;20,4;170,6
HRJP;UTI - NEONATAL;2020,0;1,0;151,0;1298,0;3,0;50,333333333333336;432,6666666666667
HRJP;UTI - NEONATAL;2020,0;2,0;160,0;1217,0;5,0;32,0;243,4
HRJP;UTI - NEONATAL;2020,0;3,0;165,0;1467,0;8,0;20,625;183,375
HRJP;UTI - NEONATAL;2020,0;4,0;145,0;1136,0;17,0;8,529411764705882;66,82352941176471
HRJP;UTI - NEONATAL;2020,0;5,0;105,0;1061,0;16,0;6,5625;66,3125
HRJP;UTI - NEONATAL;2020,0;6,0;216,0;1578,0;15,0;14,4;105,2
HRJP;UTI - NEONATAL;2020,0;7,0;191,0;1543,0;10,0;19,1;154,3
HRJP;UTI - NEONATAL;2020,0;8,0;130,0;1308,0;17,0;7,647058823529412;76,94117647058823
HRJP;UTI - NEONATAL;2020,0;9,0;170,0;1131,0;13,0;13,076923076923077;87,0
HRJP;UTI - NEONATAL;2020,0;10,0;127,0;1137,0;7,0;18,142857142857142;162,42857142857142
HRJP;UTI - NEONATAL;2020,0;11,0;135,0;1149,0;17,0;7,9411764705882355;67,58823529411765
HRJP;UTI - NEONATAL;2020,0;12,0;210,0;1459,0;14,0;15,0;104,21428571428571
HRJP;UTI - NEONATAL;2021,0;1,0;134,0;1176,0;12,0;11,166666666666666;98,0
HRJP;UTI - NEONATAL;2021,0;2,0;176,0;1403,0;9,0;19,555555555555557;155,88888888888889
HRJP;UTI - NEONATAL;2021,0;3,0;183,0;1531,0;9,0;20,333333333333332;170,11111111111111
HRJP;UTI - NEONATAL;2021,0;4,0;163,0;1425,0;9,0;18,11111111111111;158,33333333333334
HRJP;UTI - NEONATAL;2021,0;5,0;112,0;1126,0;6,0;18,666666666666668;187,66666666666666
HRJP;UTI - NEONATAL;2021,0;6,0;168,0;1440,0;7,0;24,0;205,71428571428572
HRJP;UTI - NEONATAL;2021,0;7,0;192,0;1515,0;6,0;32,0;252,5
HRJP;UTI - NEONATAL;2021,0;8,0;123,0;1304,0;1,0;123,0;1304,0
HRJP;UTI - NEONATAL;2021,0;9,0;142,0;997,0;2,0;71,0;498,5
HRJP;UTI - NEONATAL;2021,0;10,0;166,0;1241,0;3,0;55,333333333333336;413,6666666666667
HRJP;UTI - NEONATAL;2021,0;11,0;138,0;962,0;4,0;34,5;240,5
HRJP;UTI - NEONATAL;2021,0;12,0;177,0;1384,0;4,0;44,25;346,0
HRJP;UTI - NEONATAL;2022,0;1,0;169,0;1264,0;4,0;42,25;316,0
HRJP;UTI - NEONATAL;2022,0;2,0;162,0;1161,0;21,0;7,714285714285714;55,285714285714285
HRJP;UTI - NEONATAL;2022,0;3,0;174,0;1268,0;11,0;15,818181818181818;115,27272727272727
HRJP;UTI - NEONATAL;2022,0;4,0;208,0;1739,0;2,0;104,0;869,5
HRJP;UTI - NEONATAL;2022,0;5,0;222,0;1728,0;4,0;55,5;432,0
HRJP;UTI - NEONATAL;2022,0;6,0;230,0;1567,0;5,0;46,0;313,4
HRJP;UTI - NEONATAL;2022,0;7,0;195,0;1611,0;3,0;65,0;537,0
HRJP;UTI - NEONATAL;2022,0;8,0;236,0;1858,0;1,0;236,0;1858,0
HRJP;UTI - NEONATAL;2022,0;9,0;194,0;1458,0;5,0;38,8;291,6
HRJP;UTI - NEONATAL;2022,0;10,0;189,0;1398,0;5,0;37,8;279,6
HRJP;UTI - NEONATAL;2022,0;11,0;160,0;1292,0;2,0;80,0;646,0
HRJP;UTI - NEONATAL;2022,0;12,0;197,0;1763,0;2,0;98,5;881,5
HRJP;UTI - NEONATAL;2023,0;1,0;144,0;1335,0;3,0;48,0;445,0
HRJP;UTI - NEONATAL;2023,0;2,0;127,0;1321,0;3,0;42,333333333333336;440,3333333333333
HRJP;UTI - NEONATAL;2023,0;3,0;225,0;1665,0;2,0;112,5;832,5
HRJP;UTI - NEONATAL;2023,0;4,0;192,0;1417,0;1,0;192,0;1417,0
HRJP;UTI - NEONATAL;2023,0;5,0;205,0;1759,0;1,0;205,0;1759,0
HRJP;UTI - NEONATAL;2023,0;6,0;188,0;1214,0;1,0;188,0;1214,0
HRJP;UTI - NEONATAL;2023,0;7,0;136,0;1107,0;3,0;45,333333333333336;369,0
HRJP;UTI - NEONATAL;2023,0;8,0;210,0;1675,0;2,0;105,0;837,5
HRJP;UTI - NEONATAL;2023,0;10,0;161,0;1533,0;3,0;53,666666666666664;511,0
HRJP;UTI - NEONATAL;2023,0;11,0;178,0;1479,0;2,0;89,0;739,5
HRJP;UTI - NEONATAL;2023,0;12,0;191,0;1870,0;3,0;63,666666666666664;623,3333333333334
HRJP;UTI - NEONATAL;2024,0;1,0;201,0;1781,0;4,0;50,25;445,25
HRJP;UTI - NEONATAL;2024,0;2,0;161,0;1200,0;1,0;161,0;1200,0
HRJP;UTI - NEONATAL;2024,0;3,0;209,0;1900,0;4,0;52,25;475,0
HRJP;UTI - NEONATAL;2024,0;4,0;208,0;1750,0;1,0;208,0;1750,0
HRJP;UTI - NEONATAL;2024,0;5,0;195,0;1788,0;1,0;195,0;1788,0
HRJP;UTI - NEONATAL;2024,0;6,0;205,0;2074,0;3,0;68,33333333333333;691,3333333333334
HRJP;UTI - NEONATAL;2024,0;8,0;199,0;1495,0;2,0;99,5;747,5
HRJP;UTI - NEONATAL;2024,0;9,0;190,0;1684,0;2,0;95,0;842,0
HRJP;UTI - NEONATAL;2024,0;10,0;134,0;870,0;4,0;33,5;217,5
HRJP;UTI - NEONATAL I;2024,0;11,0;49,0;389,0;2,0;24,5;194,5
HRJP;UTI - NEONATAL I;2025,0;1,0;70,0;488,0;2,0;35,0;244,0
HRJP;UTI - NEONATAL I;2025,0;3,0;143,0;861,0;4,0;35,75;215,25
HRJP;UTI - NEONATAL I;2025,0;4,0;122,0;536,0;1,0;122,0;536,0
HRJP;UTI - NEONATAL I;2025,0;5,0;97,0;522,0;1,0;97,0;522,0
HRJP;UTI - NEONATAL I;2025,0;6,0;115,0;591,0;3,0;38,333333333333336;197,0
HRJP;UTI - NEONATAL I;2025,0;7,0;93,0;675,0;2,0;46,5;337,5
HRJP;UTI - NEONATAL I;2025,0;8,0;216,0;1047,0;2,0;108,0;523,5
HRJP;UTI - NEONATAL I;2025,0;9,0;110,0;837,0;8,0;13,75;104,625
HRJP;UTI - NEONATAL I;2025,0;10,0;67,0;474,0;11,0;6,090909090909091;43,09090909090909
HRJP;UTI - NEONATAL I;2025,0;11,0;61,0;439,0;5,0;12,2;87,8
HRJP;UTI - NEONATAL I;2025,0;12,0;67,0;437,0;8,0;8,375;54,625
HRJP;UTI - NEONATAL I;2026,0;1,0;51,0;312,0;6,0;8,5;52,0
HRJP;UTI - NEONATAL I;2026,0;3,0;101,0;534,0;2,0;50,5;267,0
HRJP;UTI - NEONATAL I;2026,0;4,0;41,0;305,0;1,0;41,0;305,0
HRJP;UTI - NEONATAL I;2026,0;5,0;22,0;172,0;2,0;11,0;86,0
HRJP;UTI - NEONATAL I;2026,0;6,0;78,0;316,0;7,0;11,142857142857142;45,142857142857146
HRJP;UTI - NEONATAL I;2026,0;7,0;79,0;456,0;3,0;26,333333333333332;152,0
HRJP;UTI - NEONATAL I;2026,0;8,0;63,0;345,0;4,0;15,75;86,25
HRJP;UTI - NEONATAL II;2025,0;4,0;81,0;465,0;1,0;81,0;465,0
HRJP;UTI - NEONATAL II;2025,0;5,0;107,0;600,0;1,0;107,0;600,0
HRJP;UTI - NEONATAL II;2025,0;6,0;53,0;298,0;1,0;53,0;298,0
HRJP;UTI - NEONATAL II;2025,0;7,0;74,0;435,0;1,0;74,0;435,0
HRJP;UTI - NEONATAL II;2025,0;8,0;75,0;357,0;6,0;12,5;59,5
HRJP;UTI - NEONATAL II;2025,0;9,0;90,0;421,0;2,0;45,0;210,5
HRJP;UTI - NEONATAL II;2025,0;10,0;68,0;583,0;5,0;13,6;116,6
HRJP;UTI - PEDIÁTRICO;2024,0;12,0;54,0;540,0;2,0;27,0;270,0
HRJP;UTI - PEDIÁTRICO;2025,0;1,0;72,0;508,0;4,0;18,0;127,0
HRJP;UTI - PEDIÁTRICO;2025,0;2,0;50,0;877,0;2,0;25,0;438,5
HRJP;UTI - PEDIÁTRICO;2025,0;3,0;119,0;1476,0;2,0;59,5;738,0
HRJP;UTI - PEDIÁTRICO;2025,0;4,0;127,0;1311,0;3,0;42,333333333333336;437,0
HRJP;UTI - PEDIÁTRICO;2025,0;5,0;215,0;1932,0;3,0;71,66666666666667;644,0
HRJP;UTI - PEDIÁTRICO;2025,0;6,0;213,0;1886,0;2,0;106,5;943,0
HRJP;UTI - PEDIÁTRICO;2025,0;7,0;96,0;1338,0;2,0;48,0;669,0
HRJP;UTI - PEDIÁTRICO;2025,0;8,0;137,0;1047,0;3,0;45,666666666666664;349,0
HRJP;UTI - PEDIÁTRICO;2025,0;9,0;103,0;1191,0;3,0;34,333333333333336;397,0
HRJP;UTI - PEDIÁTRICO;2025,0;10,0;158,0;1390,0;2,0;79,0;695,0
HRJP;UTI - PEDIÁTRICO;2025,0;11,0;198,0;1975,0;7,0;28,285714285714285;282,14285714285717
HRJP;UTI - PEDIÁTRICO;2025,0;12,0;166,0;1918,0;8,0;20,75;239,75
HRJP;UTI - PEDIÁTRICO;2026,0;1,0;166,0;1731,0;2,0;83,0;865,5
HRJP;UTI - PEDIÁTRICO;2026,0;2,0;169,0;1731,0;4,0;42,25;432,75
HRJP;UTI - PEDIÁTRICO;2026,0;3,0;189,0;2039,0;2,0;94,5;1019,5
HRJP;UTI - PEDIÁTRICO;2026,0;4,0;147,0;1610,0;6,0;24,5;268,3333333333333
HRJP;UTI - PEDIÁTRICO;2026,0;5,0;171,0;1828,0;1,0;171,0;1828,0
HRJP;UTI - PEDIÁTRICO;2026,0;6,0;196,0;1940,0;2,0;98,0;970,0
HRJP;UTI - PEDIÁTRICO;2026,0;7,0;160,0;1558,0;4,0;40,0;389,5
HRJP;UTI - PEDIÁTRICO;2026,0;8,0;117,0;1260,0;5,0;23,4;252,0
HRJP;UTI PEDIATRICA;2019,0;1,0;166,0;1487,0;7,0;23,714285714285715;212,42857142857142
HRJP;UTI PEDIATRICA;2019,0;3,0;114,0;1426,0;5,0;22,8;285,2
HRJP;UTI PEDIATRICA;2019,0;4,0;175,0;1694,0;5,0;35,0;338,8
HRJP;UTI PEDIATRICA;2019,0;5,0;171,0;1879,0;3,0;57,0;626,3333333333334
HRJP;UTI PEDIATRICA;2019,0;6,0;207,0;1759,0;6,0;34,5;293,1666666666667
HRJP;UTI PEDIATRICA;2019,0;7,0;153,0;1689,0;4,0;38,25;422,25
HRJP;UTI PEDIATRICA;2019,0;8,0;142,0;1857,0;2,0;71,0;928,5
HRJP;UTI PEDIATRICA;2019,0;9,0;175,0;1512,0;1,0;175,0;1512,0
HRJP;UTI PEDIATRICA;2019,0;10,0;132,0;1374,0;2,0;66,0;687,0
HRJP;UTI PEDIATRICA;2019,0;11,0;147,0;1471,0;3,0;49,0;490,3333333333333
HRJP;UTI PEDIATRICA;2019,0;12,0;152,0;1565,0;3,0;50,666666666666664;521,6666666666666
HRJP;UTI PEDIATRICA;2020,0;1,0;130,0;1146,0;3,0;43,333333333333336;382,0
HRJP;UTI PEDIATRICA;2020,0;2,0;155,0;1584,0;3,0;51,666666666666664;528,0
HRJP;UTI PEDIATRICA;2020,0;3,0;136,0;1453,0;2,0;68,0;726,5
HRJP;UTI PEDIATRICA;2020,0;4,0;122,0;1290,0;3,0;40,666666666666664;430,0
HRJP;UTI PEDIATRICA;2020,0;5,0;46,0;621,0;2,0;23,0;310,5
HRJP;UTI PEDIATRICA;2020,0;6,0;73,0;848,0;1,0;73,0;848,0
HRJP;UTI PEDIATRICA;2020,0;7,0;100,0;1364,0;2,0;50,0;682,0
HRJP;UTI PEDIATRICA;2020,0;8,0;78,0;1500,0;3,0;26,0;500,0
HRJP;UTI PEDIATRICA;2020,0;9,0;92,0;1528,0;4,0;23,0;382,0
HRJP;UTI PEDIATRICA;2020,0;10,0;47,0;815,0;2,0;23,5;407,5
HRJP;UTI PEDIATRICA;2020,0;11,0;28,0;900,0;1,0;28,0;900,0
HRJP;UTI PEDIATRICA;2020,0;12,0;94,0;1394,0;1,0;94,0;1394,0
HRJP;UTI PEDIATRICA;2021,0;1,0;112,0;1509,0;4,0;28,0;377,25
HRJP;UTI PEDIATRICA;2021,0;2,0;95,0;1157,0;2,0;47,5;578,5
HRJP;UTI PEDIATRICA;2021,0;4,0;105,0;1419,0;7,0;15,0;202,71428571428572
HRJP;UTI PEDIATRICA;2021,0;5,0;114,0;1281,0;2,0;57,0;640,5
HRJP;UTI PEDIATRICA;2021,0;6,0;64,0;815,0;1,0;64,0;815,0
HRJP;UTI PEDIATRICA;2021,0;7,0;123,0;1055,0;1,0;123,0;1055,0
HRJP;UTI PEDIATRICA;2021,0;8,0;122,0;953,0;1,0;122,0;953,0
HRJP;UTI PEDIATRICA;2021,0;9,0;150,0;1547,0;2,0;75,0;773,5
HRJP;UTI PEDIATRICA;2021,0;10,0;131,0;1779,0;3,0;43,666666666666664;593,0
HRJP;UTI PEDIATRICA;2021,0;11,0;123,0;1347,0;4,0;30,75;336,75
HRJP;UTI PEDIATRICA;2021,0;12,0;77,0;995,0;6,0;12,833333333333334;165,83333333333334
HRJP;UTI PEDIATRICA;2022,0;1,0;163,0;1708,0;3,0;54,333333333333336;569,3333333333334
HRJP;UTI PEDIATRICA;2022,0;2,0;156,0;1571,0;5,0;31,2;314,2
HRJP;UTI PEDIATRICA;2022,0;3,0;179,0;1974,0;3,0;59,666666666666664;658,0
HRJP;UTI PEDIATRICA;2022,0;4,0;215,0;1915,0;5,0;43,0;383,0
HRJP;UTI PEDIATRICA;2022,0;5,0;210,0;1835,0;2,0;105,0;917,5
HRJP;UTI PEDIATRICA;2022,0;6,0;196,0;1996,0;1,0;196,0;1996,0
HRJP;UTI PEDIATRICA;2022,0;7,0;134,0;1358,0;1,0;134,0;1358,0
HRJP;UTI PEDIATRICA;2022,0;8,0;103,0;1328,0;2,0;51,5;664,0
HRJP;UTI PEDIATRICA;2022,0;9,0;86,0;784,0;1,0;86,0;784,0
IRS;ALA A;2023,0;8,0;0,0;250,0;14,0;0,0;17,857142857142858
IRS;ALA A;2023,0;9,0;0,0;276,0;17,0;0,0;16,235294117647058
IRS;ALA A;2023,0;10,0;0,0;352,0;21,0;0,0;16,761904761904763
IRS;ALA A;2023,0;11,0;0,0;371,0;19,0;0,0;19,526315789473685
IRS;ALA A;2023,0;12,0;0,0;238,0;19,0;0,0;12,526315789473685
IRS;ALA A;2024,0;1,0;0,0;415,0;14,0;0,0;29,642857142857142
IRS;ALA A;2024,0;2,0;0,0;218,0;22,0;0,0;9,909090909090908
IRS;ALA A;2024,0;3,0;0,0;264,0;11,0;0,0;24,0
IRS;ALA A;2024,0;4,0;0,0;133,0;15,0;0,0;8,866666666666667
IRS;ALA A;2024,0;5,0;0,0;226,0;14,0;0,0;16,142857142857142
IRS;ALA A;2024,0;6,0;1,0;252,0;12,0;0,08333333333333333;21,0
IRS;ALA A;2024,0;7,0;0,0;287,0;16,0;0,0;17,9375
IRS;ALA A;2024,0;8,0;0,0;259,0;13,0;0,0;19,923076923076923
IRS;ALA A;2024,0;9,0;0,0;194,0;10,0;0,0;19,4
IRS;ALA A;2024,0;10,0;0,0;292,0;17,0;0,0;17,176470588235293
IRS;ALA A;2024,0;11,0;0,0;301,0;13,0;0,0;23,153846153846153
IRS;ALA A;2024,0;12,0;0,0;241,0;14,0;0,0;17,214285714285715
IRS;ALA A;2025,0;1,0;0,0;235,0;10,0;0,0;23,5
IRS;ALA A;2025,0;2,0;0,0;112,0;14,0;0,0;8,0
IRS;ALA A;2025,0;3,0;0,0;258,0;15,0;0,0;17,2
IRS;ALA A;2025,0;4,0;0,0;306,0;11,0;0,0;27,818181818181817
IRS;ALA A;2025,0;5,0;0,0;324,0;20,0;0,0;16,2
IRS;ALA A;2025,0;6,0;0,0;343,0;15,0;0,0;22,866666666666667
IRS;ALA A;2025,0;7,0;0,0;233,0;20,0;0,0;11,65
IRS;ALA A;2025,0;8,0;0,0;319,0;13,0;0,0;24,53846153846154
IRS;ALA A;2025,0;9,0;0,0;257,0;16,0;0,0;16,0625
IRS;ALA A;2025,0;10,0;0,0;312,0;13,0;0,0;24,0
IRS;ALA A;2025,0;11,0;0,0;266,0;16,0;0,0;16,625
IRS;ALA A;2025,0;12,0;0,0;328,0;18,0;0,0;18,22222222222222
IRS;ALA A;2026,0;1,0;0,0;377,0;11,0;0,0;34,27272727272727
IRS;ALA A;2026,0;2,0;0,0;344,0;17,0;0,0;20,235294117647058
IRS;ALA A;2026,0;3,0;0,0;200,0;12,0;0,0;16,666666666666668
IRS;ALA A;2026,0;4,0;0,0;204,0;15,0;0,0;13,6
IRS;ALA A;2026,0;5,0;0,0;225,0;11,0;0,0;20,454545454545453
IRS;ALA A;2026,0;6,0;0,0;305,0;17,0;0,0;17,941176470588236
IRS;ALA A;2026,0;7,0;0,0;398,0;23,0;0,0;17,304347826086957
IRS;ALA A;2026,0;8,0;0,0;224,0;13,0;0,0;17,23076923076923
IRS;ALA B;2023,0;8,0;0,0;271,0;12,0;0,0;22,583333333333332
IRS;ALA B;2023,0;9,0;0,0;200,0;29,0;0,0;6,896551724137931
IRS;ALA B;2023,0;10,0;0,0;312,0;20,0;0,0;15,6
IRS;ALA B;2023,0;11,0;0,0;292,0;21,0;0,0;13,904761904761905
IRS;ALA B;2023,0;12,0;0,0;102,0;16,0;0,0;6,375
IRS;ALA B;2024,0;1,0;0,0;357,0;14,0;0,0;25,5
IRS;ALA B;2024,0;2,0;0,0;370,0;20,0;0,0;18,5
IRS;ALA B;2024,0;3,0;0,0;246,0;18,0;0,0;13,666666666666666
IRS;ALA B;2024,0;4,0;0,0;57,0;14,0;0,0;4,071428571428571
IRS;ALA B;2024,0;5,0;0,0;191,0;11,0;0,0;17,363636363636363
IRS;ALA B;2024,0;6,0;0,0;199,0;7,0;0,0;28,428571428571427
IRS;ALA B;2024,0;7,0;0,0;174,0;13,0;0,0;13,384615384615385
IRS;ALA B;2024,0;8,0;0,0;150,0;16,0;0,0;9,375
IRS;ALA B;2024,0;9,0;0,0;162,0;12,0;0,0;13,5
IRS;ALA B;2024,0;10,0;0,0;274,0;12,0;0,0;22,833333333333332
IRS;ALA B;2024,0;11,0;0,0;169,0;12,0;0,0;14,083333333333334
IRS;ALA B;2024,0;12,0;0,0;116,0;16,0;0,0;7,25
IRS;ALA B;2025,0;1,0;0,0;100,0;10,0;0,0;10,0
IRS;ALA B;2025,0;2,0;0,0;99,0;5,0;0,0;19,8
IRS;ALA B;2025,0;3,0;0,0;198,0;15,0;0,0;13,2
IRS;ALA B;2025,0;4,0;0,0;189,0;11,0;0,0;17,181818181818183
IRS;ALA B;2025,0;5,0;0,0;266,0;15,0;0,0;17,733333333333334
IRS;ALA B;2025,0;6,0;0,0;359,0;11,0;0,0;32,63636363636363
IRS;ALA B;2025,0;7,0;0,0;217,0;15,0;0,0;14,466666666666667
IRS;ALA B;2025,0;8,0;0,0;333,0;14,0;0,0;23,785714285714285
IRS;ALA B;2025,0;9,0;0,0;245,0;18,0;0,0;13,61111111111111
IRS;ALA B;2025,0;10,0;0,0;320,0;17,0;0,0;18,823529411764707
IRS;ALA B;2025,0;11,0;0,0;419,0;18,0;0,0;23,27777777777778
IRS;ALA B;2025,0;12,0;0,0;165,0;12,0;0,0;13,75
IRS;ALA B;2026,0;1,0;0,0;341,0;15,0;0,0;22,733333333333334
IRS;ALA B;2026,0;2,0;0,0;282,0;11,0;0,0;25,636363636363637
IRS;ALA B;2026,0;3,0;0,0;327,0;19,0;0,0;17,210526315789473
IRS;ALA B;2026,0;4,0;0,0;199,0;23,0;0,0;8,652173913043478
IRS;ALA B;2026,0;5,0;0,0;305,0;14,0;0,0;21,785714285714285
IRS;ALA B;2026,0;6,0;0,0;312,0;19,0;0,0;16,42105263157895
IRS;ALA B;2026,0;7,0;0,0;191,0;17,0;0,0;11,235294117647058
IRS;ALA B;2026,0;8,0;0,0;281,0;15,0;0,0;18,733333333333334
IRS;ALA C;2023,0;8,0;1,0;334,0;22,0;0,045454545454545456;15,181818181818182
IRS;ALA C;2023,0;9,0;0,0;396,0;21,0;0,0;18,857142857142858
IRS;ALA C;2023,0;10,0;0,0;350,0;33,0;0,0;10,606060606060606
IRS;ALA C;2023,0;11,0;0,0;469,0;30,0;0,0;15,633333333333333
IRS;ALA C;2023,0;12,0;0,0;366,0;23,0;0,0;15,91304347826087
IRS;ALA C;2024,0;1,0;0,0;145,0;13,0;0,0;11,153846153846153
IRS;ALA C;2024,0;2,0;0,0;419,0;28,0;0,0;14,964285714285714
IRS;ALA C;2024,0;3,0;0,0;433,0;13,0;0,0;33,30769230769231
IRS;ALA C;2024,0;4,0;0,0;206,0;15,0;0,0;13,733333333333333
IRS;ALA C;2024,0;5,0;0,0;371,0;12,0;0,0;30,916666666666668
IRS;ALA C;2024,0;6,0;0,0;414,0;13,0;0,0;31,846153846153847
IRS;ALA C;2024,0;7,0;0,0;259,0;17,0;0,0;15,235294117647058
IRS;ALA C;2024,0;8,0;0,0;340,0;21,0;0,0;16,19047619047619
IRS;ALA C;2024,0;9,0;0,0;227,0;21,0;0,0;10,80952380952381
IRS;ALA C;2024,0;10,0;0,0;299,0;23,0;0,0;13,0
IRS;ALA C;2024,0;11,0;0,0;332,0;17,0;0,0;19,529411764705884
IRS;ALA C;2024,0;12,0;0,0;291,0;17,0;0,0;17,11764705882353
IRS;ALA C;2025,0;1,0;0,0;233,0;21,0;0,0;11,095238095238095
IRS;ALA C;2025,0;2,0;0,0;129,0;12,0;0,0;10,75
IRS;ALA C;2025,0;3,0;0,0;310,0;21,0;0,0;14,761904761904763
IRS;ALA C;2025,0;4,0;0,0;482,0;20,0;0,0;24,1
IRS;ALA C;2025,0;5,0;1,0;396,0;18,0;0,05555555555555555;22,0
IRS;ALA C;2025,0;6,0;0,0;365,0;21,0;0,0;17,38095238095238
IRS;ALA C;2025,0;7,0;0,0;325,0;16,0;0,0;20,3125
IRS;ALA C;2025,0;8,0;0,0;306,0;20,0;0,0;15,3
IRS;ALA C;2025,0;9,0;0,0;253,0;12,0;0,0;21,083333333333332
IRS;ALA C;2025,0;10,0;0,0;385,0;27,0;0,0;14,25925925925926
IRS;ALA C;2025,0;11,0;0,0;398,0;13,0;0,0;30,615384615384617
IRS;ALA C;2025,0;12,0;0,0;240,0;14,0;0,0;17,142857142857142
IRS;ALA C;2026,0;1,0;0,0;262,0;16,0;0,0;16,375
IRS;ALA C;2026,0;2,0;0,0;314,0;14,0;0,0;22,428571428571427
IRS;ALA C;2026,0;3,0;0,0;269,0;18,0;0,0;14,944444444444445
IRS;ALA C;2026,0;4,0;0,0;301,0;18,0;0,0;16,72222222222222
IRS;ALA C;2026,0;5,0;0,0;342,0;11,0;0,0;31,09090909090909
IRS;ALA C;2026,0;6,0;1,0;369,0;15,0;0,06666666666666667;24,6
IRS;ALA C;2026,0;7,0;0,0;471,0;26,0;0,0;18,115384615384617
IRS;ALA C;2026,0;8,0;0,0;409,0;18,0;0,0;22,72222222222222
IRS;ALA D;2024,0;1,0;0,0;127,0;10,0;0,0;12,7
IRS;ALA D;2024,0;10,0;0,0;142,0;8,0;0,0;17,75
IRS;ALA D;2024,0;11,0;0,0;170,0;13,0;0,0;13,076923076923077
IRS;ALA D;2024,0;12,0;0,0;151,0;9,0;0,0;16,77777777777778
IRS;ALA D;2025,0;1,0;0,0;235,0;15,0;0,0;15,666666666666666
IRS;ALA D;2025,0;2,0;1,0;77,0;5,0;0,2;15,4
IRS;ALA D;2025,0;3,0;0,0;306,0;16,0;0,0;19,125
IRS;ALA D;2025,0;4,0;0,0;262,0;16,0;0,0;16,375
IRS;ALA D;2025,0;5,0;0,0;203,0;17,0;0,0;11,941176470588236
IRS;ALA D;2025,0;6,0;0,0;245,0;15,0;0,0;16,333333333333332
IRS;ALA D;2025,0;7,0;0,0;267,0;18,0;0,0;14,833333333333334
IRS;ALA D;2025,0;8,0;0,0;180,0;11,0;0,0;16,363636363636363
IRS;ALA D;2025,0;9,0;0,0;292,0;10,0;0,0;29,2
IRS;ALA D;2025,0;10,0;0,0;319,0;15,0;0,0;21,266666666666666
IRS;ALA D;2025,0;11,0;0,0;226,0;14,0;0,0;16,142857142857142
IRS;ALA D;2025,0;12,0;0,0;326,0;19,0;0,0;17,157894736842106
IRS;ALA D;2026,0;1,0;0,0;267,0;12,0;0,0;22,25
IRS;ALA D;2026,0;2,0;0,0;364,0;14,0;0,0;26,0
IRS;ALA D;2026,0;3,0;0,0;208,0;25,0;0,0;8,32
IRS;ALA D;2026,0;4,0;0,0;182,0;15,0;0,0;12,133333333333333
IRS;ALA D;2026,0;5,0;0,0;270,0;10,0;0,0;27,0
IRS;ALA D;2026,0;6,0;0,0;316,0;19,0;0,0;16,63157894736842
IRS;ALA D;2026,0;7,0;0,0;234,0;17,0;0,0;13,764705882352942
IRS;ALA D;2026,0;8,0;0,0;428,0;17,0;0,0;25,176470588235293
IRS;ALA E;2023,0;8,0;1,0;248,0;17,0;0,058823529411764705;14,588235294117647
IRS;ALA E;2023,0;9,0;0,0;209,0;11,0;0,0;19,0
IRS;ALA E;2023,0;10,0;1,0;344,0;23,0;0,043478260869565216;14,956521739130435
IRS;ALA E;2023,0;11,0;0,0;205,0;13,0;0,0;15,76923076923077
IRS;ALA E;2023,0;12,0;0,0;194,0;17,0;0,0;11,411764705882353
IRS;ALA E;2024,0;1,0;0,0;443,0;18,0;0,0;24,61111111111111
IRS;ALA E;2024,0;2,0;0,0;255,0;4,0;0,0;63,75
IRS;ALA E;2024,0;3,0;0,0;144,0;17,0;0,0;8,470588235294118
IRS;ALA E;2024,0;4,0;0,0;93,0;15,0;0,0;6,2
IRS;ALA E;2024,0;5,0;0,0;293,0;16,0;0,0;18,3125
IRS;ALA E;2024,0;6,0;1,0;311,0;19,0;0,05263157894736842;16,36842105263158
IRS;ALA E;2024,0;7,0;0,0;450,0;18,0;0,0;25,0
IRS;ALA E;2024,0;8,0;0,0;267,0;12,0;0,0;22,25
IRS;ALA E;2024,0;9,0;0,0;98,0;13,0;0,0;7,538461538461538
IRS;ALA E;2024,0;10,0;0,0;41,0;1,0;0,0;41,0
IRS;ALA F;2024,0;2,0;0,0;75,0;5,0;0,0;15,0
IRS;ALA F;2024,0;6,0;0,0;26,0;3,0;0,0;8,666666666666666
IRS;AMBULATORIO - PSIQUIATRIA;2019,0;2,0;1,0;21,0;1,0;1,0;21,0
IRS;AMBULATORIO - PSIQUIATRIA;2019,0;3,0;0,0;0,0;1,0;0,0;0,0
IRS;AMBULATORIO - PSIQUIATRIA;2022,0;6,0;0,0;0,0;1,0;0,0;0,0
IRS;AMBULATORIO - PSIQUIATRIA;2022,0;7,0;0,0;2,0;2,0;0,0;1,0
IRS;ELETROCONVULSOTERAPIA;2020,0;1,0;0,0;0,0;1,0;0,0;0,0
IRS;UNIDADE DE URGÊNCIA - CLINICA PSIQUIÁTRICA SALA DE OBSERVAÇAO;2019,0;1,0;2,0;152,0;10,0;0,2;15,2
IRS;UNIDADE DE URGÊNCIA - CLINICA PSIQUIÁTRICA SALA DE OBSERVAÇAO;2019,0;2,0;5,0;149,0;16,0;0,3125;9,3125
IRS;UNIDADE DE URGÊNCIA - CLINICA PSIQUIÁTRICA SALA DE OBSERVAÇAO;2019,0;3,0;3,0;344,0;20,0;0,15;17,2
IRS;UNIDADE DE URGÊNCIA - CLINICA PSIQUIÁTRICA SALA DE OBSERVAÇAO;2019,0;4,0;4,0;133,0;16,0;0,25;8,3125
IRS;UNIDADE DE URGÊNCIA - CLINICA PSIQUIÁTRICA SALA DE OBSERVAÇAO;2019,0;5,0;3,0;196,0;17,0;0,17647058823529413;11,529411764705882
IRS;UNIDADE DE URGÊNCIA - CLINICA PSIQUIÁTRICA SALA DE OBSERVAÇAO;2019,0;6,0;0,0;239,0;21,0;0,0;11,380952380952381
IRS;UNIDADE DE URGÊNCIA - CLINICA PSIQUIÁTRICA SALA DE OBSERVAÇAO;2019,0;7,0;2,0;406,0;14,0;0,14285714285714285;29,0
IRS;UNIDADE DE URGÊNCIA - CLINICA PSIQUIÁTRICA SALA DE OBSERVAÇAO;2019,0;8,0;5,0;342,0;15,0;0,3333333333333333;22,8
IRS;UNIDADE DE URGÊNCIA - CLINICA PSIQUIÁTRICA SALA DE OBSERVAÇAO;2019,0;9,0;2,0;173,0;15,0;0,13333333333333333;11,533333333333333
IRS;UNIDADE DE URGÊNCIA - CLINICA PSIQUIÁTRICA SALA DE OBSERVAÇAO;2019,0;10,0;1,0;149,0;15,0;0,06666666666666667;9,933333333333334
IRS;UNIDADE DE URGÊNCIA - CLINICA PSIQUIÁTRICA SALA DE OBSERVAÇAO;2019,0;11,0;4,0;180,0;17,0;0,23529411764705882;10,588235294117647
IRS;UNIDADE DE URGÊNCIA - CLINICA PSIQUIÁTRICA SALA DE OBSERVAÇAO;2019,0;12,0;6,0;397,0;22,0;0,2727272727272727;18,045454545454547
IRS;UNIDADE DE URGÊNCIA - CLINICA PSIQUIÁTRICA SALA DE OBSERVAÇAO;2020,0;1,0;3,0;257,0;20,0;0,15;12,85
IRS;UNIDADE DE URGÊNCIA - CLINICA PSIQUIÁTRICA SALA DE OBSERVAÇAO;2020,0;2,0;6,0;208,0;22,0;0,2727272727272727;9,454545454545455
IRS;UNIDADE DE URGÊNCIA - CLINICA PSIQUIÁTRICA SALA DE OBSERVAÇAO;2020,0;3,0;4,0;182,0;23,0;0,17391304347826086;7,913043478260869
IRS;UNIDADE DE URGÊNCIA - CLINICA PSIQUIÁTRICA SALA DE OBSERVAÇAO;2020,0;4,0;1,0;123,0;19,0;0,05263157894736842;6,473684210526316
IRS;UNIDADE DE URGÊNCIA - CLINICA PSIQUIÁTRICA SALA DE OBSERVAÇAO;2020,0;5,0;1,0;128,0;10,0;0,1;12,8
IRS;UNIDADE DE URGÊNCIA - CLINICA PSIQUIÁTRICA SALA DE OBSERVAÇAO;2020,0;6,0;3,0;186,0;15,0;0,2;12,4
IRS;UNIDADE DE URGÊNCIA - CLINICA PSIQUIÁTRICA SALA DE OBSERVAÇAO;2020,0;7,0;2,0;325,0;15,0;0,13333333333333333;21,666666666666668
IRS;UNIDADE DE URGÊNCIA - CLINICA PSIQUIÁTRICA SALA DE OBSERVAÇAO;2020,0;8,0;0,0;138,0;17,0;0,0;8,117647058823529
IRS;UNIDADE DE URGÊNCIA - CLINICA PSIQUIÁTRICA SALA DE OBSERVAÇAO;2020,0;9,0;2,0;389,0;15,0;0,13333333333333333;25,933333333333334
IRS;UNIDADE DE URGÊNCIA - CLINICA PSIQUIÁTRICA SALA DE OBSERVAÇAO;2020,0;10,0;2,0;408,0;15,0;0,13333333333333333;27,2
IRS;UNIDADE DE URGÊNCIA - CLINICA PSIQUIÁTRICA SALA DE OBSERVAÇAO;2020,0;11,0;2,0;261,0;18,0;0,1111111111111111;14,5
IRS;UNIDADE DE URGÊNCIA - CLINICA PSIQUIÁTRICA SALA DE OBSERVAÇAO;2020,0;12,0;2,0;411,0;11,0;0,18181818181818182;37,36363636363637
IRS;UNIDADE DE URGÊNCIA - CLINICA PSIQUIÁTRICA SALA DE OBSERVAÇAO;2021,0;1,0;2,0;385,0;14,0;0,14285714285714285;27,5
IRS;UNIDADE DE URGÊNCIA - CLINICA PSIQUIÁTRICA SALA DE OBSERVAÇAO;2021,0;2,0;1,0;332,0;10,0;0,1;33,2
IRS;UNIDADE DE URGÊNCIA - CLINICA PSIQUIÁTRICA SALA DE OBSERVAÇAO;2021,0;3,0;2,0;640,0;10,0;0,2;64,0
IRS;UNIDADE DE URGÊNCIA - CLINICA PSIQUIÁTRICA SALA DE OBSERVAÇAO;2021,0;4,0;2,0;220,0;15,0;0,13333333333333333;14,666666666666666
IRS;UNIDADE DE URGÊNCIA - CLINICA PSIQUIÁTRICA SALA DE OBSERVAÇAO;2021,0;5,0;4,0;375,0;12,0;0,3333333333333333;31,25
IRS;UNIDADE DE URGÊNCIA - CLINICA PSIQUIÁTRICA SALA DE OBSERVAÇAO;2021,0;6,0;8,0;485,0;10,0;0,8;48,5
IRS;UNIDADE DE URGÊNCIA - CLINICA PSIQUIÁTRICA SALA DE OBSERVAÇAO;2021,0;7,0;4,0;721,0;13,0;0,3076923076923077;55,46153846153846
IRS;UNIDADE DE URGÊNCIA - CLINICA PSIQUIÁTRICA SALA DE OBSERVAÇAO;2021,0;8,0;4,0;648,0;21,0;0,19047619047619047;30,857142857142858
IRS;UNIDADE DE URGÊNCIA - CLINICA PSIQUIÁTRICA SALA DE OBSERVAÇAO;2021,0;9,0;5,0;617,0;14,0;0,35714285714285715;44,07142857142857
IRS;UNIDADE DE URGÊNCIA - CLINICA PSIQUIÁTRICA SALA DE OBSERVAÇAO;2021,0;10,0;10,0;530,0;16,0;0,625;33,125
IRS;UNIDADE DE URGÊNCIA - CLINICA PSIQUIÁTRICA SALA DE OBSERVAÇAO;2021,0;11,0;1,0;496,0;11,0;0,09090909090909091;45,09090909090909
IRS;UNIDADE DE URGÊNCIA - CLINICA PSIQUIÁTRICA SALA DE OBSERVAÇAO;2021,0;12,0;6,0;474,0;15,0;0,4;31,6
IRS;UNIDADE DE URGÊNCIA - CLINICA PSIQUIÁTRICA SALA DE OBSERVAÇAO;2022,0;1,0;2,0;418,0;14,0;0,14285714285714285;29,857142857142858
IRS;UNIDADE DE URGÊNCIA - CLINICA PSIQUIÁTRICA SALA DE OBSERVAÇAO;2022,0;2,0;2,0;612,0;13,0;0,15384615384615385;47,07692307692308
IRS;UNIDADE DE URGÊNCIA - CLINICA PSIQUIÁTRICA SALA DE OBSERVAÇAO;2022,0;3,0;6,0;463,0;13,0;0,46153846153846156;35,61538461538461
IRS;UNIDADE DE URGÊNCIA - CLINICA PSIQUIÁTRICA SALA DE OBSERVAÇAO;2022,0;4,0;4,0;723,0;11,0;0,36363636363636365;65,72727272727273
IRS;UNIDADE DE URGÊNCIA - CLINICA PSIQUIÁTRICA SALA DE OBSERVAÇAO;2022,0;5,0;6,0;928,0;12,0;0,5;77,33333333333333
IRS;UNIDADE DE URGÊNCIA - CLINICA PSIQUIÁTRICA SALA DE OBSERVAÇAO;2022,0;6,0;10,0;500,0;13,0;0,7692307692307693;38,46153846153846
IRS;UNIDADE DE URGÊNCIA - CLINICA PSIQUIÁTRICA SALA DE OBSERVAÇAO;2022,0;7,0;4,0;716,0;6,0;0,6666666666666666;119,33333333333333
IRS;UNIDADE DE URGÊNCIA - CLINICA PSIQUIÁTRICA SALA DE OBSERVAÇAO;2022,0;8,0;6,0;890,0;3,0;2,0;296,6666666666667
IRS;UNIDADE DE URGÊNCIA - CLINICA PSIQUIÁTRICA SALA DE OBSERVAÇAO;2022,0;9,0;8,0;802,0;9,0;0,8888888888888888;89,11111111111111
IRS;UNIDADE DE URGÊNCIA - CLINICA PSIQUIÁTRICA SALA DE OBSERVAÇAO;2022,0;10,0;8,0;724,0;7,0;1,1428571428571428;103,42857142857143
IRS;UNIDADE DE URGÊNCIA - CLINICA PSIQUIÁTRICA SALA DE OBSERVAÇAO;2022,0;11,0;11,0;606,0;10,0;1,1;60,6
IRS;UNIDADE DE URGÊNCIA - CLINICA PSIQUIÁTRICA SALA DE OBSERVAÇAO;2022,0;12,0;2,0;571,0;3,0;0,6666666666666666;190,33333333333334
IRS;UNIDADE DE URGÊNCIA - CLINICA PSIQUIÁTRICA SALA DE OBSERVAÇAO;2023,0;1,0;3,0;640,0;13,0;0,23076923076923078;49,23076923076923
IRS;UNIDADE DE URGÊNCIA - CLINICA PSIQUIÁTRICA SALA DE OBSERVAÇAO;2023,0;2,0;1,0;483,0;13,0;0,07692307692307693;37,15384615384615
IRS;UNIDADE DE URGÊNCIA - CLINICA PSIQUIÁTRICA SALA DE OBSERVAÇAO;2023,0;3,0;5,0;485,0;10,0;0,5;48,5
IRS;UNIDADE DE URGÊNCIA - CLINICA PSIQUIÁTRICA SALA DE OBSERVAÇAO;2023,0;4,0;3,0;547,0;7,0;0,42857142857142855;78,14285714285714
IRS;UNIDADE DE URGÊNCIA - CLINICA PSIQUIÁTRICA SALA DE OBSERVAÇAO;2023,0;5,0;3,0;405,0;10,0;0,3;40,5
IRS;UNIDADE DE URGÊNCIA - CLINICA PSIQUIÁTRICA SALA DE OBSERVAÇAO;2023,0;6,0;5,0;482,0;11,0;0,45454545454545453;43,81818181818182
IRS;UNIDADE DE URGÊNCIA - CLINICA PSIQUIÁTRICA SALA DE OBSERVAÇAO;2023,0;7,0;5,0;468,0;10,0;0,5;46,8
IRS;UNIDADE DE URGÊNCIA - CLINICA PSIQUIÁTRICA SALA DE OBSERVAÇAO;2023,0;8,0;1,0;1,0;1,0;1,0;1,0
IRS;UNIDADE INTERNAÇÃO - PSIQUIATRIA ALA A;2019,0;3,0;2,0;129,0;2,0;1,0;64,5
IRS;UNIDADE INTERNAÇÃO - PSIQUIATRIA ALA A;2019,0;4,0;6,0;225,0;21,0;0,2857142857142857;10,714285714285714
IRS;UNIDADE INTERNAÇÃO - PSIQUIATRIA ALA A;2019,0;5,0;11,0;404,0;14,0;0,7857142857142857;28,857142857142858
IRS;UNIDADE INTERNAÇÃO - PSIQUIATRIA ALA A;2019,0;6,0;8,0;236,0;13,0;0,6153846153846154;18,153846153846153
IRS;UNIDADE INTERNAÇÃO - PSIQUIATRIA ALA A;2019,0;7,0;9,0;244,0;18,0;0,5;13,555555555555555
IRS;UNIDADE INTERNAÇÃO - PSIQUIATRIA ALA A;2019,0;8,0;22,0;287,0;21,0;1,0476190476190477;13,666666666666666
IRS;UNIDADE INTERNAÇÃO - PSIQUIATRIA ALA A;2019,0;9,0;12,0;354,0;15,0;0,8;23,6
IRS;UNIDADE INTERNAÇÃO - PSIQUIATRIA ALA A;2019,0;10,0;11,0;256,0;20,0;0,55;12,8
IRS;UNIDADE INTERNAÇÃO - PSIQUIATRIA ALA A;2019,0;11,0;12,0;251,0;22,0;0,5454545454545454;11,409090909090908
IRS;UNIDADE INTERNAÇÃO - PSIQUIATRIA ALA A;2019,0;12,0;4,0;212,0;15,0;0,26666666666666666;14,133333333333333
IRS;UNIDADE INTERNAÇÃO - PSIQUIATRIA ALA A;2020,0;1,0;1,0;123,0;13,0;0,07692307692307693;9,461538461538462
IRS;UNIDADE INTERNAÇÃO - PSIQUIATRIA ALA A;2020,0;2,0;4,0;194,0;12,0;0,3333333333333333;16,166666666666668
IRS;UNIDADE INTERNAÇÃO - PSIQUIATRIA ALA A;2020,0;3,0;11,0;292,0;19,0;0,5789473684210527;15,368421052631579
IRS;UNIDADE INTERNAÇÃO - PSIQUIATRIA ALA A;2020,0;4,0;4,0;154,0;13,0;0,3076923076923077;11,846153846153847
IRS;UNIDADE INTERNAÇÃO - PSIQUIATRIA ALA A;2020,0;5,0;2,0;177,0;19,0;0,10526315789473684;9,31578947368421
IRS;UNIDADE INTERNAÇÃO - PSIQUIATRIA ALA A;2020,0;6,0;4,0;332,0;22,0;0,18181818181818182;15,090909090909092
IRS;UNIDADE INTERNAÇÃO - PSIQUIATRIA ALA A;2020,0;7,0;7,0;222,0;14,0;0,5;15,857142857142858
IRS;UNIDADE INTERNAÇÃO - PSIQUIATRIA ALA A;2020,0;8,0;2,0;267,0;17,0;0,11764705882352941;15,705882352941176
IRS;UNIDADE INTERNAÇÃO - PSIQUIATRIA ALA A;2020,0;9,0;2,0;351,0;22,0;0,09090909090909091;15,954545454545455
IRS;UNIDADE INTERNAÇÃO - PSIQUIATRIA ALA A;2020,0;10,0;4,0;367,0;25,0;0,16;14,68
IRS;UNIDADE INTERNAÇÃO - PSIQUIATRIA ALA A;2020,0;11,0;7,0;321,0;19,0;0,3684210526315789;16,894736842105264
IRS;UNIDADE INTERNAÇÃO - PSIQUIATRIA ALA A;2020,0;12,0;3,0;380,0;25,0;0,12;15,2
IRS;UNIDADE INTERNAÇÃO - PSIQUIATRIA ALA A;2021,0;1,0;8,0;291,0;15,0;0,5333333333333333;19,4
IRS;UNIDADE INTERNAÇÃO - PSIQUIATRIA ALA A;2021,0;2,0;7,0;227,0;17,0;0,4117647058823529;13,352941176470589
IRS;UNIDADE INTERNAÇÃO - PSIQUIATRIA ALA A;2021,0;3,0;4,0;297,0;20,0;0,2;14,85
IRS;UNIDADE INTERNAÇÃO - PSIQUIATRIA ALA A;2021,0;4,0;6,0;405,0;21,0;0,2857142857142857;19,285714285714285
IRS;UNIDADE INTERNAÇÃO - PSIQUIATRIA ALA A;2021,0;5,0;2,0;218,0;20,0;0,1;10,9
IRS;UNIDADE INTERNAÇÃO - PSIQUIATRIA ALA A;2021,0;6,0;5,0;168,0;15,0;0,3333333333333333;11,2
IRS;UNIDADE INTERNAÇÃO - PSIQUIATRIA ALA A;2021,0;7,0;4,0;244,0;23,0;0,17391304347826086;10,608695652173912
IRS;UNIDADE INTERNAÇÃO - PSIQUIATRIA ALA A;2021,0;8,0;4,0;324,0;21,0;0,19047619047619047;15,428571428571429
IRS;UNIDADE INTERNAÇÃO - PSIQUIATRIA ALA A;2021,0;9,0;2,0;324,0;22,0;0,09090909090909091;14,727272727272727
IRS;UNIDADE INTERNAÇÃO - PSIQUIATRIA ALA A;2021,0;10,0;5,0;448,0;18,0;0,2777777777777778;24,88888888888889
IRS;UNIDADE INTERNAÇÃO - PSIQUIATRIA ALA A;2021,0;11,0;4,0;397,0;28,0;0,14285714285714285;14,178571428571429
IRS;UNIDADE INTERNAÇÃO - PSIQUIATRIA ALA A;2021,0;12,0;2,0;324,0;15,0;0,13333333333333333;21,6
IRS;UNIDADE INTERNAÇÃO - PSIQUIATRIA ALA A;2022,0;1,0;2,0;223,0;12,0;0,16666666666666666;18,583333333333332
IRS;UNIDADE INTERNAÇÃO - PSIQUIATRIA ALA A;2022,0;2,0;2,0;181,0;19,0;0,10526315789473684;9,526315789473685
IRS;UNIDADE INTERNAÇÃO - PSIQUIATRIA ALA A;2022,0;3,0;10,0;303,0;19,0;0,5263157894736842;15,947368421052632
IRS;UNIDADE INTERNAÇÃO - PSIQUIATRIA ALA A;2022,0;4,0;2,0;273,0;18,0;0,1111111111111111;15,166666666666666
IRS;UNIDADE INTERNAÇÃO - PSIQUIATRIA ALA A;2022,0;5,0;13,0;253,0;27,0;0,48148148148148145;9,37037037037037
IRS;UNIDADE INTERNAÇÃO - PSIQUIATRIA ALA A;2022,0;6,0;6,0;362,0;19,0;0,3157894736842105;19,05263157894737
IRS;UNIDADE INTERNAÇÃO - PSIQUIATRIA ALA A;2022,0;7,0;1,0;150,0;14,0;0,07142857142857142;10,714285714285714
IRS;UNIDADE INTERNAÇÃO - PSIQUIATRIA ALA A;2022,0;8,0;8,0;253,0;17,0;0,47058823529411764;14,882352941176471
IRS;UNIDADE INTERNAÇÃO - PSIQUIATRIA ALA A;2022,0;9,0;9,0;408,0;18,0;0,5;22,666666666666668
IRS;UNIDADE INTERNAÇÃO - PSIQUIATRIA ALA A;2022,0;10,0;8,0;263,0;25,0;0,32;10,52
IRS;UNIDADE INTERNAÇÃO - PSIQUIATRIA ALA A;2022,0;11,0;3,0;260,0;21,0;0,14285714285714285;12,380952380952381
IRS;UNIDADE INTERNAÇÃO - PSIQUIATRIA ALA A;2022,0;12,0;2,0;228,0;19,0;0,10526315789473684;12,0
IRS;UNIDADE INTERNAÇÃO - PSIQUIATRIA ALA A;2023,0;1,0;6,0;316,0;21,0;0,2857142857142857;15,047619047619047
IRS;UNIDADE INTERNAÇÃO - PSIQUIATRIA ALA A;2023,0;2,0;8,0;203,0;13,0;0,6153846153846154;15,615384615384615
IRS;UNIDADE INTERNAÇÃO - PSIQUIATRIA ALA A;2023,0;3,0;13,0;248,0;20,0;0,65;12,4
IRS;UNIDADE INTERNAÇÃO - PSIQUIATRIA ALA A;2023,0;4,0;3,0;191,0;12,0;0,25;15,916666666666666
IRS;UNIDADE INTERNAÇÃO - PSIQUIATRIA ALA A;2023,0;5,0;7,0;212,0;18,0;0,3888888888888889;11,777777777777779
IRS;UNIDADE INTERNAÇÃO - PSIQUIATRIA ALA A;2023,0;6,0;4,0;293,0;11,0;0,36363636363636365;26,636363636363637
IRS;UNIDADE INTERNAÇÃO - PSIQUIATRIA ALA A;2023,0;7,0;1,0;239,0;17,0;0,058823529411764705;14,058823529411764
IRS;UNIDADE INTERNAÇÃO - PSIQUIATRIA ALA B;2019,0;3,0;1,0;24,0;2,0;0,5;12,0
IRS;UNIDADE INTERNAÇÃO - PSIQUIATRIA ALA B;2019,0;4,0;6,0;139,0;18,0;0,3333333333333333;7,722222222222222
IRS;UNIDADE INTERNAÇÃO - PSIQUIATRIA ALA B;2019,0;5,0;8,0;247,0;9,0;0,8888888888888888;27,444444444444443
IRS;UNIDADE INTERNAÇÃO - PSIQUIATRIA ALA B;2019,0;6,0;10,0;241,0;18,0;0,5555555555555556;13,38888888888889
IRS;UNIDADE INTERNAÇÃO - PSIQUIATRIA ALA B;2019,0;7,0;6,0;248,0;14,0;0,42857142857142855;17,714285714285715
IRS;UNIDADE INTERNAÇÃO - PSIQUIATRIA ALA B;2019,0;8,0;6,0;271,0;14,0;0,42857142857142855;19,357142857142858
IRS;UNIDADE INTERNAÇÃO - PSIQUIATRIA ALA B;2019,0;9,0;4,0;287,0;15,0;0,26666666666666666;19,133333333333333
IRS;UNIDADE INTERNAÇÃO - PSIQUIATRIA ALA B;2019,0;10,0;7,0;263,0;14,0;0,5;18,785714285714285
IRS;UNIDADE INTERNAÇÃO - PSIQUIATRIA ALA B;2019,0;11,0;6,0;233,0;13,0;0,46153846153846156;17,923076923076923
IRS;UNIDADE INTERNAÇÃO - PSIQUIATRIA ALA B;2019,0;12,0;5,0;141,0;7,0;0,7142857142857143;20,142857142857142
IRS;UNIDADE INTERNAÇÃO - PSIQUIATRIA ALA B;2020,0;1,0;6,0;249,0;19,0;0,3157894736842105;13,105263157894736
IRS;UNIDADE INTERNAÇÃO - PSIQUIATRIA ALA B;2020,0;2,0;6,0;194,0;9,0;0,6666666666666666;21,555555555555557
IRS;UNIDADE INTERNAÇÃO - PSIQUIATRIA ALA B;2020,0;3,0;2,0;188,0;15,0;0,13333333333333333;12,533333333333333
IRS;UNIDADE INTERNAÇÃO - PSIQUIATRIA ALA B;2020,0;4,0;3,0;259,0;11,0;0,2727272727272727;23,545454545454547
IRS;UNIDADE INTERNAÇÃO - PSIQUIATRIA ALA B;2020,0;5,0;3,0;227,0;10,0;0,3;22,7
IRS;UNIDADE INTERNAÇÃO - PSIQUIATRIA ALA B;2020,0;6,0;3,0;185,0;16,0;0,1875;11,5625
IRS;UNIDADE INTERNAÇÃO - PSIQUIATRIA ALA B;2020,0;7,0;3,0;302,0;18,0;0,16666666666666666;16,77777777777778
IRS;UNIDADE INTERNAÇÃO - PSIQUIATRIA ALA B;2020,0;8,0;2,0;290,0;10,0;0,2;29,0
IRS;UNIDADE INTERNAÇÃO - PSIQUIATRIA ALA B;2020,0;9,0;13,0;200,0;21,0;0,6190476190476191;9,523809523809524
IRS;UNIDADE INTERNAÇÃO - PSIQUIATRIA ALA B;2020,0;10,0;8,0;358,0;15,0;0,5333333333333333;23,866666666666667
IRS;UNIDADE INTERNAÇÃO - PSIQUIATRIA ALA B;2020,0;11,0;8,0;239,0;19,0;0,42105263157894735;12,578947368421053
IRS;UNIDADE INTERNAÇÃO - PSIQUIATRIA ALA B;2020,0;12,0;5,0;292,0;12,0;0,4166666666666667;24,333333333333332
IRS;UNIDADE INTERNAÇÃO - PSIQUIATRIA ALA B;2021,0;1,0;2,0;263,0;17,0;0,11764705882352941;15,470588235294118
IRS;UNIDADE INTERNAÇÃO - PSIQUIATRIA ALA B;2021,0;2,0;7,0;209,0;10,0;0,7;20,9
IRS;UNIDADE INTERNAÇÃO - PSIQUIATRIA ALA B;2021,0;3,0;11,0;368,0;16,0;0,6875;23,0
IRS;UNIDADE INTERNAÇÃO - PSIQUIATRIA ALA B;2021,0;4,0;5,0;207,0;17,0;0,29411764705882354;12,176470588235293
IRS;UNIDADE INTERNAÇÃO - PSIQUIATRIA ALA B;2021,0;5,0;6,0;268,0;24,0;0,25;11,166666666666666
IRS;UNIDADE INTERNAÇÃO - PSIQUIATRIA ALA B;2021,0;6,0;2,0;248,0;23,0;0,08695652173913043;10,782608695652174
IRS;UNIDADE INTERNAÇÃO - PSIQUIATRIA ALA B;2021,0;7,0;6,0;280,0;20,0;0,3;14,0
IRS;UNIDADE INTERNAÇÃO - PSIQUIATRIA ALA B;2021,0;8,0;7,0;255,0;18,0;0,3888888888888889;14,166666666666666
IRS;UNIDADE INTERNAÇÃO - PSIQUIATRIA ALA B;2021,0;9,0;5,0;138,0;24,0;0,20833333333333334;5,75
IRS;UNIDADE INTERNAÇÃO - PSIQUIATRIA ALA B;2021,0;10,0;4,0;232,0;19,0;0,21052631578947367;12,210526315789474
IRS;UNIDADE INTERNAÇÃO - PSIQUIATRIA ALA B;2021,0;11,0;7,0;282,0;26,0;0,2692307692307692;10,846153846153847
IRS;UNIDADE INTERNAÇÃO - PSIQUIATRIA ALA B;2021,0;12,0;6,0;262,0;24,0;0,25;10,916666666666666
IRS;UNIDADE INTERNAÇÃO - PSIQUIATRIA ALA B;2022,0;1,0;1,0;157,0;16,0;0,0625;9,8125
IRS;UNIDADE INTERNAÇÃO - PSIQUIATRIA ALA B;2022,0;2,0;3,0;119,0;7,0;0,42857142857142855;17,0
IRS;UNIDADE INTERNAÇÃO - PSIQUIATRIA ALA B;2022,0;3,0;2,0;311,0;13,0;0,15384615384615385;23,923076923076923
IRS;UNIDADE INTERNAÇÃO - PSIQUIATRIA ALA B;2022,0;4,0;2,0;216,0;19,0;0,10526315789473684;11,368421052631579
IRS;UNIDADE INTERNAÇÃO - PSIQUIATRIA ALA B;2022,0;5,0;5,0;121,0;17,0;0,29411764705882354;7,117647058823529
IRS;UNIDADE INTERNAÇÃO - PSIQUIATRIA ALA B;2022,0;6,0;2,0;132,0;15,0;0,13333333333333333;8,8
IRS;UNIDADE INTERNAÇÃO - PSIQUIATRIA ALA B;2022,0;7,0;11,0;222,0;19,0;0,5789473684210527;11,68421052631579
IRS;UNIDADE INTERNAÇÃO - PSIQUIATRIA ALA B;2022,0;8,0;2,0;173,0;18,0;0,1111111111111111;9,61111111111111
IRS;UNIDADE INTERNAÇÃO - PSIQUIATRIA ALA B;2022,0;9,0;8,0;334,0;27,0;0,2962962962962963;12,37037037037037
IRS;UNIDADE INTERNAÇÃO - PSIQUIATRIA ALA B;2022,0;10,0;2,0;282,0;18,0;0,1111111111111111;15,666666666666666
IRS;UNIDADE INTERNAÇÃO - PSIQUIATRIA ALA B;2022,0;11,0;4,0;329,0;25,0;0,16;13,16
IRS;UNIDADE INTERNAÇÃO - PSIQUIATRIA ALA B;2022,0;12,0;1,0;191,0;10,0;0,1;19,1
IRS;UNIDADE INTERNAÇÃO - PSIQUIATRIA ALA B;2023,0;1,0;1,0;135,0;18,0;0,05555555555555555;7,5
IRS;UNIDADE INTERNAÇÃO - PSIQUIATRIA ALA B;2023,0;2,0;3,0;145,0;8,0;0,375;18,125
IRS;UNIDADE INTERNAÇÃO - PSIQUIATRIA ALA B;2023,0;3,0;7,0;205,0;22,0;0,3181818181818182;9,318181818181818
IRS;UNIDADE INTERNAÇÃO - PSIQUIATRIA ALA B;2023,0;4,0;9,0;194,0;12,0;0,75;16,166666666666668
IRS;UNIDADE INTERNAÇÃO - PSIQUIATRIA ALA B;2023,0;5,0;2,0;198,0;22,0;0,09090909090909091;9,0
IRS;UNIDADE INTERNAÇÃO - PSIQUIATRIA ALA B;2023,0;6,0;3,0;189,0;17,0;0,17647058823529413;11,117647058823529
IRS;UNIDADE INTERNAÇÃO - PSIQUIATRIA ALA B;2023,0;7,0;1,0;129,0;13,0;0,07692307692307693;9,923076923076923
IRS;UNIDADE INTERNAÇÃO - PSIQUIATRIA ALA C;2019,0;3,0;0,0;63,0;6,0;0,0;10,5
IRS;UNIDADE INTERNAÇÃO - PSIQUIATRIA ALA C;2019,0;4,0;7,0;239,0;20,0;0,35;11,95
IRS;UNIDADE INTERNAÇÃO - PSIQUIATRIA ALA C;2019,0;5,0;5,0;295,0;23,0;0,21739130434782608;12,826086956521738
IRS;UNIDADE INTERNAÇÃO - PSIQUIATRIA ALA C;2019,0;6,0;4,0;186,0;14,0;0,2857142857142857;13,285714285714286
IRS;UNIDADE INTERNAÇÃO - PSIQUIATRIA ALA C;2019,0;7,0;2,0;261,0;26,0;0,07692307692307693;10,038461538461538
IRS;UNIDADE INTERNAÇÃO - PSIQUIATRIA ALA C;2019,0;8,0;4,0;258,0;22,0;0,18181818181818182;11,727272727272727
IRS;UNIDADE INTERNAÇÃO - PSIQUIATRIA ALA C;2019,0;9,0;6,0;204,0;20,0;0,3;10,2
IRS;UNIDADE INTERNAÇÃO - PSIQUIATRIA ALA C;2019,0;10,0;2,0;130,0;21,0;0,09523809523809523;6,190476190476191
IRS;UNIDADE INTERNAÇÃO - PSIQUIATRIA ALA C;2019,0;11,0;2,0;185,0;16,0;0,125;11,5625
IRS;UNIDADE INTERNAÇÃO - PSIQUIATRIA ALA C;2019,0;12,0;2,0;230,0;24,0;0,08333333333333333;9,583333333333334
IRS;UNIDADE INTERNAÇÃO - PSIQUIATRIA ALA C;2020,0;1,0;8,0;271,0;21,0;0,38095238095238093;12,904761904761905
IRS;UNIDADE INTERNAÇÃO - PSIQUIATRIA ALA C;2020,0;2,0;5,0;232,0;20,0;0,25;11,6
IRS;UNIDADE INTERNAÇÃO - PSIQUIATRIA ALA C;2020,0;3,0;6,0;139,0;13,0;0,46153846153846156;10,692307692307692
IRS;UNIDADE INTERNAÇÃO - PSIQUIATRIA ALA C;2020,0;4,0;8,0;212,0;24,0;0,3333333333333333;8,833333333333334
IRS;UNIDADE INTERNAÇÃO - PSIQUIATRIA ALA C;2020,0;5,0;4,0;220,0;24,0;0,16666666666666666;9,166666666666666
IRS;UNIDADE INTERNAÇÃO - PSIQUIATRIA ALA C;2020,0;6,0;1,0;208,0;25,0;0,04;8,32
IRS;UNIDADE INTERNAÇÃO - PSIQUIATRIA ALA C;2020,0;7,0;6,0;359,0;23,0;0,2608695652173913;15,608695652173912
IRS;UNIDADE INTERNAÇÃO - PSIQUIATRIA ALA C;2020,0;8,0;3,0;487,0;33,0;0,09090909090909091;14,757575757575758
IRS;UNIDADE INTERNAÇÃO - PSIQUIATRIA ALA C;2020,0;9,0;12,0;558,0;34,0;0,35294117647058826;16,41176470588235
IRS;UNIDADE INTERNAÇÃO - PSIQUIATRIA ALA C;2020,0;10,0;3,0;611,0;38,0;0,07894736842105263;16,07894736842105
IRS;UNIDADE INTERNAÇÃO - PSIQUIATRIA ALA C;2020,0;11,0;7,0;536,0;35,0;0,2;15,314285714285715
IRS;UNIDADE INTERNAÇÃO - PSIQUIATRIA ALA C;2020,0;12,0;0,0;530,0;35,0;0,0;15,142857142857142
IRS;UNIDADE INTERNAÇÃO - PSIQUIATRIA ALA C;2021,0;1,0;5,0;227,0;32,0;0,15625;7,09375
IRS;UNIDADE INTERNAÇÃO - PSIQUIATRIA ALA C;2021,0;2,0;2,0;427,0;22,0;0,09090909090909091;19,40909090909091
IRS;UNIDADE INTERNAÇÃO - PSIQUIATRIA ALA C;2021,0;3,0;4,0;462,0;41,0;0,0975609756097561;11,268292682926829
IRS;UNIDADE INTERNAÇÃO - PSIQUIATRIA ALA C;2021,0;4,0;5,0;299,0;30,0;0,16666666666666666;9,966666666666667
IRS;UNIDADE INTERNAÇÃO - PSIQUIATRIA ALA C;2021,0;5,0;5,0;405,0;25,0;0,2;16,2
IRS;UNIDADE INTERNAÇÃO - PSIQUIATRIA ALA C;2021,0;6,0;8,0;474,0;29,0;0,27586206896551724;16,344827586206897
IRS;UNIDADE INTERNAÇÃO - PSIQUIATRIA ALA C;2021,0;7,0;6,0;496,0;40,0;0,15;12,4
IRS;UNIDADE INTERNAÇÃO - PSIQUIATRIA ALA C;2021,0;8,0;7,0;523,0;27,0;0,25925925925925924;19,37037037037037
IRS;UNIDADE INTERNAÇÃO - PSIQUIATRIA ALA C;2021,0;9,0;5,0;340,0;26,0;0,19230769230769232;13,076923076923077
IRS;UNIDADE INTERNAÇÃO - PSIQUIATRIA ALA C;2021,0;10,0;2,0;313,0;34,0;0,058823529411764705;9,205882352941176
IRS;UNIDADE INTERNAÇÃO - PSIQUIATRIA ALA C;2021,0;11,0;8,0;375,0;26,0;0,3076923076923077;14,423076923076923
IRS;UNIDADE INTERNAÇÃO - PSIQUIATRIA ALA C;2021,0;12,0;7,0;328,0;34,0;0,20588235294117646;9,647058823529411
IRS;UNIDADE INTERNAÇÃO - PSIQUIATRIA ALA C;2022,0;1,0;3,0;173,0;20,0;0,15;8,65
IRS;UNIDADE INTERNAÇÃO - PSIQUIATRIA ALA C;2022,0;2,0;7,0;430,0;16,0;0,4375;26,875
IRS;UNIDADE INTERNAÇÃO - PSIQUIATRIA ALA C;2022,0;3,0;9,0;234,0;37,0;0,24324324324324326;6,324324324324325
IRS;UNIDADE INTERNAÇÃO - PSIQUIATRIA ALA C;2022,0;4,0;5,0;239,0;29,0;0,1724137931034483;8,241379310344827
IRS;UNIDADE INTERNAÇÃO - PSIQUIATRIA ALA C;2022,0;5,0;10,0;297,0;41,0;0,24390243902439024;7,2439024390243905
IRS;UNIDADE INTERNAÇÃO - PSIQUIATRIA ALA C;2022,0;6,0;10,0;293,0;29,0;0,3448275862068966;10,10344827586207
IRS;UNIDADE INTERNAÇÃO - PSIQUIATRIA ALA C;2022,0;7,0;8,0;340,0;26,0;0,3076923076923077;13,076923076923077
IRS;UNIDADE INTERNAÇÃO - PSIQUIATRIA ALA C;2022,0;8,0;6,0;389,0;36,0;0,16666666666666666;10,805555555555555
IRS;UNIDADE INTERNAÇÃO - PSIQUIATRIA ALA C;2022,0;9,0;8,0;253,0;26,0;0,3076923076923077;9,73076923076923
IRS;UNIDADE INTERNAÇÃO - PSIQUIATRIA ALA C;2022,0;10,0;11,0;492,0;23,0;0,4782608695652174;21,391304347826086
IRS;UNIDADE INTERNAÇÃO - PSIQUIATRIA ALA C;2022,0;11,0;5,0;388,0;32,0;0,15625;12,125
IRS;UNIDADE INTERNAÇÃO - PSIQUIATRIA ALA C;2022,0;12,0;5,0;280,0;16,0;0,3125;17,5
IRS;UNIDADE INTERNAÇÃO - PSIQUIATRIA ALA C;2023,0;1,0;3,0;247,0;27,0;0,1111111111111111;9,148148148148149
IRS;UNIDADE INTERNAÇÃO - PSIQUIATRIA ALA C;2023,0;2,0;2,0;221,0;23,0;0,08695652173913043;9,608695652173912
IRS;UNIDADE INTERNAÇÃO - PSIQUIATRIA ALA C;2023,0;3,0;8,0;243,0;27,0;0,2962962962962963;9,0
IRS;UNIDADE INTERNAÇÃO - PSIQUIATRIA ALA C;2023,0;4,0;8,0;227,0;30,0;0,26666666666666666;7,566666666666666
IRS;UNIDADE INTERNAÇÃO - PSIQUIATRIA ALA C;2023,0;5,0;10,0;280,0;35,0;0,2857142857142857;8,0
IRS;UNIDADE INTERNAÇÃO - PSIQUIATRIA ALA C;2023,0;6,0;5,0;417,0;30,0;0,16666666666666666;13,9
IRS;UNIDADE INTERNAÇÃO - PSIQUIATRIA ALA C;2023,0;7,0;6,0;340,0;32,0;0,1875;10,625
IRS;UNIDADE INTERNAÇÃO - PSIQUIATRIA ALA C;2023,0;8,0;1,0;30,0;1,0;1,0;30,0
IRS;UNIDADE INTERNAÇÃO - PSIQUIATRIA ALA D;2019,0;3,0;1,0;26,0;2,0;0,5;13,0
IRS;UNIDADE INTERNAÇÃO - PSIQUIATRIA ALA D;2019,0;4,0;3,0;154,0;16,0;0,1875;9,625
IRS;UNIDADE INTERNAÇÃO - PSIQUIATRIA ALA D;2019,0;5,0;2,0;100,0;10,0;0,2;10,0
IRS;UNIDADE INTERNAÇÃO - PSIQUIATRIA ALA D;2019,0;6,0;3,0;114,0;9,0;0,3333333333333333;12,666666666666666
IRS;UNIDADE INTERNAÇÃO - PSIQUIATRIA ALA D;2019,0;7,0;1,0;163,0;15,0;0,06666666666666667;10,866666666666667
IRS;UNIDADE INTERNAÇÃO - PSIQUIATRIA ALA D;2019,0;8,0;8,0;251,0;11,0;0,7272727272727273;22,818181818181817
IRS;UNIDADE INTERNAÇÃO - PSIQUIATRIA ALA D;2019,0;9,0;5,0;203,0;13,0;0,38461538461538464;15,615384615384615
IRS;UNIDADE INTERNAÇÃO - PSIQUIATRIA ALA D;2019,0;10,0;8,0;172,0;12,0;0,6666666666666666;14,333333333333334
IRS;UNIDADE INTERNAÇÃO - PSIQUIATRIA ALA D;2019,0;11,0;2,0;173,0;11,0;0,18181818181818182;15,727272727272727
IRS;UNIDADE INTERNAÇÃO - PSIQUIATRIA ALA D;2019,0;12,0;7,0;222,0;11,0;0,6363636363636364;20,181818181818183
IRS;UNIDADE INTERNAÇÃO - PSIQUIATRIA ALA D;2020,0;1,0;7,0;213,0;10,0;0,7;21,3
IRS;UNIDADE INTERNAÇÃO - PSIQUIATRIA ALA D;2020,0;2,0;1,0;305,0;16,0;0,0625;19,0625
IRS;UNIDADE INTERNAÇÃO - PSIQUIATRIA ALA D;2020,0;3,0;2,0;157,0;11,0;0,18181818181818182;14,272727272727273
IRS;UNIDADE INTERNAÇÃO - PSIQUIATRIA ALA D;2020,0;4,0;1,0;101,0;8,0;0,125;12,625
IRS;UNIDADE INTERNAÇÃO - PSIQUIATRIA ALA D;2020,0;5,0;1,0;215,0;10,0;0,1;21,5
IRS;UNIDADE INTERNAÇÃO - PSIQUIATRIA ALA D;2020,0;6,0;3,0;146,0;7,0;0,42857142857142855;20,857142857142858
IRS;UNIDADE INTERNAÇÃO - PSIQUIATRIA ALA D;2020,0;7,0;0,0;83,0;1,0;0,0;83,0
IRS;UNIDADE INTERNAÇÃO - PSIQUIATRIA ALA D;2020,0;8,0;0,0;78,0;1,0;0,0;78,0
IRS;UNIDADE INTERNAÇÃO - PSIQUIATRIA ALA D;2020,0;9,0;1,0;94,0;1,0;1,0;94,0
IRS;UNIDADE INTERNAÇÃO - PSIQUIATRIA ALA D;2020,0;10,0;0,0;0,0;2,0;0,0;0,0
IRS;UNIDADE INTERNAÇÃO - PSIQUIATRIA ALA D;2020,0;12,0;0,0;36,0;3,0;0,0;12,0
IRS;UNIDADE INTERNAÇÃO - PSIQUIATRIA ALA D;2021,0;1,0;0,0;36,0;2,0;0,0;18,0
IRS;UNIDADE INTERNAÇÃO - PSIQUIATRIA ALA D;2021,0;2,0;0,0;8,0;9,0;0,0;0,8888888888888888
IRS;UNIDADE INTERNAÇÃO - PSIQUIATRIA ALA D;2021,0;3,0;1,0;136,0;4,0;0,25;34,0
IRS;UNIDADE INTERNAÇÃO - PSIQUIATRIA ALA D;2021,0;4,0;0,0;34,0;4,0;0,0;8,5
IRS;UNIDADE INTERNAÇÃO - PSIQUIATRIA ALA D;2021,0;5,0;0,0;6,0;5,0;0,0;1,2
IRS;UNIDADE INTERNAÇÃO - PSIQUIATRIA ALA D;2021,0;6,0;0,0;34,0;2,0;0,0;17,0
IRS;UNIDADE INTERNAÇÃO - PSIQUIATRIA ALA D;2021,0;8,0;0,0;25,0;1,0;0,0;25,0
IRS;UNIDADE INTERNAÇÃO - PSIQUIATRIA ALA D;2021,0;10,0;0,0;4,0;3,0;0,0;1,3333333333333333
IRS;UNIDADE INTERNAÇÃO - PSIQUIATRIA ALA D;2022,0;1,0;0,0;44,0;3,0;0,0;14,666666666666666
IRS;UNIDADE INTERNAÇÃO - PSIQUIATRIA ALA D;2022,0;2,0;0,0;31,0;2,0;0,0;15,5
IRS;UNIDADE INTERNAÇÃO - PSIQUIATRIA ALA D;2022,0;6,0;2,0;43,0;2,0;1,0;21,5
IRS;UNIDADE INTERNAÇÃO - PSIQUIATRIA ALA D;2022,0;7,0;0,0;29,0;1,0;0,0;29,0
IRS;UNIDADE INTERNAÇÃO - PSIQUIATRIA ALA D;2022,0;11,0;1,0;44,0;1,0;1,0;44,0
IRS;UNIDADE INTERNAÇÃO - PSIQUIATRIA ALA D;2023,0;2,0;0,0;0,0;1,0;0,0;0,0
IRS;UNIDADE INTERNAÇÃO - PSIQUIATRIA ALA E;2019,0;3,0;2,0;24,0;2,0;1,0;12,0
IRS;UNIDADE INTERNAÇÃO - PSIQUIATRIA ALA E;2019,0;4,0;2,0;158,0;22,0;0,09090909090909091;7,181818181818182
IRS;UNIDADE INTERNAÇÃO - PSIQUIATRIA ALA E;2019,0;5,0;1,0;144,0;11,0;0,09090909090909091;13,090909090909092
IRS;UNIDADE INTERNAÇÃO - PSIQUIATRIA ALA E;2019,0;6,0;3,0;86,0;22,0;0,13636363636363635;3,909090909090909
IRS;UNIDADE INTERNAÇÃO - PSIQUIATRIA ALA E;2019,0;7,0;4,0;90,0;17,0;0,23529411764705882;5,294117647058823
IRS;UNIDADE INTERNAÇÃO - PSIQUIATRIA ALA E;2019,0;8,0;1,0;143,0;16,0;0,0625;8,9375
IRS;UNIDADE INTERNAÇÃO - PSIQUIATRIA ALA E;2019,0;9,0;1,0;149,0;8,0;0,125;18,625
IRS;UNIDADE INTERNAÇÃO - PSIQUIATRIA ALA E;2019,0;10,0;3,0;82,0;5,0;0,6;16,4
IRS;UNIDADE INTERNAÇÃO - PSIQUIATRIA ALA E;2019,0;11,0;3,0;59,0;2,0;1,5;29,5
IRS;UNIDADE INTERNAÇÃO - PSIQUIATRIA ALA E;2019,0;12,0;4,0;130,0;6,0;0,6666666666666666;21,666666666666668
IRS;UNIDADE INTERNAÇÃO - PSIQUIATRIA ALA E;2020,0;1,0;1,0;137,0;6,0;0,16666666666666666;22,833333333333332
IRS;UNIDADE INTERNAÇÃO - PSIQUIATRIA ALA E;2020,0;2,0;0,0;143,0;8,0;0,0;17,875
IRS;UNIDADE INTERNAÇÃO - PSIQUIATRIA ALA E;2020,0;3,0;6,0;257,0;17,0;0,35294117647058826;15,117647058823529
IRS;UNIDADE INTERNAÇÃO - PSIQUIATRIA ALA E;2020,0;4,0;1,0;101,0;7,0;0,14285714285714285;14,428571428571429
IRS;UNIDADE INTERNAÇÃO - PSIQUIATRIA ALA E;2020,0;5,0;3,0;221,0;4,0;0,75;55,25
IRS;UNIDADE INTERNAÇÃO - PSIQUIATRIA ALA E;2020,0;6,0;4,0;172,0;5,0;0,8;34,4
IRS;UNIDADE INTERNAÇÃO - PSIQUIATRIA ALA E;2020,0;7,0;0,0;388,0;26,0;0,0;14,923076923076923
IRS;UNIDADE INTERNAÇÃO - PSIQUIATRIA ALA E;2020,0;8,0;4,0;301,0;23,0;0,17391304347826086;13,08695652173913
IRS;UNIDADE INTERNAÇÃO - PSIQUIATRIA ALA E;2020,0;9,0;14,0;244,0;17,0;0,8235294117647058;14,352941176470589
IRS;UNIDADE INTERNAÇÃO - PSIQUIATRIA ALA E;2020,0;10,0;1,0;198,0;21,0;0,047619047619047616;9,428571428571429
IRS;UNIDADE INTERNAÇÃO - PSIQUIATRIA ALA E;2020,0;11,0;1,0;331,0;29,0;0,034482758620689655;11,413793103448276
IRS;UNIDADE INTERNAÇÃO - PSIQUIATRIA ALA E;2020,0;12,0;1,0;152,0;28,0;0,03571428571428571;5,428571428571429
IRS;UNIDADE INTERNAÇÃO - PSIQUIATRIA ALA E;2021,0;1,0;3,0;154,0;20,0;0,15;7,7
IRS;UNIDADE INTERNAÇÃO - PSIQUIATRIA ALA E;2021,0;2,0;3,0;203,0;21,0;0,14285714285714285;9,666666666666666
IRS;UNIDADE INTERNAÇÃO - PSIQUIATRIA ALA E;2021,0;3,0;2,0;227,0;32,0;0,0625;7,09375
IRS;UNIDADE INTERNAÇÃO - PSIQUIATRIA ALA E;2021,0;4,0;6,0;115,0;20,0;0,3;5,75
IRS;UNIDADE INTERNAÇÃO - PSIQUIATRIA ALA E;2021,0;5,0;7,0;307,0;13,0;0,5384615384615384;23,615384615384617
IRS;UNIDADE INTERNAÇÃO - PSIQUIATRIA ALA E;2021,0;6,0;5,0;245,0;20,0;0,25;12,25
IRS;UNIDADE INTERNAÇÃO - PSIQUIATRIA ALA E;2021,0;7,0;4,0;173,0;26,0;0,15384615384615385;6,653846153846154
IRS;UNIDADE INTERNAÇÃO - PSIQUIATRIA ALA E;2021,0;8,0;4,0;253,0;22,0;0,18181818181818182;11,5
IRS;UNIDADE INTERNAÇÃO - PSIQUIATRIA ALA E;2021,0;9,0;4,0;202,0;17,0;0,23529411764705882;11,882352941176471
IRS;UNIDADE INTERNAÇÃO - PSIQUIATRIA ALA E;2021,0;10,0;1,0;155,0;18,0;0,05555555555555555;8,61111111111111
IRS;UNIDADE INTERNAÇÃO - PSIQUIATRIA ALA E;2021,0;11,0;6,0;319,0;23,0;0,2608695652173913;13,869565217391305
IRS;UNIDADE INTERNAÇÃO - PSIQUIATRIA ALA E;2021,0;12,0;4,0;377,0;20,0;0,2;18,85
IRS;UNIDADE INTERNAÇÃO - PSIQUIATRIA ALA E;2022,0;1,0;3,0;162,0;15,0;0,2;10,8
IRS;UNIDADE INTERNAÇÃO - PSIQUIATRIA ALA E;2022,0;2,0;2,0;74,0;3,0;0,6666666666666666;24,666666666666668
IRS;UNIDADE INTERNAÇÃO - PSIQUIATRIA ALA E;2022,0;3,0;5,0;245,0;19,0;0,2631578947368421;12,894736842105264
IRS;UNIDADE INTERNAÇÃO - PSIQUIATRIA ALA E;2022,0;4,0;7,0;141,0;11,0;0,6363636363636364;12,818181818181818
IRS;UNIDADE INTERNAÇÃO - PSIQUIATRIA ALA E;2022,0;5,0;8,0;266,0;23,0;0,34782608695652173;11,565217391304348
IRS;UNIDADE INTERNAÇÃO - PSIQUIATRIA ALA E;2022,0;6,0;7,0;203,0;12,0;0,5833333333333334;16,916666666666668
IRS;UNIDADE INTERNAÇÃO - PSIQUIATRIA ALA E;2022,0;7,0;5,0;138,0;17,0;0,29411764705882354;8,117647058823529
IRS;UNIDADE INTERNAÇÃO - PSIQUIATRIA ALA E;2022,0;8,0;7,0;198,0;17,0;0,4117647058823529;11,647058823529411
IRS;UNIDADE INTERNAÇÃO - PSIQUIATRIA ALA E;2022,0;9,0;5,0;247,0;14,0;0,35714285714285715;17,642857142857142
IRS;UNIDADE INTERNAÇÃO - PSIQUIATRIA ALA E;2022,0;10,0;2,0;338,0;12,0;0,16666666666666666;28,166666666666668
IRS;UNIDADE INTERNAÇÃO - PSIQUIATRIA ALA E;2022,0;11,0;10,0;243,0;23,0;0,43478260869565216;10,565217391304348
IRS;UNIDADE INTERNAÇÃO - PSIQUIATRIA ALA E;2022,0;12,0;5,0;137,0;15,0;0,3333333333333333;9,133333333333333
IRS;UNIDADE INTERNAÇÃO - PSIQUIATRIA ALA E;2023,0;1,0;4,0;270,0;13,0;0,3076923076923077;20,76923076923077
IRS;UNIDADE INTERNAÇÃO - PSIQUIATRIA ALA E;2023,0;2,0;4,0;193,0;16,0;0,25;12,0625
IRS;UNIDADE INTERNAÇÃO - PSIQUIATRIA ALA E;2023,0;3,0;4,0;151,0;14,0;0,2857142857142857;10,785714285714286
IRS;UNIDADE INTERNAÇÃO - PSIQUIATRIA ALA E;2023,0;4,0;7,0;226,0;16,0;0,4375;14,125
IRS;UNIDADE INTERNAÇÃO - PSIQUIATRIA ALA E;2023,0;5,0;4,0;296,0;16,0;0,25;18,5
IRS;UNIDADE INTERNAÇÃO - PSIQUIATRIA ALA E;2023,0;6,0;3,0;221,0;19,0;0,15789473684210525;11,631578947368421
IRS;UNIDADE INTERNAÇÃO - PSIQUIATRIA ALA E;2023,0;7,0;10,0;323,0;17,0;0,5882352941176471;19,0
IRS;UNIDADE INTERNAÇÃO - PSIQUIATRIA ALA F;2020,0;6,0;4,0;96,0;2,0;2,0;48,0
IRS;UNIDADE INTERNAÇÃO - PSIQUIATRIA ALA F;2020,0;7,0;2,0;22,0;9,0;0,2222222222222222;2,4444444444444446
IRS;UNIDADE INTERNAÇÃO - PSIQUIATRIA ALA F;2021,0;6,0;0,0;13,0;1,0;0,0;13,0
IRS;UNIDADE INTERNAÇÃO - PSIQUIATRIA ALA F;2021,0;7,0;0,0;49,0;2,0;0,0;24,5
IRS;UNIDADE INTERNAÇÃO - PSIQUIATRIA ALA F;2021,0;8,0;0,0;30,0;2,0;0,0;15,0
IRS;UNIDADE INTERNAÇÃO - PSIQUIATRIA ALA F;2021,0;9,0;0,0;0,0;2,0;0,0;0,0
IRS;UNIDADE INTERNAÇÃO - PSIQUIATRIA ALA F;2021,0;10,0;0,0;0,0;2,0;0,0;0,0
IRS;UNIDADE INTERNAÇÃO - PSIQUIATRIA ALA F;2022,0;1,0;1,0;43,0;7,0;0,14285714285714285;6,142857142857143
IRS;UNIDADE INTERNAÇÃO - PSIQUIATRIA ALA F;2022,0;2,0;1,0;93,0;1,0;1,0;93,0
IRS;UNIDADE INTERNAÇÃO - PSIQUIATRIA ALA F;2022,0;4,0;0,0;0,0;1,0;0,0;0,0
IRS;UNIDADE INTERNAÇÃO - PSIQUIATRIA ALA F;2022,0;10,0;0,0;2,0;1,0;0,0;2,0
IRS;UNIDADE INTERNAÇÃO - PSIQUIATRIA ALA F;2022,0;11,0;0,0;3,0;1,0;0,0;3,0
IRS;UNIDADE INTERNAÇÃO - PSIQUIATRIA ALA F;2022,0;12,0;2,0;68,0;3,0;0,6666666666666666;22,666666666666668
IRS;UNIDADE INTERNAÇÃO - PSIQUIATRIA ALA F;2023,0;2,0;0,0;37,0;2,0;0,0;18,5
IRS;UNIDADE INTERNAÇÃO - PSIQUIATRIA ALA F;2023,0;3,0;0,0;0,0;1,0;0,0;0,0
IRS;UNIDADE INTERNAÇÃO - PSIQUIATRIA UNIDADE DE TRATAMENTO CLÍNICO;2020,0;6,0;0,0;0,0;2,0;0,0;0,0
IRS;UNIDADE INTERNAÇÃO - PSIQUIATRIA UNIDADE DE TRATAMENTO CLÍNICO;2020,0;7,0;3,0;119,0;5,0;0,6;23,8
IRS;UNIDADE INTERNAÇÃO - PSIQUIATRIA UNIDADE DE TRATAMENTO CLÍNICO;2020,0;8,0;7,0;89,0;3,0;2,3333333333333335;29,666666666666668
IRS;UNIDADE INTERNAÇÃO - PSIQUIATRIA UNIDADE DE TRATAMENTO CLÍNICO;2020,0;9,0;7,0;124,0;4,0;1,75;31,0
IRS;UNIDADE INTERNAÇÃO - PSIQUIATRIA UNIDADE DE TRATAMENTO CLÍNICO;2020,0;10,0;1,0;128,0;9,0;0,1111111111111111;14,222222222222221
IRS;UNIDADE INTERNAÇÃO - PSIQUIATRIA UNIDADE DE TRATAMENTO CLÍNICO;2020,0;11,0;9,0;116,0;3,0;3,0;38,666666666666664
IRS;UNIDADE INTERNAÇÃO - PSIQUIATRIA UNIDADE DE TRATAMENTO CLÍNICO;2020,0;12,0;3,0;103,0;10,0;0,3;10,3
IRS;UNIDADE INTERNAÇÃO - PSIQUIATRIA UNIDADE DE TRATAMENTO CLÍNICO;2021,0;1,0;8,0;126,0;4,0;2,0;31,5
IRS;UNIDADE INTERNAÇÃO - PSIQUIATRIA UNIDADE DE TRATAMENTO CLÍNICO;2021,0;2,0;4,0;138,0;8,0;0,5;17,25
IRS;UNIDADE INTERNAÇÃO - PSIQUIATRIA UNIDADE DE TRATAMENTO CLÍNICO;2021,0;3,0;6,0;125,0;5,0;1,2;25,0
IRS;UNIDADE INTERNAÇÃO - PSIQUIATRIA UNIDADE DE TRATAMENTO CLÍNICO;2021,0;5,0;5,0;247,0;6,0;0,8333333333333334;41,166666666666664
IRS;UNIDADE INTERNAÇÃO - PSIQUIATRIA UNIDADE DE TRATAMENTO CLÍNICO;2021,0;6,0;7,0;150,0;3,0;2,3333333333333335;50,0
IRS;UNIDADE INTERNAÇÃO - PSIQUIATRIA UNIDADE DE TRATAMENTO CLÍNICO;2021,0;7,0;3,0;112,0;1,0;3,0;112,0
IRS;UNIDADE INTERNAÇÃO - PSIQUIATRIA UNIDADE DE TRATAMENTO CLÍNICO;2021,0;8,0;8,0;190,0;5,0;1,6;38,0
IRS;UNIDADE INTERNAÇÃO - PSIQUIATRIA UNIDADE DE TRATAMENTO CLÍNICO;2021,0;9,0;4,0;122,0;5,0;0,8;24,4
IRS;UNIDADE INTERNAÇÃO - PSIQUIATRIA UNIDADE DE TRATAMENTO CLÍNICO;2021,0;10,0;3,0;93,0;7,0;0,42857142857142855;13,285714285714286
IRS;UNIDADE INTERNAÇÃO - PSIQUIATRIA UNIDADE DE TRATAMENTO CLÍNICO;2021,0;11,0;1,0;51,0;1,0;1,0;51,0
IRS;UNIDADE INTERNAÇÃO - PSIQUIATRIA UNIDADE DE TRATAMENTO CLÍNICO;2021,0;12,0;0,0;78,0;5,0;0,0;15,6
IRS;UNIDADE INTERNAÇÃO - PSIQUIATRIA UNIDADE DE TRATAMENTO CLÍNICO;2022,0;1,0;4,0;103,0;2,0;2,0;51,5
IRS;UNIDADE INTERNAÇÃO - PSIQUIATRIA UNIDADE DE TRATAMENTO CLÍNICO;2022,0;2,0;6,0;142,0;4,0;1,5;35,5
IRS;UNIDADE INTERNAÇÃO - PSIQUIATRIA UNIDADE DE TRATAMENTO CLÍNICO;2022,0;3,0;2,0;62,0;3,0;0,6666666666666666;20,666666666666668
IRS;UNIDADE INTERNAÇÃO - PSIQUIATRIA UNIDADE DE TRATAMENTO CLÍNICO;2022,0;4,0;3,0;62,0;5,0;0,6;12,4
IRS;UNIDADE INTERNAÇÃO - PSIQUIATRIA UNIDADE DE TRATAMENTO CLÍNICO;2022,0;5,0;7,0;151,0;1,0;7,0;151,0
IRS;UNIDADE INTERNAÇÃO - PSIQUIATRIA UNIDADE DE TRATAMENTO CLÍNICO;2022,0;6,0;3,0;85,0;2,0;1,5;42,5
IRS;UNIDADE INTERNAÇÃO - PSIQUIATRIA UNIDADE DE TRATAMENTO CLÍNICO;2022,0;7,0;4,0;122,0;4,0;1,0;30,5
IRS;UNIDADE INTERNAÇÃO - PSIQUIATRIA UNIDADE DE TRATAMENTO CLÍNICO;2022,0;8,0;1,0;59,0;3,0;0,3333333333333333;19,666666666666668
IRS;UNIDADE INTERNAÇÃO - PSIQUIATRIA UNIDADE DE TRATAMENTO CLÍNICO;2022,0;9,0;3,0;52,0;1,0;3,0;52,0
IRS;UNIDADE INTERNAÇÃO - PSIQUIATRIA UNIDADE DE TRATAMENTO CLÍNICO;2022,0;10,0;4,0;40,0;3,0;1,3333333333333333;13,333333333333334
IRS;UNIDADE INTERNAÇÃO - PSIQUIATRIA UNIDADE DE TRATAMENTO CLÍNICO;2022,0;11,0;4,0;42,0;2,0;2,0;21,0
IRS;UNIDADE INTERNAÇÃO - PSIQUIATRIA UNIDADE DE TRATAMENTO CLÍNICO;2022,0;12,0;2,0;79,0;1,0;2,0;79,0
IRS;UNIDADE INTERNAÇÃO - PSIQUIATRIA UNIDADE DE TRATAMENTO CLÍNICO;2023,0;1,0;0,0;68,0;3,0;0,0;22,666666666666668
IRS;UNIDADE INTERNAÇÃO - PSIQUIATRIA UNIDADE DE TRATAMENTO CLÍNICO;2023,0;2,0;2,0;120,0;2,0;1,0;60,0
IRS;UNIDADE INTERNAÇÃO - PSIQUIATRIA UNIDADE DE TRATAMENTO CLÍNICO;2023,0;3,0;9,0;143,0;3,0;3,0;47,666666666666664
IRS;UNIDADE INTERNAÇÃO - PSIQUIATRIA UNIDADE DE TRATAMENTO CLÍNICO;2023,0;4,0;4,0;118,0;1,0;4,0;118,0
IRS;UNIDADE INTERNAÇÃO - PSIQUIATRIA UNIDADE DE TRATAMENTO CLÍNICO;2023,0;5,0;3,0;182,0;5,0;0,6;36,4
IRS;UNIDADE INTERNAÇÃO - PSIQUIATRIA UNIDADE DE TRATAMENTO CLÍNICO;2023,0;6,0;6,0;195,0;4,0;1,5;48,75
IRS;UNIDADE INTERNAÇÃO - PSIQUIATRIA UNIDADE DE TRATAMENTO CLÍNICO;2023,0;7,0;13,0;228,0;1,0;13,0;228,0
IRS;UNIDADE URGÊNCIA/EMERGÊNCIA - OBSERVAÇÃO;2023,0;8,0;0,0;283,0;8,0;0,0;35,375
IRS;UNIDADE URGÊNCIA/EMERGÊNCIA - OBSERVAÇÃO;2023,0;9,0;0,0;378,0;6,0;0,0;63,0
IRS;UNIDADE URGÊNCIA/EMERGÊNCIA - OBSERVAÇÃO;2023,0;10,0;0,0;321,0;10,0;0,0;32,1
IRS;UNIDADE URGÊNCIA/EMERGÊNCIA - OBSERVAÇÃO;2023,0;11,0;0,0;256,0;9,0;0,0;28,444444444444443
IRS;UNIDADE URGÊNCIA/EMERGÊNCIA - OBSERVAÇÃO;2023,0;12,0;0,0;291,0;6,0;0,0;48,5
IRS;UNIDADE URGÊNCIA/EMERGÊNCIA - OBSERVAÇÃO;2024,0;1,0;0,0;363,0;11,0;0,0;33,0
IRS;UNIDADE URGÊNCIA/EMERGÊNCIA - OBSERVAÇÃO;2024,0;2,0;0,0;283,0;12,0;0,0;23,583333333333332
IRS;UNIDADE URGÊNCIA/EMERGÊNCIA - OBSERVAÇÃO;2024,0;3,0;0,0;430,0;16,0;0,0;26,875
IRS;UNIDADE URGÊNCIA/EMERGÊNCIA - OBSERVAÇÃO;2024,0;4,0;0,0;153,0;13,0;0,0;11,76923076923077
IRS;UNIDADE URGÊNCIA/EMERGÊNCIA - OBSERVAÇÃO;2024,0;5,0;0,0;332,0;18,0;0,0;18,444444444444443
IRS;UNIDADE URGÊNCIA/EMERGÊNCIA - OBSERVAÇÃO;2024,0;6,0;0,0;489,0;14,0;0,0;34,92857142857143
IRS;UNIDADE URGÊNCIA/EMERGÊNCIA - OBSERVAÇÃO;2024,0;7,0;0,0;350,0;11,0;0,0;31,818181818181817
IRS;UNIDADE URGÊNCIA/EMERGÊNCIA - OBSERVAÇÃO;2024,0;8,0;0,0;399,0;8,0;0,0;49,875
IRS;UNIDADE URGÊNCIA/EMERGÊNCIA - OBSERVAÇÃO;2024,0;9,0;0,0;313,0;9,0;0,0;34,77777777777778
IRS;UNIDADE URGÊNCIA/EMERGÊNCIA - OBSERVAÇÃO;2024,0;10,0;1,0;431,0;10,0;0,1;43,1
IRS;UNIDADE URGÊNCIA/EMERGÊNCIA - OBSERVAÇÃO;2024,0;11,0;0,0;141,0;8,0;0,0;17,625
IRS;UNIDADE URGÊNCIA/EMERGÊNCIA - OBSERVAÇÃO;2024,0;12,0;0,0;270,0;7,0;0,0;38,57142857142857
IRS;UNIDADE URGÊNCIA/EMERGÊNCIA - OBSERVAÇÃO;2025,0;1,0;0,0;133,0;7,0;0,0;19,0
IRS;UNIDADE URGÊNCIA/EMERGÊNCIA - OBSERVAÇÃO;2025,0;2,0;0,0;96,0;8,0;0,0;12,0
IRS;UNIDADE URGÊNCIA/EMERGÊNCIA - OBSERVAÇÃO;2025,0;3,0;0,0;559,0;13,0;0,0;43,0
IRS;UNIDADE URGÊNCIA/EMERGÊNCIA - OBSERVAÇÃO;2025,0;4,0;0,0;302,0;5,0;0,0;60,4
IRS;UNIDADE URGÊNCIA/EMERGÊNCIA - OBSERVAÇÃO;2025,0;5,0;0,0;330,0;7,0;0,0;47,142857142857146
IRS;UNIDADE URGÊNCIA/EMERGÊNCIA - OBSERVAÇÃO;2025,0;6,0;0,0;327,0;7,0;0,0;46,714285714285715
IRS;UNIDADE URGÊNCIA/EMERGÊNCIA - OBSERVAÇÃO;2025,0;7,0;0,0;477,0;8,0;0,0;59,625
IRS;UNIDADE URGÊNCIA/EMERGÊNCIA - OBSERVAÇÃO;2025,0;8,0;0,0;530,0;8,0;0,0;66,25
IRS;UNIDADE URGÊNCIA/EMERGÊNCIA - OBSERVAÇÃO;2025,0;9,0;1,0;490,0;5,0;0,2;98,0
IRS;UNIDADE URGÊNCIA/EMERGÊNCIA - OBSERVAÇÃO;2025,0;10,0;0,0;695,0;16,0;0,0;43,4375
IRS;UNIDADE URGÊNCIA/EMERGÊNCIA - OBSERVAÇÃO;2025,0;11,0;0,0;469,0;7,0;0,0;67,0
IRS;UNIDADE URGÊNCIA/EMERGÊNCIA - OBSERVAÇÃO;2025,0;12,0;0,0;346,0;9,0;0,0;38,44444444444444
IRS;UNIDADE URGÊNCIA/EMERGÊNCIA - OBSERVAÇÃO;2026,0;1,0;0,0;452,0;4,0;0,0;113,0
IRS;UNIDADE URGÊNCIA/EMERGÊNCIA - OBSERVAÇÃO;2026,0;2,0;0,0;529,0;5,0;0,0;105,8
IRS;UNIDADE URGÊNCIA/EMERGÊNCIA - OBSERVAÇÃO;2026,0;3,0;0,0;528,0;16,0;0,0;33,0
IRS;UNIDADE URGÊNCIA/EMERGÊNCIA - OBSERVAÇÃO;2026,0;4,0;0,0;437,0;14,0;0,0;31,214285714285715
IRS;UNIDADE URGÊNCIA/EMERGÊNCIA - OBSERVAÇÃO;2026,0;5,0;0,0;606,0;7,0;0,0;86,57142857142857
IRS;UNIDADE URGÊNCIA/EMERGÊNCIA - OBSERVAÇÃO;2026,0;6,0;0,0;551,0;3,0;0,0;183,66666666666666
IRS;UNIDADE URGÊNCIA/EMERGÊNCIA - OBSERVAÇÃO;2026,0;7,0;1,0;821,0;9,0;0,1111111111111111;91,22222222222223
IRS;UNIDADE URGÊNCIA/EMERGÊNCIA - OBSERVAÇÃO;2026,0;8,0;0,0;577,0;7,0;0,0;82,42857142857143
IRS;UTC - UNIDADE DE TRATAMENTO CLÍNICO;2023,0;8,0;0,0;128,0;5,0;0,0;25,6
IRS;UTC - UNIDADE DE TRATAMENTO CLÍNICO;2023,0;9,0;0,0;135,0;3,0;0,0;45,0
IRS;UTC - UNIDADE DE TRATAMENTO CLÍNICO;2023,0;10,0;0,0;134,0;2,0;0,0;67,0
IRS;UTC - UNIDADE DE TRATAMENTO CLÍNICO;2023,0;11,0;1,0;178,0;3,0;0,3333333333333333;59,333333333333336
IRS;UTC - UNIDADE DE TRATAMENTO CLÍNICO;2023,0;12,0;0,0;105,0;5,0;0,0;21,0
IRS;UTC - UNIDADE DE TRATAMENTO CLÍNICO;2024,0;1,0;0,0;49,0;1,0;0,0;49,0
IRS;UTC - UNIDADE DE TRATAMENTO CLÍNICO;2024,0;2,0;0,0;152,0;2,0;0,0;76,0
IRS;UTC - UNIDADE DE TRATAMENTO CLÍNICO;2024,0;3,0;0,0;112,0;6,0;0,0;18,666666666666668
IRS;UTC - UNIDADE DE TRATAMENTO CLÍNICO;2024,0;4,0;0,0;117,0;3,0;0,0;39,0
IRS;UTC - UNIDADE DE TRATAMENTO CLÍNICO;2024,0;5,0;0,0;153,0;3,0;0,0;51,0
IRS;UTC - UNIDADE DE TRATAMENTO CLÍNICO;2024,0;6,0;2,0;147,0;4,0;0,5;36,75
IRS;UTC - UNIDADE DE TRATAMENTO CLÍNICO;2024,0;7,0;0,0;114,0;7,0;0,0;16,285714285714285
IRS;UTC - UNIDADE DE TRATAMENTO CLÍNICO;2024,0;8,0;0,0;204,0;3,0;0,0;68,0
IRS;UTC - UNIDADE DE TRATAMENTO CLÍNICO;2024,0;9,0;0,0;137,0;6,0;0,0;22,833333333333332
IRS;UTC - UNIDADE DE TRATAMENTO CLÍNICO;2024,0;10,0;0,0;76,0;5,0;0,0;15,2
IRS;UTC - UNIDADE DE TRATAMENTO CLÍNICO;2024,0;11,0;0,0;109,0;6,0;0,0;18,166666666666668
IRS;UTC - UNIDADE DE TRATAMENTO CLÍNICO;2024,0;12,0;0,0;115,0;4,0;0,0;28,75
IRS;UTC - UNIDADE DE TRATAMENTO CLÍNICO;2025,0;1,0;0,0;132,0;3,0;0,0;44,0
IRS;UTC - UNIDADE DE TRATAMENTO CLÍNICO;2025,0;2,0;0,0;13,0;6,0;0,0;2,1666666666666665
IRS;UTC - UNIDADE DE TRATAMENTO CLÍNICO;2025,0;3,0;0,0;54,0;2,0;0,0;27,0
IRS;UTC - UNIDADE DE TRATAMENTO CLÍNICO;2025,0;4,0;0,0;193,0;4,0;0,0;48,25
IRS;UTC - UNIDADE DE TRATAMENTO CLÍNICO;2025,0;5,0;1,0;109,0;7,0;0,14285714285714285;15,571428571428571
IRS;UTC - UNIDADE DE TRATAMENTO CLÍNICO;2025,0;6,0;0,0;129,0;3,0;0,0;43,0
IRS;UTC - UNIDADE DE TRATAMENTO CLÍNICO;2025,0;7,0;0,0;193,0;4,0;0,0;48,25
IRS;UTC - UNIDADE DE TRATAMENTO CLÍNICO;2025,0;8,0;0,0;124,0;4,0;0,0;31,0
IRS;UTC - UNIDADE DE TRATAMENTO CLÍNICO;2025,0;9,0;0,0;112,0;5,0;0,0;22,4
IRS;UTC - UNIDADE DE TRATAMENTO CLÍNICO;2025,0;10,0;0,0;91,0;2,0;0,0;45,5
IRS;UTC - UNIDADE DE TRATAMENTO CLÍNICO;2025,0;11,0;3,0;176,0;5,0;0,6;35,2
IRS;UTC - UNIDADE DE TRATAMENTO CLÍNICO;2025,0;12,0;2,0;173,0;5,0;0,4;34,6
IRS;UTC - UNIDADE DE TRATAMENTO CLÍNICO;2026,0;1,0;0,0;146,0;3,0;0,0;48,666666666666664
IRS;UTC - UNIDADE DE TRATAMENTO CLÍNICO;2026,0;2,0;0,0;146,0;5,0;0,0;29,2
IRS;UTC - UNIDADE DE TRATAMENTO CLÍNICO;2026,0;3,0;0,0;125,0;3,0;0,0;41,666666666666664
IRS;UTC - UNIDADE DE TRATAMENTO CLÍNICO;2026,0;4,0;0,0;91,0;3,0;0,0;30,333333333333332
IRS;UTC - UNIDADE DE TRATAMENTO CLÍNICO;2026,0;5,0;0,0;131,0;8,0;0,0;16,375
IRS;UTC - UNIDADE DE TRATAMENTO CLÍNICO;2026,0;6,0;0,0;145,0;4,0;0,0;36,25
IRS;UTC - UNIDADE DE TRATAMENTO CLÍNICO;2026,0;7,0;1,0;164,0;2,0;0,5;82,0
IRS;UTC - UNIDADE DE TRATAMENTO CLÍNICO;2026,0;8,0;0,0;148,0;4,0;0,0;37,0
MOV;ALOJAMENTO CONJUNTO;2019,0;1,0;29,0;584,0;141,0;0,20567375886524822;4,141843971631205
MOV;ALOJAMENTO CONJUNTO;2019,0;2,0;57,0;652,0;223,0;0,2556053811659193;2,9237668161434978
MOV;ALOJAMENTO CONJUNTO;2019,0;3,0;59,0;782,0;238,0;0,24789915966386555;3,2857142857142856
MOV;ALOJAMENTO CONJUNTO;2019,0;4,0;99,0;888,0;259,0;0,38223938223938225;3,4285714285714284
MOV;ALOJAMENTO CONJUNTO;2019,0;5,0;82,0;842,0;256,0;0,3203125;3,2890625
MOV;ALOJAMENTO CONJUNTO;2019,0;6,0;80,0;809,0;253,0;0,31620553359683795;3,197628458498024
MOV;ALOJAMENTO CONJUNTO;2019,0;7,0;84,0;772,0;240,0;0,35;3,216666666666667
MOV;ALOJAMENTO CONJUNTO;2019,0;8,0;139,0;958,0;273,0;0,5091575091575091;3,509157509157509
MOV;ALOJAMENTO CONJUNTO;2019,0;9,0;93,0;916,0;236,0;0,3940677966101695;3,8813559322033897
MOV;ALOJAMENTO CONJUNTO;2019,0;10,0;53,0;812,0;230,0;0,23043478260869565;3,5304347826086957
MOV;ALOJAMENTO CONJUNTO;2019,0;11,0;81,0;816,0;206,0;0,3932038834951456;3,9611650485436893
MOV;ALOJAMENTO CONJUNTO;2019,0;12,0;60,0;746,0;238,0;0,25210084033613445;3,134453781512605
MOV;ALOJAMENTO CONJUNTO;2020,0;1,0;108,0;798,0;252,0;0,42857142857142855;3,1666666666666665
MOV;ALOJAMENTO CONJUNTO;2020,0;2,0;77,0;1002,0;253,0;0,30434782608695654;3,960474308300395
MOV;ALOJAMENTO CONJUNTO;2020,0;3,0;86,0;812,0;287,0;0,29965156794425085;2,8292682926829267
MOV;ALOJAMENTO CONJUNTO;2020,0;4,0;42,0;716,0;270,0;0,15555555555555556;2,651851851851852
MOV;ALOJAMENTO CONJUNTO;2020,0;5,0;43,0;654,0;251,0;0,17131474103585656;2,605577689243028
MOV;ALOJAMENTO CONJUNTO;2020,0;6,0;55,0;822,0;258,0;0,2131782945736434;3,186046511627907
MOV;ALOJAMENTO CONJUNTO;2020,0;7,0;88,0;1214,0;268,0;0,3283582089552239;4,529850746268656
MOV;ALOJAMENTO CONJUNTO;2020,0;8,0;73,0;844,0;248,0;0,29435483870967744;3,403225806451613
MOV;ALOJAMENTO CONJUNTO;2020,0;9,0;84,0;748,0;236,0;0,3559322033898305;3,169491525423729
MOV;ALOJAMENTO CONJUNTO;2020,0;10,0;127,0;872,0;273,0;0,4652014652014652;3,1941391941391943
MOV;ALOJAMENTO CONJUNTO;2020,0;11,0;77,0;787,0;237,0;0,32489451476793246;3,320675105485232
MOV;ALOJAMENTO CONJUNTO;2020,0;12,0;73,0;747,0;235,0;0,31063829787234043;3,178723404255319
MOV;ALOJAMENTO CONJUNTO;2021,0;1,0;93,0;764,0;237,0;0,3924050632911392;3,2236286919831225
MOV;ALOJAMENTO CONJUNTO;2021,0;2,0;55,0;801,0;237,0;0,2320675105485232;3,3797468354430378
MOV;ALOJAMENTO CONJUNTO;2021,0;3,0;82,0;957,0;260,0;0,3153846153846154;3,6807692307692306
MOV;ALOJAMENTO CONJUNTO;2021,0;4,0;77,0;924,0;257,0;0,29961089494163423;3,595330739299611
MOV;ALOJAMENTO CONJUNTO;2021,0;5,0;81,0;1026,0;264,0;0,3068181818181818;3,8863636363636362
MOV;ALOJAMENTO CONJUNTO;2021,0;6,0;55,0;904,0;234,0;0,23504273504273504;3,8632478632478633
MOV;ALOJAMENTO CONJUNTO;2021,0;7,0;65,0;992,0;246,0;0,26422764227642276;4,032520325203252
MOV;ALOJAMENTO CONJUNTO;2021,0;8,0;97,0;1077,0;278,0;0,3489208633093525;3,8741007194244603
MOV;ALOJAMENTO CONJUNTO;2021,0;9,0;78,0;1213,0;248,0;0,31451612903225806;4,891129032258065
MOV;ALOJAMENTO CONJUNTO;2021,0;10,0;57,0;634,0;226,0;0,252212389380531;2,8053097345132745
MOV;ALOJAMENTO CONJUNTO;2021,0;11,0;78,0;978,0;241,0;0,3236514522821577;4,058091286307054
MOV;ALOJAMENTO CONJUNTO;2021,0;12,0;53,0;832,0;248,0;0,21370967741935484;3,3548387096774195
MOV;ALOJAMENTO CONJUNTO;2022,0;1,0;53,0;901,0;223,0;0,23766816143497757;4,040358744394619
MOV;ALOJAMENTO CONJUNTO;2022,0;2,0;44,0;851,0;231,0;0,19047619047619047;3,683982683982684
MOV;ALOJAMENTO CONJUNTO;2022,0;3,0;116,0;973,0;263,0;0,44106463878326996;3,699619771863118
MOV;ALOJAMENTO CONJUNTO;2022,0;4,0;89,0;979,0;228,0;0,39035087719298245;4,293859649122807
MOV;ALOJAMENTO CONJUNTO;2022,0;5,0;70,0;1198,0;265,0;0,2641509433962264;4,520754716981132
MOV;ALOJAMENTO CONJUNTO;2022,0;6,0;57,0;828,0;248,0;0,22983870967741934;3,338709677419355
MOV;ALOJAMENTO CONJUNTO;2022,0;7,0;73,0;892,0;264,0;0,2765151515151515;3,378787878787879
MOV;ALOJAMENTO CONJUNTO;2022,0;8,0;46,0;1020,0;245,0;0,18775510204081633;4,163265306122449
MOV;ALOJAMENTO CONJUNTO;2022,0;9,0;87,0;893,0;236,0;0,3686440677966102;3,7838983050847457
MOV;ALOJAMENTO CONJUNTO;2022,0;10,0;75,0;967,0;213,0;0,352112676056338;4,539906103286385
MOV;ALOJAMENTO CONJUNTO;2022,0;11,0;106,0;920,0;218,0;0,48623853211009177;4,220183486238532
MOV;ALOJAMENTO CONJUNTO;2022,0;12,0;83,0;969,0;243,0;0,34156378600823045;3,9876543209876543
MOV;ALOJAMENTO CONJUNTO;2023,0;1,0;53,0;942,0;247,0;0,2145748987854251;3,8137651821862346
MOV;ALOJAMENTO CONJUNTO;2023,0;2,0;55,0;771,0;231,0;0,23809523809523808;3,3376623376623376
MOV;ALOJAMENTO CONJUNTO;2023,0;3,0;58,0;1249,0;266,0;0,21804511278195488;4,695488721804511
MOV;ALOJAMENTO CONJUNTO;2023,0;4,0;80,0;940,0;242,0;0,3305785123966942;3,884297520661157
MOV;ALOJAMENTO CONJUNTO;2023,0;5,0;84,0;815,0;240,0;0,35;3,3958333333333335
MOV;ALOJAMENTO CONJUNTO;2023,0;6,0;38,0;865,0;241,0;0,15767634854771784;3,5892116182572615
MOV;ALOJAMENTO CONJUNTO;2023,0;7,0;20,0;706,0;245,0;0,08163265306122448;2,8816326530612244
MOV;ALOJAMENTO CONJUNTO;2023,0;8,0;66,0;825,0;260,0;0,25384615384615383;3,173076923076923
MOV;ALOJAMENTO CONJUNTO;2023,0;9,0;49,0;790,0;220,0;0,22272727272727272;3,590909090909091
MOV;ALOJAMENTO CONJUNTO;2023,0;10,0;56,0;752,0;236,0;0,23728813559322035;3,1864406779661016
MOV;ALOJAMENTO CONJUNTO;2023,0;11,0;45,0;450,0;191,0;0,2356020942408377;2,356020942408377
MOV;ALOJAMENTO CONJUNTO;2023,0;12,0;38,0;514,0;194,0;0,1958762886597938;2,649484536082474
MOV;ALOJAMENTO CONJUNTO;2024,0;1,0;76,0;685,0;220,0;0,34545454545454546;3,1136363636363638
MOV;ALOJAMENTO CONJUNTO;2024,0;2,0;36,0;723,0;241,0;0,14937759336099585;3,0
MOV;ALOJAMENTO CONJUNTO;2024,0;3,0;49,0;923,0;271,0;0,18081180811808117;3,4059040590405902
MOV;ALOJAMENTO CONJUNTO;2024,0;4,0;55,0;891,0;266,0;0,20676691729323307;3,3496240601503757
MOV;ALOJAMENTO CONJUNTO;2024,0;5,0;91,0;812,0;244,0;0,3729508196721312;3,3278688524590163
MOV;ALOJAMENTO CONJUNTO;2024,0;6,0;21,0;566,0;212,0;0,09905660377358491;2,669811320754717
MOV;ALOJAMENTO CONJUNTO;2024,0;7,0;37,0;513,0;229,0;0,1615720524017467;2,2401746724890828
MOV;ALOJAMENTO CONJUNTO;2024,0;8,0;41,0;543,0;224,0;0,18303571428571427;2,424107142857143
MOV;ALOJAMENTO CONJUNTO;2024,0;9,0;89,0;523,0;241,0;0,36929460580912865;2,1701244813278007
MOV;ALOJAMENTO CONJUNTO;2024,0;10,0;61,0;574,0;208,0;0,2932692307692308;2,7596153846153846
MOV;ALOJAMENTO CONJUNTO;2024,0;11,0;50,0;770,0;217,0;0,2304147465437788;3,5483870967741935
MOV;ALOJAMENTO CONJUNTO;2024,0;12,0;94,0;723,0;233,0;0,4034334763948498;3,1030042918454934
MOV;ALOJAMENTO CONJUNTO;2025,0;1,0;65,0;675,0;266,0;0,24436090225563908;2,537593984962406
MOV;ALOJAMENTO CONJUNTO;2025,0;2,0;104,0;743,0;259,0;0,4015444015444015;2,8687258687258685
MOV;ALOJAMENTO CONJUNTO;2025,0;3,0;126,0;770,0;272,0;0,4632352941176471;2,8308823529411766
MOV;ALOJAMENTO CONJUNTO;2025,0;4,0;85,0;588,0;276,0;0,3079710144927536;2,130434782608696
MOV;ALOJAMENTO CONJUNTO;2025,0;5,0;106,0;793,0;233,0;0,45493562231759654;3,40343347639485
MOV;ALOJAMENTO CONJUNTO;2025,0;6,0;54,0;448,0;205,0;0,2634146341463415;2,1853658536585368
MOV;ALOJAMENTO CONJUNTO;2025,0;7,0;67,0;625,0;204,0;0,3284313725490196;3,0637254901960786
MOV;ALOJAMENTO CONJUNTO;2025,0;8,0;54,0;610,0;217,0;0,2488479262672811;2,8110599078341014
MOV;ALOJAMENTO CONJUNTO;2025,0;9,0;64,0;530,0;224,0;0,2857142857142857;2,3660714285714284
MOV;ALOJAMENTO CONJUNTO;2025,0;10,0;50,0;453,0;205,0;0,24390243902439024;2,209756097560976
MOV;ALOJAMENTO CONJUNTO;2025,0;11,0;22,0;415,0;209,0;0,10526315789473684;1,985645933014354
MOV;ALOJAMENTO CONJUNTO;2025,0;12,0;44,0;421,0;212,0;0,20754716981132076;1,9858490566037736
MOV;ALOJAMENTO CONJUNTO;2026,0;1,0;54,0;553,0;204,0;0,2647058823529412;2,7107843137254903
MOV;ALOJAMENTO CONJUNTO;2026,0;2,0;48,0;399,0;199,0;0,24120603015075376;2,0050251256281406
MOV;ALOJAMENTO CONJUNTO;2026,0;3,0;68,0;502,0;240,0;0,2833333333333333;2,091666666666667
MOV;ALOJAMENTO CONJUNTO;2026,0;4,0;31,0;524,0;219,0;0,1415525114155251;2,3926940639269407
MOV;ALOJAMENTO CONJUNTO;2026,0;5,0;36,0;437,0;240,0;0,15;1,8208333333333333
MOV;ALOJAMENTO CONJUNTO;2026,0;6,0;40,0;492,0;217,0;0,18433179723502305;2,2672811059907834
MOV;ALOJAMENTO CONJUNTO;2026,0;7,0;45,0;399,0;204,0;0,22058823529411764;1,9558823529411764
MOV;ALOJAMENTO CONJUNTO;2026,0;8,0;27,0;455,0;234,0;0,11538461538461539;1,9444444444444444
MOV;AMBULATORIO - ESPECIALIDADES;2019,0;1,0;2,0;9,0;4,0;0,5;2,25
MOV;AMBULATORIO - ESPECIALIDADES;2019,0;3,0;0,0;0,0;3,0;0,0;0,0
MOV;AMBULATORIO - ESPECIALIDADES;2019,0;4,0;0,0;0,0;1,0;0,0;0,0
MOV;AMBULATORIO - ESPECIALIDADES;2019,0;8,0;0,0;0,0;1,0;0,0;0,0
MOV;AMBULATORIO - ESPECIALIDADES;2019,0;9,0;0,0;0,0;1,0;0,0;0,0
MOV;AMBULATORIO - ESPECIALIDADES;2019,0;10,0;0,0;10,0;1,0;0,0;10,0
MOV;AMBULATORIO - ESPECIALIDADES;2020,0;3,0;0,0;7,0;1,0;0,0;7,0
MOV;AMBULATORIO - ESPECIALIDADES;2020,0;7,0;0,0;1,0;1,0;0,0;1,0
MOV;AMBULATORIO - ESPECIALIDADES;2020,0;9,0;0,0;0,0;1,0;0,0;0,0
MOV;AMBULATORIO - ESPECIALIDADES;2021,0;2,0;0,0;0,0;1,0;0,0;0,0
MOV;AMBULATORIO - ESPECIALIDADES;2021,0;4,0;2,0;16,0;5,0;0,4;3,2
MOV;AMBULATORIO - ESPECIALIDADES;2021,0;6,0;0,0;0,0;1,0;0,0;0,0
MOV;AMBULATORIO - ESPECIALIDADES;2021,0;7,0;0,0;5,0;1,0;0,0;5,0
MOV;AMBULATORIO - ESPECIALIDADES;2021,0;8,0;0,0;0,0;2,0;0,0;0,0
MOV;AMBULATORIO - ESPECIALIDADES;2021,0;9,0;1,0;1,0;4,0;0,25;0,25
MOV;AMBULATORIO - ESPECIALIDADES;2021,0;10,0;0,0;0,0;3,0;0,0;0,0
MOV;AMBULATORIO - ESPECIALIDADES;2021,0;11,0;0,0;2,0;1,0;0,0;2,0
MOV;AMBULATORIO - ESPECIALIDADES;2022,0;1,0;0,0;0,0;1,0;0,0;0,0
MOV;AMBULATORIO - ESPECIALIDADES;2023,0;3,0;0,0;0,0;1,0;0,0;0,0
MOV;AMBULATÓRIO - ESPECIALIDADES NÃO MÉDICAS;2022,0;5,0;0,0;1,0;2,0;0,0;0,5
MOV;AMBULATÓRIO - ESPECIALIDADES NÃO MÉDICAS;2022,0;6,0;0,0;0,0;1,0;0,0;0,0
MOV;AMBULATORIO CVVS;2022,0;6,0;0,0;0,0;1,0;0,0;0,0
MOV;AMBULATORIO CVVS;2022,0;8,0;0,0;0,0;1,0;0,0;0,0
MOV;AMBULATORIO CVVS;2023,0;2,0;0,0;0,0;1,0;0,0;0,0
MOV;AMBULATORIO CVVS;2023,0;3,0;0,0;0,0;2,0;0,0;0,0
MOV;AMBULATORIO DE GINECOLOGIA CIRURGICA;2022,0;1,0;0,0;0,0;1,0;0,0;0,0
MOV;AMBULATORIO DE GINECOLOGIA CIRURGICA;2022,0;3,0;0,0;0,0;1,0;0,0;0,0
MOV;AMBULATORIO DE GINECOLOGIA CIRURGICA;2022,0;5,0;0,0;0,0;1,0;0,0;0,0
MOV;AMBULATORIO DE GINECOLOGIA CIRURGICA;2022,0;6,0;0,0;0,0;1,0;0,0;0,0
MOV;AMBULATORIO DE GINECOLOGIA CIRURGICA;2022,0;7,0;0,0;2,0;1,0;0,0;2,0
MOV;AMBULATORIO DE MASTOLOGIA;2022,0;4,0;0,0;1,0;1,0;0,0;1,0
MOV;AMBULATORIO ESPECIALIDADES MEDICAS;2021,0;12,0;0,0;0,0;1,0;0,0;0,0
MOV;CLINICA CIRÚRGICA;2023,0;4,0;70,0;433,0;93,0;0,7526881720430108;4,655913978494624
MOV;CLINICA CIRÚRGICA;2023,0;5,0;78,0;610,0;131,0;0,5954198473282443;4,656488549618321
MOV;CLINICA CIRÚRGICA;2023,0;6,0;79,0;805,0;209,0;0,37799043062200954;3,851674641148325
MOV;CLINICA CIRÚRGICA;2023,0;7,0;82,0;532,0;148,0;0,5540540540540541;3,5945945945945947
MOV;CLINICA CIRÚRGICA;2023,0;8,0;103,0;711,0;156,0;0,6602564102564102;4,5576923076923075
MOV;CLINICA CIRÚRGICA;2023,0;9,0;95,0;581,0;161,0;0,5900621118012422;3,608695652173913
MOV;CLINICA CIRÚRGICA;2023,0;10,0;136,0;521,0;183,0;0,7431693989071039;2,8469945355191255
MOV;CLINICA CIRÚRGICA;2023,0;11,0;167,0;1060,0;174,0;0,9597701149425287;6,091954022988506
MOV;CLINICA CIRÚRGICA;2023,0;12,0;138,0;967,0;200,0;0,69;4,835
MOV;CLINICA CIRÚRGICA;2024,0;1,0;172,0;1034,0;177,0;0,9717514124293786;5,84180790960452
MOV;CLINICA CIRÚRGICA;2024,0;2,0;171,0;978,0;154,0;1,1103896103896105;6,35064935064935
MOV;CLINICA CIRÚRGICA;2024,0;3,0;131,0;1213,0;148,0;0,8851351351351351;8,195945945945946
MOV;CLINICA CIRÚRGICA;2024,0;4,0;189,0;1472,0;199,0;0,949748743718593;7,396984924623116
MOV;CLINICA CIRÚRGICA;2024,0;5,0;96,0;931,0;201,0;0,47761194029850745;4,6318407960199
MOV;CLINICA CIRÚRGICA;2024,0;6,0;102,0;1107,0;158,0;0,6455696202531646;7,006329113924051
MOV;CLINICA CIRÚRGICA;2024,0;7,0;45,0;692,0;156,0;0,28846153846153844;4,435897435897436
MOV;CLINICA CIRÚRGICA;2024,0;8,0;47,0;520,0;181,0;0,2596685082872928;2,8729281767955803
MOV;CLINICA CIRÚRGICA;2024,0;9,0;93,0;656,0;178,0;0,5224719101123596;3,6853932584269664
MOV;CLINICA CIRÚRGICA;2024,0;10,0;94,0;937,0;156,0;0,6025641025641025;6,006410256410256
MOV;CLINICA CIRÚRGICA;2024,0;11,0;132,0;849,0;132,0;1,0;6,431818181818182
MOV;CLINICA CIRÚRGICA;2024,0;12,0;88,0;561,0;110,0;0,8;5,1
MOV;CLINICA CIRÚRGICA;2025,0;1,0;174,0;793,0;114,0;1,5263157894736843;6,956140350877193
MOV;CLINICA CIRÚRGICA;2025,0;2,0;80,0;632,0;131,0;0,6106870229007634;4,824427480916031
MOV;CLINICA CIRÚRGICA;2025,0;3,0;168,0;620,0;166,0;1,0120481927710843;3,7349397590361444
MOV;CLINICA CIRÚRGICA;2025,0;4,0;198,0;962,0;159,0;1,2452830188679245;6,050314465408805
MOV;CLINICA CIRÚRGICA;2025,0;5,0;126,0;899,0;240,0;0,525;3,745833333333333
MOV;CLINICA CIRÚRGICA;2025,0;6,0;108,0;749,0;210,0;0,5142857142857142;3,566666666666667
MOV;CLINICA CIRÚRGICA;2025,0;7,0;225,0;1209,0;185,0;1,2162162162162162;6,535135135135135
MOV;CLINICA CIRÚRGICA;2025,0;8,0;102,0;810,0;144,0;0,7083333333333334;5,625
MOV;CLINICA CIRÚRGICA;2025,0;9,0;51,0;529,0;176,0;0,2897727272727273;3,0056818181818183
MOV;CLINICA CIRÚRGICA;2025,0;10,0;106,0;673,0;177,0;0,5988700564971752;3,8022598870056497
MOV;CLINICA CIRÚRGICA;2025,0;11,0;133,0;870,0;181,0;0,7348066298342542;4,806629834254144
MOV;CLINICA CIRÚRGICA;2025,0;12,0;126,0;950,0;144,0;0,875;6,597222222222222
MOV;CLINICA CIRÚRGICA;2026,0;1,0;146,0;809,0;178,0;0,8202247191011236;4,544943820224719
MOV;CLINICA CIRÚRGICA;2026,0;2,0;96,0;997,0;201,0;0,47761194029850745;4,960199004975125
MOV;CLINICA CIRÚRGICA;2026,0;3,0;183,0;1265,0;234,0;0,782051282051282;5,405982905982906
MOV;CLINICA CIRÚRGICA;2026,0;4,0;196,0;1325,0;186,0;1,053763440860215;7,123655913978495
MOV;CLINICA CIRÚRGICA;2026,0;5,0;117,0;898,0;216,0;0,5416666666666666;4,157407407407407
MOV;CLINICA CIRÚRGICA;2026,0;6,0;126,0;793,0;207,0;0,6086956521739131;3,8309178743961354
MOV;CLINICA CIRÚRGICA;2026,0;7,0;111,0;845,0;186,0;0,5967741935483871;4,543010752688172
MOV;CLINICA CIRÚRGICA;2026,0;8,0;95,0;702,0;193,0;0,49222797927461137;3,6373056994818653
MOV;PRE-NATAL DE ALTO RISCO E PUERPERIO PATOLOGICO;2022,0;4,0;1,0;3,0;1,0;1,0;3,0
MOV;PRE-NATAL DE ALTO RISCO E PUERPERIO PATOLOGICO;2022,0;6,0;0,0;2,0;1,0;0,0;2,0
MOV;PRE-NATAL DE ALTO RISCO E PUERPERIO PATOLOGICO;2022,0;9,0;0,0;0,0;1,0;0,0;0,0
MOV;PRE-NATAL DE ALTO RISCO E PUERPERIO PATOLOGICO;2022,0;11,0;0,0;0,0;1,0;0,0;0,0
MOV;PRE-NATAL DE ALTO RISCO E PUERPERIO PATOLOGICO;2022,0;12,0;0,0;0,0;1,0;0,0;0,0
MOV;PRE-NATAL DE ALTO RISCO E PUERPERIO PATOLOGICO;2023,0;2,0;0,0;0,0;1,0;0,0;0,0
MOV;PRE-NATAL DE ALTO RISCO E PUERPERIO PATOLOGICO;2023,0;3,0;0,0;0,0;1,0;0,0;0,0
MOV;PRE-NATAL DE ALTO RISCO E PUERPERIO PATOLOGICO;2023,0;4,0;0,0;0,0;1,0;0,0;0,0
MOV;PRÉ-PARTO;2019,0;1,0;32,0;872,0;71,0;0,4507042253521127;12,28169014084507
MOV;PRÉ-PARTO;2019,0;2,0;24,0;519,0;25,0;0,96;20,76
MOV;PRÉ-PARTO;2019,0;3,0;40,0;728,0;61,0;0,6557377049180327;11,934426229508198
MOV;PRÉ-PARTO;2019,0;4,0;49,0;1128,0;37,0;1,3243243243243243;30,486486486486488
MOV;PRÉ-PARTO;2019,0;5,0;38,0;632,0;35,0;1,0857142857142856;18,057142857142857
MOV;PRÉ-PARTO;2019,0;6,0;39,0;744,0;28,0;1,3928571428571428;26,571428571428573
MOV;PRÉ-PARTO;2019,0;7,0;38,0;549,0;36,0;1,0555555555555556;15,25
MOV;PRÉ-PARTO;2019,0;8,0;35,0;481,0;43,0;0,813953488372093;11,186046511627907
MOV;PRÉ-PARTO;2019,0;9,0;44,0;461,0;47,0;0,9361702127659575;9,808510638297872
MOV;PRÉ-PARTO;2019,0;10,0;41,0;795,0;46,0;0,8913043478260869;17,282608695652176
MOV;PRÉ-PARTO;2019,0;11,0;56,0;685,0;40,0;1,4;17,125
MOV;PRÉ-PARTO;2019,0;12,0;34,0;755,0;45,0;0,7555555555555555;16,77777777777778
MOV;PRÉ-PARTO;2020,0;1,0;34,0;911,0;18,0;1,8888888888888888;50,611111111111114
MOV;PRÉ-PARTO;2020,0;2,0;48,0;917,0;37,0;1,2972972972972974;24,783783783783782
MOV;PRÉ-PARTO;2020,0;3,0;25,0;835,0;19,0;1,3157894736842106;43,94736842105263
MOV;PRÉ-PARTO;2020,0;4,0;30,0;772,0;29,0;1,0344827586206897;26,620689655172413
MOV;PRÉ-PARTO;2020,0;5,0;24,0;586,0;35,0;0,6857142857142857;16,742857142857144
MOV;PRÉ-PARTO;2020,0;6,0;24,0;852,0;31,0;0,7741935483870968;27,483870967741936
MOV;PRÉ-PARTO;2020,0;7,0;30,0;723,0;36,0;0,8333333333333334;20,083333333333332
MOV;PRÉ-PARTO;2020,0;8,0;32,0;872,0;16,0;2,0;54,5
MOV;PRÉ-PARTO;2020,0;9,0;28,0;624,0;18,0;1,5555555555555556;34,666666666666664
MOV;PRÉ-PARTO;2020,0;10,0;65,0;737,0;25,0;2,6;29,48
MOV;PRÉ-PARTO;2020,0;11,0;44,0;835,0;24,0;1,8333333333333333;34,791666666666664
MOV;PRÉ-PARTO;2020,0;12,0;37,0;778,0;30,0;1,2333333333333334;25,933333333333334
MOV;PRÉ-PARTO;2021,0;1,0;26,0;790,0;28,0;0,9285714285714286;28,214285714285715
MOV;PRÉ-PARTO;2021,0;2,0;34,0;726,0;19,0;1,7894736842105263;38,21052631578947
MOV;PRÉ-PARTO;2021,0;3,0;31,0;822,0;21,0;1,4761904761904763;39,142857142857146
MOV;PRÉ-PARTO;2021,0;4,0;18,0;755,0;24,0;0,75;31,458333333333332
MOV;PRÉ-PARTO;2021,0;5,0;19,0;970,0;47,0;0,40425531914893614;20,638297872340427
MOV;PRÉ-PARTO;2021,0;6,0;26,0;951,0;40,0;0,65;23,775
MOV;PRÉ-PARTO;2021,0;7,0;19,0;720,0;46,0;0,41304347826086957;15,652173913043478
MOV;PRÉ-PARTO;2021,0;8,0;15,0;1071,0;52,0;0,28846153846153844;20,596153846153847
MOV;PRÉ-PARTO;2021,0;9,0;39,0;575,0;27,0;1,4444444444444444;21,296296296296298
MOV;PRÉ-PARTO;2021,0;10,0;38,0;742,0;51,0;0,7450980392156863;14,549019607843137
MOV;PRÉ-PARTO;2021,0;11,0;33,0;750,0;23,0;1,434782608695652;32,608695652173914
MOV;PRÉ-PARTO;2021,0;12,0;21,0;777,0;46,0;0,45652173913043476;16,891304347826086
MOV;PRÉ-PARTO;2022,0;1,0;33,0;949,0;28,0;1,1785714285714286;33,892857142857146
MOV;PRÉ-PARTO;2022,0;2,0;42,0;814,0;22,0;1,9090909090909092;37,0
MOV;PRÉ-PARTO;2022,0;3,0;28,0;1062,0;20,0;1,4;53,1
MOV;PRÉ-PARTO;2022,0;4,0;20,0;1063,0;25,0;0,8;42,52
MOV;PRÉ-PARTO;2022,0;5,0;22,0;1192,0;27,0;0,8148148148148148;44,148148148148145
MOV;PRÉ-PARTO;2022,0;6,0;35,0;1221,0;17,0;2,0588235294117645;71,82352941176471
MOV;PRÉ-PARTO;2022,0;7,0;63,0;1285,0;18,0;3,5;71,38888888888889
MOV;PRÉ-PARTO;2022,0;8,0;41,0;1061,0;28,0;1,4642857142857142;37,892857142857146
MOV;PRÉ-PARTO;2022,0;9,0;38,0;882,0;31,0;1,2258064516129032;28,451612903225808
MOV;PRÉ-PARTO;2022,0;10,0;25,0;939,0;28,0;0,8928571428571429;33,535714285714285
MOV;PRÉ-PARTO;2022,0;11,0;39,0;1207,0;30,0;1,3;40,233333333333334
MOV;PRÉ-PARTO;2022,0;12,0;23,0;1383,0;20,0;1,15;69,15
MOV;PRÉ-PARTO;2023,0;1,0;16,0;1081,0;7,0;2,2857142857142856;154,42857142857142
MOV;PRÉ-PARTO;2023,0;2,0;24,0;932,0;17,0;1,411764705882353;54,8235294117647
MOV;PRÉ-PARTO;2023,0;3,0;40,0;1186,0;33,0;1,2121212121212122;35,93939393939394
MOV;PRÉ-PARTO;2023,0;4,0;10,0;774,0;7,0;1,4285714285714286;110,57142857142857
MOV;PRÉ-PARTO;2023,0;5,0;25,0;578,0;4,0;6,25;144,5
MOV;PRÉ-PARTO;2023,0;6,0;16,0;780,0;7,0;2,2857142857142856;111,42857142857143
MOV;PRÉ-PARTO;2023,0;7,0;13,0;467,0;8,0;1,625;58,375
MOV;PRÉ-PARTO;2023,0;8,0;12,0;820,0;4,0;3,0;205,0
MOV;PRÉ-PARTO;2023,0;9,0;17,0;422,0;5,0;3,4;84,4
MOV;PRÉ-PARTO;2023,0;10,0;9,0;443,0;5,0;1,8;88,6
MOV;PRÉ-PARTO;2023,0;11,0;23,0;580,0;2,0;11,5;290,0
MOV;PRÉ-PARTO;2023,0;12,0;31,0;677,0;4,0;7,75;169,25
MOV;PRÉ-PARTO;2024,0;1,0;18,0;766,0;1,0;18,0;766,0
MOV;PRÉ-PARTO;2024,0;2,0;9,0;615,0;3,0;3,0;205,0
MOV;PRÉ-PARTO;2024,0;3,0;13,0;866,0;1,0;13,0;866,0
MOV;PRÉ-PARTO;2024,0;4,0;25,0;541,0;5,0;5,0;108,2
MOV;PRÉ-PARTO;2024,0;5,0;27,0;734,0;10,0;2,7;73,4
MOV;PRÉ-PARTO;2024,0;6,0;25,0;634,0;3,0;8,333333333333334;211,33333333333334
MOV;PRÉ-PARTO;2024,0;7,0;27,0;580,0;1,0;27,0;580,0
MOV;PRÉ-PARTO;2024,0;8,0;29,0;683,0;4,0;7,25;170,75
MOV;PRÉ-PARTO;2024,0;9,0;25,0;592,0;10,0;2,5;59,2
MOV;PRÉ-PARTO;2024,0;10,0;13,0;448,0;1,0;13,0;448,0
MOV;PRÉ-PARTO;2024,0;11,0;15,0;453,0;2,0;7,5;226,5
MOV;PRÉ-PARTO;2024,0;12,0;21,0;522,0;4,0;5,25;130,5
MOV;PRÉ-PARTO;2025,0;1,0;25,0;557,0;8,0;3,125;69,625
MOV;PRÉ-PARTO;2025,0;2,0;20,0;514,0;13,0;1,5384615384615385;39,53846153846154
MOV;PRÉ-PARTO;2025,0;3,0;46,0;925,0;16,0;2,875;57,8125
MOV;PRÉ-PARTO;2025,0;4,0;18,0;777,0;13,0;1,3846153846153846;59,76923076923077
MOV;PRÉ-PARTO;2025,0;5,0;12,0;582,0;8,0;1,5;72,75
MOV;PRÉ-PARTO;2025,0;6,0;27,0;626,0;4,0;6,75;156,5
MOV;PRÉ-PARTO;2025,0;7,0;9,0;451,0;3,0;3,0;150,33333333333334
MOV;PRÉ-PARTO;2025,0;8,0;21,0;630,0;4,0;5,25;157,5
MOV;PRÉ-PARTO;2025,0;9,0;17,0;415,0;7,0;2,4285714285714284;59,285714285714285
MOV;PRÉ-PARTO;2025,0;10,0;21,0;578,0;6,0;3,5;96,33333333333333
MOV;PRÉ-PARTO;2025,0;11,0;14,0;458,0;3,0;4,666666666666667;152,66666666666666
MOV;PRÉ-PARTO;2025,0;12,0;14,0;367,0;4,0;3,5;91,75
MOV;PRÉ-PARTO;2026,0;1,0;9,0;512,0;8,0;1,125;64,0
MOV;PRÉ-PARTO;2026,0;2,0;9,0;433,0;2,0;4,5;216,5
MOV;PRÉ-PARTO;2026,0;3,0;8,0;649,0;3,0;2,6666666666666665;216,33333333333334
MOV;PRÉ-PARTO;2026,0;4,0;5,0;401,0;1,0;5,0;401,0
MOV;PRÉ-PARTO;2026,0;5,0;6,0;460,0;1,0;6,0;460,0
MOV;PRÉ-PARTO;2026,0;6,0;22,0;711,0;1,0;22,0;711,0
MOV;PRÉ-PARTO;2026,0;8,0;8,0;533,0;2,0;4,0;266,5
MOV;UNIDADE DE CUIDADO INTERMEDIÁRIO NEONATAL CANGURU;2023,0;4,0;5,0;44,0;7,0;0,7142857142857143;6,285714285714286
MOV;UNIDADE DE CUIDADO INTERMEDIÁRIO NEONATAL CANGURU;2023,0;5,0;7,0;26,0;13,0;0,5384615384615384;2,0
MOV;UNIDADE DE CUIDADO INTERMEDIÁRIO NEONATAL CANGURU;2023,0;6,0;7,0;21,0;8,0;0,875;2,625
MOV;UNIDADE DE CUIDADO INTERMEDIÁRIO NEONATAL CANGURU;2023,0;7,0;4,0;35,0;10,0;0,4;3,5
MOV;UNIDADE DE CUIDADO INTERMEDIÁRIO NEONATAL CANGURU;2023,0;8,0;3,0;16,0;5,0;0,6;3,2
MOV;UNIDADE DE CUIDADO INTERMEDIÁRIO NEONATAL CANGURU;2023,0;9,0;2,0;7,0;6,0;0,3333333333333333;1,1666666666666667
MOV;UNIDADE DE CUIDADO INTERMEDIÁRIO NEONATAL CANGURU;2023,0;10,0;5,0;56,0;12,0;0,4166666666666667;4,666666666666667
MOV;UNIDADE DE CUIDADO INTERMEDIÁRIO NEONATAL CANGURU;2023,0;11,0;3,0;21,0;14,0;0,21428571428571427;1,5
MOV;UNIDADE DE CUIDADO INTERMEDIÁRIO NEONATAL CANGURU;2023,0;12,0;7,0;21,0;12,0;0,5833333333333334;1,75
MOV;UNIDADE DE CUIDADO INTERMEDIÁRIO NEONATAL CANGURU;2024,0;1,0;26,0;68,0;4,0;6,5;17,0
MOV;UNIDADE DE CUIDADO INTERMEDIÁRIO NEONATAL CANGURU;2024,0;2,0;8,0;19,0;7,0;1,1428571428571428;2,7142857142857144
MOV;UNIDADE DE CUIDADO INTERMEDIÁRIO NEONATAL CANGURU;2024,0;4,0;0,0;0,0;1,0;0,0;0,0
MOV;UNIDADE DE CUIDADO INTERMEDIÁRIO NEONATAL CANGURU;2024,0;5,0;9,0;46,0;9,0;1,0;5,111111111111111
MOV;UNIDADE DE CUIDADO INTERMEDIÁRIO NEONATAL CANGURU;2024,0;6,0;1,0;19,0;8,0;0,125;2,375
MOV;UNIDADE DE CUIDADO INTERMEDIÁRIO NEONATAL CANGURU;2024,0;7,0;3,0;19,0;6,0;0,5;3,1666666666666665
MOV;UNIDADE DE CUIDADO INTERMEDIÁRIO NEONATAL CANGURU;2024,0;8,0;5,0;25,0;13,0;0,38461538461538464;1,9230769230769231
MOV;UNIDADE DE CUIDADO INTERMEDIÁRIO NEONATAL CANGURU;2024,0;9,0;11,0;28,0;9,0;1,2222222222222223;3,111111111111111
MOV;UNIDADE DE CUIDADO INTERMEDIÁRIO NEONATAL CANGURU;2024,0;10,0;8,0;30,0;8,0;1,0;3,75
MOV;UNIDADE DE CUIDADO INTERMEDIÁRIO NEONATAL CANGURU;2024,0;11,0;14,0;45,0;10,0;1,4;4,5
MOV;UNIDADE DE CUIDADO INTERMEDIÁRIO NEONATAL CANGURU;2024,0;12,0;8,0;71,0;14,0;0,5714285714285714;5,071428571428571
MOV;UNIDADE DE CUIDADO INTERMEDIÁRIO NEONATAL CANGURU;2025,0;1,0;7,0;41,0;13,0;0,5384615384615384;3,1538461538461537
MOV;UNIDADE DE CUIDADO INTERMEDIÁRIO NEONATAL CANGURU;2025,0;2,0;12,0;81,0;10,0;1,2;8,1
MOV;UNIDADE DE CUIDADO INTERMEDIÁRIO NEONATAL CANGURU;2025,0;3,0;2,0;32,0;2,0;1,0;16,0
MOV;UNIDADE DE CUIDADO INTERMEDIÁRIO NEONATAL CANGURU;2025,0;4,0;3,0;13,0;1,0;3,0;13,0
MOV;UNIDADE DE CUIDADO INTERMEDIÁRIO NEONATAL CANGURU;2025,0;5,0;1,0;15,0;5,0;0,2;3,0
MOV;UNIDADE DE CUIDADO INTERMEDIÁRIO NEONATAL CANGURU;2025,0;6,0;16,0;66,0;9,0;1,7777777777777777;7,333333333333333
MOV;UNIDADE DE CUIDADO INTERMEDIÁRIO NEONATAL CANGURU;2025,0;7,0;14,0;34,0;10,0;1,4;3,4
MOV;UNIDADE DE CUIDADO INTERMEDIÁRIO NEONATAL CANGURU;2025,0;8,0;5,0;17,0;9,0;0,5555555555555556;1,8888888888888888
MOV;UNIDADE DE CUIDADO INTERMEDIÁRIO NEONATAL CANGURU;2025,0;9,0;8,0;20,0;13,0;0,6153846153846154;1,5384615384615385
MOV;UNIDADE DE CUIDADO INTERMEDIÁRIO NEONATAL CANGURU;2025,0;10,0;22,0;67,0;12,0;1,8333333333333333;5,583333333333333
MOV;UNIDADE DE CUIDADO INTERMEDIÁRIO NEONATAL CANGURU;2025,0;11,0;5,0;55,0;12,0;0,4166666666666667;4,583333333333333
MOV;UNIDADE DE CUIDADO INTERMEDIÁRIO NEONATAL CANGURU;2025,0;12,0;5,0;60,0;13,0;0,38461538461538464;4,615384615384615
MOV;UNIDADE DE CUIDADO INTERMEDIÁRIO NEONATAL CANGURU;2026,0;1,0;5,0;20,0;9,0;0,5555555555555556;2,2222222222222223
MOV;UNIDADE DE CUIDADO INTERMEDIÁRIO NEONATAL CANGURU;2026,0;2,0;3,0;22,0;6,0;0,5;3,6666666666666665
MOV;UNIDADE DE CUIDADO INTERMEDIÁRIO NEONATAL CANGURU;2026,0;3,0;4,0;51,0;10,0;0,4;5,1
MOV;UNIDADE DE CUIDADO INTERMEDIÁRIO NEONATAL CANGURU;2026,0;4,0;4,0;48,0;13,0;0,3076923076923077;3,6923076923076925
MOV;UNIDADE DE CUIDADO INTERMEDIÁRIO NEONATAL CANGURU;2026,0;5,0;11,0;37,0;4,0;2,75;9,25
MOV;UNIDADE DE CUIDADO INTERMEDIÁRIO NEONATAL CANGURU;2026,0;6,0;0,0;9,0;2,0;0,0;4,5
MOV;UNIDADE DE CUIDADO INTERMEDIÁRIO NEONATAL CANGURU;2026,0;7,0;7,0;54,0;11,0;0,6363636363636364;4,909090909090909
MOV;UNIDADE DE CUIDADO INTERMEDIÁRIO NEONATAL CANGURU;2026,0;8,0;1,0;28,0;13,0;0,07692307692307693;2,1538461538461537
MOV;UNIDADE DE CUIDADO INTERMEDIÁRIO NEONATAL CONVENCIONAL;2023,0;4,0;17,0;137,0;18,0;0,9444444444444444;7,611111111111111
MOV;UNIDADE DE CUIDADO INTERMEDIÁRIO NEONATAL CONVENCIONAL;2023,0;5,0;26,0;109,0;21,0;1,2380952380952381;5,190476190476191
MOV;UNIDADE DE CUIDADO INTERMEDIÁRIO NEONATAL CONVENCIONAL;2023,0;6,0;32,0;193,0;17,0;1,8823529411764706;11,352941176470589
MOV;UNIDADE DE CUIDADO INTERMEDIÁRIO NEONATAL CONVENCIONAL;2023,0;7,0;38,0;205,0;15,0;2,533333333333333;13,666666666666666
MOV;UNIDADE DE CUIDADO INTERMEDIÁRIO NEONATAL CONVENCIONAL;2023,0;8,0;31,0;263,0;17,0;1,8235294117647058;15,470588235294118
MOV;UNIDADE DE CUIDADO INTERMEDIÁRIO NEONATAL CONVENCIONAL;2023,0;9,0;31,0;119,0;18,0;1,7222222222222223;6,611111111111111
MOV;UNIDADE DE CUIDADO INTERMEDIÁRIO NEONATAL CONVENCIONAL;2023,0;10,0;38,0;238,0;15,0;2,533333333333333;15,866666666666667
MOV;UNIDADE DE CUIDADO INTERMEDIÁRIO NEONATAL CONVENCIONAL;2023,0;11,0;53,0;245,0;13,0;4,076923076923077;18,846153846153847
MOV;UNIDADE DE CUIDADO INTERMEDIÁRIO NEONATAL CONVENCIONAL;2023,0;12,0;38,0;221,0;11,0;3,4545454545454546;20,09090909090909
MOV;UNIDADE DE CUIDADO INTERMEDIÁRIO NEONATAL CONVENCIONAL;2024,0;1,0;37,0;315,0;10,0;3,7;31,5
MOV;UNIDADE DE CUIDADO INTERMEDIÁRIO NEONATAL CONVENCIONAL;2024,0;2,0;75,0;333,0;14,0;5,357142857142857;23,785714285714285
MOV;UNIDADE DE CUIDADO INTERMEDIÁRIO NEONATAL CONVENCIONAL;2024,0;3,0;56,0;281,0;19,0;2,9473684210526314;14,789473684210526
MOV;UNIDADE DE CUIDADO INTERMEDIÁRIO NEONATAL CONVENCIONAL;2024,0;4,0;51,0;330,0;27,0;1,8888888888888888;12,222222222222221
MOV;UNIDADE DE CUIDADO INTERMEDIÁRIO NEONATAL CONVENCIONAL;2024,0;5,0;38,0;208,0;19,0;2,0;10,947368421052632
MOV;UNIDADE DE CUIDADO INTERMEDIÁRIO NEONATAL CONVENCIONAL;2024,0;6,0;62,0;226,0;15,0;4,133333333333334;15,066666666666666
MOV;UNIDADE DE CUIDADO INTERMEDIÁRIO NEONATAL CONVENCIONAL;2024,0;7,0;42,0;196,0;16,0;2,625;12,25
MOV;UNIDADE DE CUIDADO INTERMEDIÁRIO NEONATAL CONVENCIONAL;2024,0;8,0;42,0;197,0;19,0;2,210526315789474;10,368421052631579
MOV;UNIDADE DE CUIDADO INTERMEDIÁRIO NEONATAL CONVENCIONAL;2024,0;9,0;42,0;258,0;28,0;1,5;9,214285714285714
MOV;UNIDADE DE CUIDADO INTERMEDIÁRIO NEONATAL CONVENCIONAL;2024,0;10,0;57,0;403,0;15,0;3,8;26,866666666666667
MOV;UNIDADE DE CUIDADO INTERMEDIÁRIO NEONATAL CONVENCIONAL;2024,0;11,0;53,0;292,0;20,0;2,65;14,6
MOV;UNIDADE DE CUIDADO INTERMEDIÁRIO NEONATAL CONVENCIONAL;2024,0;12,0;72,0;254,0;20,0;3,6;12,7
MOV;UNIDADE DE CUIDADO INTERMEDIÁRIO NEONATAL CONVENCIONAL;2025,0;1,0;70,0;346,0;24,0;2,9166666666666665;14,416666666666666
MOV;UNIDADE DE CUIDADO INTERMEDIÁRIO NEONATAL CONVENCIONAL;2025,0;2,0;57,0;235,0;23,0;2,4782608695652173;10,217391304347826
MOV;UNIDADE DE CUIDADO INTERMEDIÁRIO NEONATAL CONVENCIONAL;2025,0;3,0;66,0;309,0;26,0;2,5384615384615383;11,884615384615385
MOV;UNIDADE DE CUIDADO INTERMEDIÁRIO NEONATAL CONVENCIONAL;2025,0;4,0;46,0;341,0;21,0;2,1904761904761907;16,238095238095237
MOV;UNIDADE DE CUIDADO INTERMEDIÁRIO NEONATAL CONVENCIONAL;2025,0;5,0;57,0;373,0;34,0;1,6764705882352942;10,970588235294118
MOV;UNIDADE DE CUIDADO INTERMEDIÁRIO NEONATAL CONVENCIONAL;2025,0;6,0;115,0;334,0;25,0;4,6;13,36
MOV;UNIDADE DE CUIDADO INTERMEDIÁRIO NEONATAL CONVENCIONAL;2025,0;7,0;126,0;541,0;30,0;4,2;18,033333333333335
MOV;UNIDADE DE CUIDADO INTERMEDIÁRIO NEONATAL CONVENCIONAL;2025,0;8,0;96,0;546,0;22,0;4,363636363636363;24,818181818181817
MOV;UNIDADE DE CUIDADO INTERMEDIÁRIO NEONATAL CONVENCIONAL;2025,0;9,0;40,0;344,0;18,0;2,2222222222222223;19,11111111111111
MOV;UNIDADE DE CUIDADO INTERMEDIÁRIO NEONATAL CONVENCIONAL;2025,0;10,0;65,0;222,0;30,0;2,1666666666666665;7,4
MOV;UNIDADE DE CUIDADO INTERMEDIÁRIO NEONATAL CONVENCIONAL;2025,0;11,0;49,0;231,0;19,0;2,5789473684210527;12,157894736842104
MOV;UNIDADE DE CUIDADO INTERMEDIÁRIO NEONATAL CONVENCIONAL;2025,0;12,0;49,0;280,0;21,0;2,3333333333333335;13,333333333333334
MOV;UNIDADE DE CUIDADO INTERMEDIÁRIO NEONATAL CONVENCIONAL;2026,0;1,0;58,0;264,0;20,0;2,9;13,2
MOV;UNIDADE DE CUIDADO INTERMEDIÁRIO NEONATAL CONVENCIONAL;2026,0;2,0;55,0;341,0;21,0;2,619047619047619;16,238095238095237
MOV;UNIDADE DE CUIDADO INTERMEDIÁRIO NEONATAL CONVENCIONAL;2026,0;3,0;77,0;255,0;28,0;2,75;9,107142857142858
MOV;UNIDADE DE CUIDADO INTERMEDIÁRIO NEONATAL CONVENCIONAL;2026,0;4,0;75,0;320,0;28,0;2,6785714285714284;11,428571428571429
MOV;UNIDADE DE CUIDADO INTERMEDIÁRIO NEONATAL CONVENCIONAL;2026,0;5,0;60,0;346,0;28,0;2,142857142857143;12,357142857142858
MOV;UNIDADE DE CUIDADO INTERMEDIÁRIO NEONATAL CONVENCIONAL;2026,0;6,0;52,0;254,0;28,0;1,8571428571428572;9,071428571428571
MOV;UNIDADE DE CUIDADO INTERMEDIÁRIO NEONATAL CONVENCIONAL;2026,0;7,0;53,0;340,0;30,0;1,7666666666666666;11,333333333333334
MOV;UNIDADE DE CUIDADO INTERMEDIÁRIO NEONATAL CONVENCIONAL;2026,0;8,0;65,0;360,0;20,0;3,25;18,0
MOV;UNIDADE DE EMERGENCIA - ADMISSAO;2019,0;1,0;59,0;873,0;7,0;8,428571428571429;124,71428571428571
MOV;UNIDADE DE EMERGENCIA - ADMISSAO;2019,0;2,0;51,0;821,0;1,0;51,0;821,0
MOV;UNIDADE DE EMERGENCIA - ADMISSAO;2019,0;3,0;63,0;1148,0;4,0;15,75;287,0
MOV;UNIDADE DE EMERGENCIA - ADMISSAO;2019,0;4,0;60,0;1148,0;1,0;60,0;1148,0
MOV;UNIDADE DE EMERGENCIA - ADMISSAO;2019,0;5,0;67,0;1269,0;2,0;33,5;634,5
MOV;UNIDADE DE EMERGENCIA - ADMISSAO;2019,0;6,0;53,0;960,0;3,0;17,666666666666668;320,0
MOV;UNIDADE DE EMERGENCIA - ADMISSAO;2019,0;7,0;81,0;1152,0;2,0;40,5;576,0
MOV;UNIDADE DE EMERGENCIA - ADMISSAO;2019,0;8,0;71,0;937,0;3,0;23,666666666666668;312,3333333333333
MOV;UNIDADE DE EMERGENCIA - ADMISSAO;2019,0;9,0;63,0;1040,0;4,0;15,75;260,0
MOV;UNIDADE DE EMERGENCIA - ADMISSAO;2019,0;10,0;41,0;1049,0;3,0;13,666666666666666;349,6666666666667
MOV;UNIDADE DE EMERGENCIA - ADMISSAO;2019,0;11,0;61,0;1082,0;2,0;30,5;541,0
MOV;UNIDADE DE EMERGENCIA - ADMISSAO;2019,0;12,0;63,0;1028,0;1,0;63,0;1028,0
MOV;UNIDADE DE EMERGENCIA - ADMISSAO;2020,0;1,0;55,0;1090,0;2,0;27,5;545,0
MOV;UNIDADE DE EMERGENCIA - ADMISSAO;2020,0;2,0;42,0;1075,0;3,0;14,0;358,3333333333333
MOV;UNIDADE DE EMERGENCIA - ADMISSAO;2020,0;3,0;56,0;1027,0;3,0;18,666666666666668;342,3333333333333
MOV;UNIDADE DE EMERGENCIA - ADMISSAO;2020,0;4,0;45,0;1105,0;2,0;22,5;552,5
MOV;UNIDADE DE EMERGENCIA - ADMISSAO;2020,0;5,0;67,0;1332,0;3,0;22,333333333333332;444,0
MOV;UNIDADE DE EMERGENCIA - ADMISSAO;2020,0;6,0;67,0;1348,0;3,0;22,333333333333332;449,3333333333333
MOV;UNIDADE DE EMERGENCIA - ADMISSAO;2020,0;7,0;64,0;1248,0;3,0;21,333333333333332;416,0
MOV;UNIDADE DE EMERGENCIA - ADMISSAO;2020,0;8,0;68,0;975,0;6,0;11,333333333333334;162,5
MOV;UNIDADE DE EMERGENCIA - ADMISSAO;2020,0;9,0;58,0;1147,0;4,0;14,5;286,75
MOV;UNIDADE DE EMERGENCIA - ADMISSAO;2020,0;10,0;62,0;1006,0;1,0;62,0;1006,0
MOV;UNIDADE DE EMERGENCIA - ADMISSAO;2020,0;11,0;59,0;1193,0;4,0;14,75;298,25
MOV;UNIDADE DE EMERGENCIA - ADMISSAO;2021,0;1,0;58,0;1123,0;3,0;19,333333333333332;374,3333333333333
MOV;UNIDADE DE EMERGENCIA - ADMISSAO;2021,0;2,0;61,0;1088,0;4,0;15,25;272,0
MOV;UNIDADE DE EMERGENCIA - ADMISSAO;2021,0;3,0;75,0;1169,0;10,0;7,5;116,9
MOV;UNIDADE DE EMERGENCIA - ADMISSAO;2021,0;4,0;70,0;1336,0;10,0;7,0;133,6
MOV;UNIDADE DE EMERGENCIA - ADMISSAO;2021,0;5,0;51,0;1460,0;5,0;10,2;292,0
MOV;UNIDADE INTEMEDIARIA NEONATAL;2019,0;1,0;75,0;438,0;32,0;2,34375;13,6875
MOV;UNIDADE INTEMEDIARIA NEONATAL;2019,0;2,0;65,0;494,0;34,0;1,911764705882353;14,529411764705882
MOV;UNIDADE INTEMEDIARIA NEONATAL;2019,0;3,0;82,0;747,0;34,0;2,411764705882353;21,970588235294116
MOV;UNIDADE INTEMEDIARIA NEONATAL;2019,0;4,0;86,0;635,0;51,0;1,6862745098039216;12,450980392156863
MOV;UNIDADE INTEMEDIARIA NEONATAL;2019,0;5,0;68,0;485,0;40,0;1,7;12,125
MOV;UNIDADE INTEMEDIARIA NEONATAL;2019,0;6,0;82,0;549,0;23,0;3,5652173913043477;23,869565217391305
MOV;UNIDADE INTEMEDIARIA NEONATAL;2019,0;7,0;40,0;475,0;24,0;1,6666666666666667;19,791666666666668
MOV;UNIDADE INTEMEDIARIA NEONATAL;2019,0;8,0;31,0;451,0;25,0;1,24;18,04
MOV;UNIDADE INTEMEDIARIA NEONATAL;2019,0;9,0;49,0;432,0;23,0;2,130434782608696;18,782608695652176
MOV;UNIDADE INTEMEDIARIA NEONATAL;2019,0;10,0;43,0;424,0;26,0;1,6538461538461537;16,307692307692307
MOV;UNIDADE INTEMEDIARIA NEONATAL;2019,0;11,0;48,0;377,0;21,0;2,2857142857142856;17,952380952380953
MOV;UNIDADE INTEMEDIARIA NEONATAL;2019,0;12,0;45,0;388,0;31,0;1,4516129032258065;12,516129032258064
MOV;UNIDADE INTEMEDIARIA NEONATAL;2020,0;1,0;48,0;391,0;23,0;2,0869565217391304;17,0
MOV;UNIDADE INTEMEDIARIA NEONATAL;2020,0;2,0;43,0;420,0;10,0;4,3;42,0
MOV;UNIDADE INTEMEDIARIA NEONATAL;2020,0;3,0;70,0;516,0;19,0;3,6842105263157894;27,157894736842106
MOV;UNIDADE INTEMEDIARIA NEONATAL;2020,0;4,0;50,0;425,0;26,0;1,9230769230769231;16,346153846153847
MOV;UNIDADE INTEMEDIARIA NEONATAL;2020,0;5,0;39,0;496,0;25,0;1,56;19,84
MOV;UNIDADE INTEMEDIARIA NEONATAL;2020,0;6,0;49,0;395,0;25,0;1,96;15,8
MOV;UNIDADE INTEMEDIARIA NEONATAL;2020,0;7,0;35,0;410,0;24,0;1,4583333333333333;17,083333333333332
MOV;UNIDADE INTEMEDIARIA NEONATAL;2020,0;8,0;65,0;545,0;20,0;3,25;27,25
MOV;UNIDADE INTEMEDIARIA NEONATAL;2020,0;9,0;33,0;358,0;26,0;1,2692307692307692;13,76923076923077
MOV;UNIDADE INTEMEDIARIA NEONATAL;2020,0;10,0;56,0;472,0;16,0;3,5;29,5
MOV;UNIDADE INTEMEDIARIA NEONATAL;2020,0;11,0;43,0;449,0;28,0;1,5357142857142858;16,035714285714285
MOV;UNIDADE INTEMEDIARIA NEONATAL;2020,0;12,0;38,0;469,0;27,0;1,4074074074074074;17,37037037037037
MOV;UNIDADE INTEMEDIARIA NEONATAL;2021,0;1,0;38,0;310,0;28,0;1,3571428571428572;11,071428571428571
MOV;UNIDADE INTEMEDIARIA NEONATAL;2021,0;2,0;30,0;260,0;21,0;1,4285714285714286;12,380952380952381
MOV;UNIDADE INTEMEDIARIA NEONATAL;2021,0;3,0;56,0;474,0;25,0;2,24;18,96
MOV;UNIDADE INTEMEDIARIA NEONATAL;2021,0;4,0;36,0;345,0;27,0;1,3333333333333333;12,777777777777779
MOV;UNIDADE INTEMEDIARIA NEONATAL;2021,0;5,0;33,0;378,0;31,0;1,064516129032258;12,193548387096774
MOV;UNIDADE INTEMEDIARIA NEONATAL;2021,0;6,0;23,0;404,0;35,0;0,6571428571428571;11,542857142857143
MOV;UNIDADE INTEMEDIARIA NEONATAL;2021,0;7,0;21,0;369,0;27,0;0,7777777777777778;13,666666666666666
MOV;UNIDADE INTEMEDIARIA NEONATAL;2021,0;8,0;46,0;390,0;22,0;2,090909090909091;17,727272727272727
MOV;UNIDADE INTEMEDIARIA NEONATAL;2021,0;9,0;24,0;369,0;24,0;1,0;15,375
MOV;UNIDADE INTEMEDIARIA NEONATAL;2021,0;10,0;15,0;268,0;24,0;0,625;11,166666666666666
MOV;UNIDADE INTEMEDIARIA NEONATAL;2021,0;11,0;52,0;405,0;25,0;2,08;16,2
MOV;UNIDADE INTEMEDIARIA NEONATAL;2021,0;12,0;31,0;403,0;27,0;1,1481481481481481;14,925925925925926
MOV;UNIDADE INTEMEDIARIA NEONATAL;2022,0;1,0;20,0;238,0;25,0;0,8;9,52
MOV;UNIDADE INTEMEDIARIA NEONATAL;2022,0;2,0;26,0;316,0;16,0;1,625;19,75
MOV;UNIDADE INTEMEDIARIA NEONATAL;2022,0;3,0;45,0;462,0;21,0;2,142857142857143;22,0
MOV;UNIDADE INTEMEDIARIA NEONATAL;2022,0;4,0;44,0;374,0;24,0;1,8333333333333333;15,583333333333334
MOV;UNIDADE INTEMEDIARIA NEONATAL;2022,0;5,0;35,0;332,0;22,0;1,5909090909090908;15,090909090909092
MOV;UNIDADE INTEMEDIARIA NEONATAL;2022,0;6,0;25,0;323,0;19,0;1,3157894736842106;17,0
MOV;UNIDADE INTEMEDIARIA NEONATAL;2022,0;7,0;23,0;333,0;30,0;0,7666666666666667;11,1
MOV;UNIDADE INTEMEDIARIA NEONATAL;2022,0;8,0;23,0;379,0;28,0;0,8214285714285714;13,535714285714286
MOV;UNIDADE INTEMEDIARIA NEONATAL;2022,0;9,0;52,0;345,0;17,0;3,0588235294117645;20,294117647058822
MOV;UNIDADE INTEMEDIARIA NEONATAL;2022,0;10,0;21,0;275,0;19,0;1,105263157894737;14,473684210526315
MOV;UNIDADE INTEMEDIARIA NEONATAL;2022,0;11,0;33,0;284,0;28,0;1,1785714285714286;10,142857142857142
MOV;UNIDADE INTEMEDIARIA NEONATAL;2022,0;12,0;30,0;307,0;31,0;0,967741935483871;9,903225806451612
MOV;UNIDADE INTEMEDIARIA NEONATAL;2023,0;1,0;59,0;294,0;14,0;4,214285714285714;21,0
MOV;UNIDADE INTEMEDIARIA NEONATAL;2023,0;2,0;40,0;249,0;28,0;1,4285714285714286;8,892857142857142
MOV;UNIDADE INTEMEDIARIA NEONATAL;2023,0;3,0;60,0;467,0;37,0;1,6216216216216217;12,621621621621621
MOV;UNIDADE INTEMEDIARIA NEONATAL;2023,0;4,0;10,0;85,0;9,0;1,1111111111111112;9,444444444444445
MOV;UNIDADE INTERNAÇÃO - ALTO RISCO OBSTETRICO;2019,0;1,0;53,0;712,0;163,0;0,32515337423312884;4,368098159509202
MOV;UNIDADE INTERNAÇÃO - ALTO RISCO OBSTETRICO;2019,0;2,0;60,0;706,0;57,0;1,0526315789473684;12,385964912280702
MOV;UNIDADE INTERNAÇÃO - ALTO RISCO OBSTETRICO;2019,0;3,0;66,0;603,0;56,0;1,1785714285714286;10,767857142857142
MOV;UNIDADE INTERNAÇÃO - ALTO RISCO OBSTETRICO;2019,0;4,0;80,0;865,0;98,0;0,8163265306122449;8,826530612244898
MOV;UNIDADE INTERNAÇÃO - ALTO RISCO OBSTETRICO;2019,0;5,0;73,0;1202,0;123,0;0,5934959349593496;9,772357723577235
MOV;UNIDADE INTERNAÇÃO - ALTO RISCO OBSTETRICO;2019,0;6,0;55,0;799,0;68,0;0,8088235294117647;11,75
MOV;UNIDADE INTERNAÇÃO - ALTO RISCO OBSTETRICO;2019,0;7,0;81,0;838,0;77,0;1,051948051948052;10,883116883116884
MOV;UNIDADE INTERNAÇÃO - ALTO RISCO OBSTETRICO;2019,0;8,0;67,0;641,0;81,0;0,8271604938271605;7,91358024691358
MOV;UNIDADE INTERNAÇÃO - ALTO RISCO OBSTETRICO;2019,0;9,0;59,0;850,0;101,0;0,5841584158415841;8,415841584158416
MOV;UNIDADE INTERNAÇÃO - ALTO RISCO OBSTETRICO;2019,0;10,0;78,0;986,0;137,0;0,5693430656934306;7,197080291970803
MOV;UNIDADE INTERNAÇÃO - ALTO RISCO OBSTETRICO;2019,0;11,0;78,0;876,0;99,0;0,7878787878787878;8,848484848484848
MOV;UNIDADE INTERNAÇÃO - ALTO RISCO OBSTETRICO;2019,0;12,0;97,0;836,0;83,0;1,1686746987951808;10,072289156626505
MOV;UNIDADE INTERNAÇÃO - ALTO RISCO OBSTETRICO;2020,0;1,0;70,0;751,0;88,0;0,7954545454545454;8,534090909090908
MOV;UNIDADE INTERNAÇÃO - ALTO RISCO OBSTETRICO;2020,0;2,0;83,0;863,0;86,0;0,9651162790697675;10,034883720930232
MOV;UNIDADE INTERNAÇÃO - ALTO RISCO OBSTETRICO;2020,0;3,0;62,0;850,0;80,0;0,775;10,625
MOV;UNIDADE INTERNAÇÃO - ALTO RISCO OBSTETRICO;2020,0;4,0;51,0;1088,0;77,0;0,6623376623376623;14,12987012987013
MOV;UNIDADE INTERNAÇÃO - ALTO RISCO OBSTETRICO;2020,0;5,0;53,0;1017,0;103,0;0,5145631067961165;9,87378640776699
MOV;UNIDADE INTERNAÇÃO - ALTO RISCO OBSTETRICO;2020,0;6,0;67,0;855,0;97,0;0,6907216494845361;8,814432989690722
MOV;UNIDADE INTERNAÇÃO - ALTO RISCO OBSTETRICO;2020,0;7,0;63,0;701,0;105,0;0,6;6,6761904761904765
MOV;UNIDADE INTERNAÇÃO - ALTO RISCO OBSTETRICO;2020,0;8,0;40,0;656,0;110,0;0,36363636363636365;5,963636363636364
MOV;UNIDADE INTERNAÇÃO - ALTO RISCO OBSTETRICO;2020,0;9,0;41,0;638,0;86,0;0,47674418604651164;7,4186046511627906
MOV;UNIDADE INTERNAÇÃO - ALTO RISCO OBSTETRICO;2020,0;10,0;70,0;672,0;67,0;1,044776119402985;10,029850746268657
MOV;UNIDADE INTERNAÇÃO - ALTO RISCO OBSTETRICO;2020,0;11,0;68,0;920,0;90,0;0,7555555555555555;10,222222222222221
MOV;UNIDADE INTERNAÇÃO - ALTO RISCO OBSTETRICO;2020,0;12,0;64,0;650,0;96,0;0,6666666666666666;6,770833333333333
MOV;UNIDADE INTERNAÇÃO - ALTO RISCO OBSTETRICO;2021,0;1,0;55,0;670,0;93,0;0,5913978494623656;7,204301075268817
MOV;UNIDADE INTERNAÇÃO - ALTO RISCO OBSTETRICO;2021,0;2,0;49,0;570,0;103,0;0,47572815533980584;5,533980582524272
MOV;UNIDADE INTERNAÇÃO - ALTO RISCO OBSTETRICO;2021,0;3,0;48,0;873,0;98,0;0,4897959183673469;8,908163265306122
MOV;UNIDADE INTERNAÇÃO - ALTO RISCO OBSTETRICO;2021,0;4,0;32,0;696,0;92,0;0,34782608695652173;7,565217391304348
MOV;UNIDADE INTERNAÇÃO - ALTO RISCO OBSTETRICO;2021,0;5,0;79,0;782,0;104,0;0,7596153846153846;7,519230769230769
MOV;UNIDADE INTERNAÇÃO - ALTO RISCO OBSTETRICO;2021,0;6,0;36,0;543,0;108,0;0,3333333333333333;5,027777777777778
MOV;UNIDADE INTERNAÇÃO - ALTO RISCO OBSTETRICO;2021,0;7,0;42,0;686,0;100,0;0,42;6,86
MOV;UNIDADE INTERNAÇÃO - ALTO RISCO OBSTETRICO;2021,0;8,0;77,0;638,0;106,0;0,7264150943396226;6,018867924528302
MOV;UNIDADE INTERNAÇÃO - ALTO RISCO OBSTETRICO;2021,0;9,0;64,0;659,0;117,0;0,5470085470085471;5,632478632478633
MOV;UNIDADE INTERNAÇÃO - ALTO RISCO OBSTETRICO;2021,0;10,0;48,0;756,0;86,0;0,5581395348837209;8,790697674418604
MOV;UNIDADE INTERNAÇÃO - ALTO RISCO OBSTETRICO;2021,0;11,0;78,0;797,0;110,0;0,7090909090909091;7,245454545454545
MOV;UNIDADE INTERNAÇÃO - ALTO RISCO OBSTETRICO;2021,0;12,0;78,0;942,0;70,0;1,1142857142857143;13,457142857142857
MOV;UNIDADE INTERNAÇÃO - ALTO RISCO OBSTETRICO;2022,0;1,0;66,0;711,0;95,0;0,6947368421052632;7,484210526315789
MOV;UNIDADE INTERNAÇÃO - ALTO RISCO OBSTETRICO;2022,0;2,0;50,0;539,0;77,0;0,6493506493506493;7,0
MOV;UNIDADE INTERNAÇÃO - ALTO RISCO OBSTETRICO;2022,0;3,0;61,0;900,0;101,0;0,6039603960396039;8,910891089108912
MOV;UNIDADE INTERNAÇÃO - ALTO RISCO OBSTETRICO;2022,0;4,0;39,0;688,0;92,0;0,42391304347826086;7,478260869565218
MOV;UNIDADE INTERNAÇÃO - ALTO RISCO OBSTETRICO;2022,0;5,0;41,0;904,0;91,0;0,45054945054945056;9,934065934065934
MOV;UNIDADE INTERNAÇÃO - ALTO RISCO OBSTETRICO;2022,0;6,0;50,0;750,0;97,0;0,5154639175257731;7,731958762886598
MOV;UNIDADE INTERNAÇÃO - ALTO RISCO OBSTETRICO;2022,0;7,0;54,0;781,0;97,0;0,5567010309278351;8,051546391752577
MOV;UNIDADE INTERNAÇÃO - ALTO RISCO OBSTETRICO;2022,0;8,0;59,0;819,0;78,0;0,7564102564102564;10,5
MOV;UNIDADE INTERNAÇÃO - ALTO RISCO OBSTETRICO;2022,0;9,0;37,0;764,0;78,0;0,47435897435897434;9,794871794871796
MOV;UNIDADE INTERNAÇÃO - ALTO RISCO OBSTETRICO;2022,0;10,0;69,0;820,0;93,0;0,7419354838709677;8,817204301075268
MOV;UNIDADE INTERNAÇÃO - ALTO RISCO OBSTETRICO;2022,0;11,0;59,0;1115,0;92,0;0,6413043478260869;12,119565217391305
MOV;UNIDADE INTERNAÇÃO - ALTO RISCO OBSTETRICO;2022,0;12,0;74,0;909,0;113,0;0,6548672566371682;8,044247787610619
MOV;UNIDADE INTERNAÇÃO - ALTO RISCO OBSTETRICO;2023,0;1,0;66,0;1273,0;122,0;0,5409836065573771;10,434426229508198
MOV;UNIDADE INTERNAÇÃO - ALTO RISCO OBSTETRICO;2023,0;2,0;55,0;1079,0;114,0;0,4824561403508772;9,464912280701755
MOV;UNIDADE INTERNAÇÃO - ALTO RISCO OBSTETRICO;2023,0;3,0;88,0;1486,0;107,0;0,822429906542056;13,88785046728972
MOV;UNIDADE INTERNAÇÃO - ALTO RISCO OBSTETRICO;2023,0;4,0;8,0;202,0;23,0;0,34782608695652173;8,782608695652174
MOV;UNIDADE INTERNAÇÃO - CLINICA CIRURGICA;2021,0;8,0;0,0;0,0;1,0;0,0;0,0
MOV;UNIDADE INTERNAÇÃO - CLINICA CIRURGICA;2021,0;9,0;0,0;0,0;2,0;0,0;0,0
MOV;UNIDADE INTERNAÇÃO - CLINICA CIRURGICA;2021,0;10,0;29,0;268,0;86,0;0,3372093023255814;3,116279069767442
MOV;UNIDADE INTERNAÇÃO - CLINICA CIRURGICA;2021,0;11,0;33,0;427,0;131,0;0,25190839694656486;3,2595419847328246
MOV;UNIDADE INTERNAÇÃO - CLINICA CIRURGICA;2021,0;12,0;22,0;188,0;120,0;0,18333333333333332;1,5666666666666667
MOV;UNIDADE INTERNAÇÃO - CLINICA CIRURGICA;2022,0;1,0;19,0;319,0;82,0;0,23170731707317074;3,8902439024390243
MOV;UNIDADE INTERNAÇÃO - CLINICA CIRURGICA;2022,0;2,0;13,0;263,0;114,0;0,11403508771929824;2,307017543859649
MOV;UNIDADE INTERNAÇÃO - CLINICA CIRURGICA;2022,0;3,0;36,0;309,0;123,0;0,2926829268292683;2,5121951219512195
MOV;UNIDADE INTERNAÇÃO - CLINICA CIRURGICA;2022,0;4,0;19,0;316,0;96,0;0,19791666666666666;3,2916666666666665
MOV;UNIDADE INTERNAÇÃO - CLINICA CIRURGICA;2022,0;5,0;10,0;352,0;134,0;0,07462686567164178;2,626865671641791
MOV;UNIDADE INTERNAÇÃO - CLINICA CIRURGICA;2022,0;6,0;26,0;343,0;133,0;0,19548872180451127;2,5789473684210527
MOV;UNIDADE INTERNAÇÃO - CLINICA CIRURGICA;2022,0;7,0;16,0;264,0;131,0;0,12213740458015267;2,015267175572519
MOV;UNIDADE INTERNAÇÃO - CLINICA CIRURGICA;2022,0;8,0;48,0;357,0;123,0;0,3902439024390244;2,902439024390244
MOV;UNIDADE INTERNAÇÃO - CLINICA CIRURGICA;2022,0;9,0;30,0;412,0;108,0;0,2777777777777778;3,814814814814815
MOV;UNIDADE INTERNAÇÃO - CLINICA CIRURGICA;2022,0;10,0;21,0;334,0;108,0;0,19444444444444445;3,0925925925925926
MOV;UNIDADE INTERNAÇÃO - CLINICA CIRURGICA;2022,0;11,0;21,0;400,0;125,0;0,168;3,2
MOV;UNIDADE INTERNAÇÃO - CLINICA CIRURGICA;2022,0;12,0;15,0;409,0;119,0;0,12605042016806722;3,436974789915966
MOV;UNIDADE INTERNAÇÃO - CLINICA CIRURGICA;2023,0;1,0;31,0;460,0;104,0;0,2980769230769231;4,423076923076923
MOV;UNIDADE INTERNAÇÃO - CLINICA CIRURGICA;2023,0;2,0;26,0;328,0;93,0;0,27956989247311825;3,5268817204301075
MOV;UNIDADE INTERNAÇÃO - CLINICA CIRURGICA;2023,0;3,0;21,0;567,0;127,0;0,16535433070866143;4,464566929133858
MOV;UNIDADE INTERNAÇÃO - CLINICA CIRURGICA;2023,0;4,0;2,0;43,0;25,0;0,08;1,72
MOV;UNIDADE INTERNAÇÃO - GINECOLOGIA CIRÚRGICA UCC;2019,0;1,0;64,0;640,0;111,0;0,5765765765765766;5,7657657657657655
MOV;UNIDADE INTERNAÇÃO - GINECOLOGIA CIRÚRGICA UCC;2019,0;2,0;18,0;344,0;128,0;0,140625;2,6875
MOV;UNIDADE INTERNAÇÃO - GINECOLOGIA CIRÚRGICA UCC;2019,0;3,0;45,0;496,0;130,0;0,34615384615384615;3,8153846153846156
MOV;UNIDADE INTERNAÇÃO - GINECOLOGIA CIRÚRGICA UCC;2019,0;4,0;30,0;290,0;106,0;0,2830188679245283;2,7358490566037736
MOV;UNIDADE INTERNAÇÃO - GINECOLOGIA CIRÚRGICA UCC;2019,0;5,0;13,0;264,0;108,0;0,12037037037037036;2,4444444444444446
MOV;UNIDADE INTERNAÇÃO - GINECOLOGIA CIRÚRGICA UCC;2019,0;6,0;31,0;257,0;141,0;0,2198581560283688;1,822695035460993
MOV;UNIDADE INTERNAÇÃO - GINECOLOGIA CIRÚRGICA UCC;2019,0;7,0;34,0;310,0;139,0;0,2446043165467626;2,2302158273381294
MOV;UNIDADE INTERNAÇÃO - GINECOLOGIA CIRÚRGICA UCC;2019,0;8,0;23,0;267,0;132,0;0,17424242424242425;2,022727272727273
MOV;UNIDADE INTERNAÇÃO - GINECOLOGIA CIRÚRGICA UCC;2019,0;9,0;48,0;366,0;140,0;0,34285714285714286;2,6142857142857143
MOV;UNIDADE INTERNAÇÃO - GINECOLOGIA CIRÚRGICA UCC;2019,0;10,0;28,0;311,0;132,0;0,21212121212121213;2,356060606060606
MOV;UNIDADE INTERNAÇÃO - GINECOLOGIA CIRÚRGICA UCC;2019,0;11,0;37,0;339,0;150,0;0,24666666666666667;2,26
MOV;UNIDADE INTERNAÇÃO - GINECOLOGIA CIRÚRGICA UCC;2019,0;12,0;24,0;300,0;112,0;0,21428571428571427;2,6785714285714284
MOV;UNIDADE INTERNAÇÃO - GINECOLOGIA CIRÚRGICA UCC;2020,0;1,0;18,0;255,0;116,0;0,15517241379310345;2,1982758620689653
MOV;UNIDADE INTERNAÇÃO - GINECOLOGIA CIRÚRGICA UCC;2020,0;2,0;27,0;422,0;138,0;0,1956521739130435;3,0579710144927534
MOV;UNIDADE INTERNAÇÃO - GINECOLOGIA CIRÚRGICA UCC;2020,0;3,0;24,0;376,0;117,0;0,20512820512820512;3,213675213675214
MOV;UNIDADE INTERNAÇÃO - GINECOLOGIA CIRÚRGICA UCC;2020,0;4,0;29,0;356,0;92,0;0,31521739130434784;3,869565217391304
MOV;UNIDADE INTERNAÇÃO - GINECOLOGIA CIRÚRGICA UCC;2020,0;5,0;24,0;257,0;96,0;0,25;2,6770833333333335
MOV;UNIDADE INTERNAÇÃO - GINECOLOGIA CIRÚRGICA UCC;2020,0;6,0;33,0;404,0;93,0;0,3548387096774194;4,344086021505376
MOV;UNIDADE INTERNAÇÃO - GINECOLOGIA CIRÚRGICA UCC;2020,0;7,0;18,0;310,0;93,0;0,1935483870967742;3,3333333333333335
MOV;UNIDADE INTERNAÇÃO - GINECOLOGIA CIRÚRGICA UCC;2020,0;8,0;19,0;295,0;96,0;0,19791666666666666;3,0729166666666665
MOV;UNIDADE INTERNAÇÃO - GINECOLOGIA CIRÚRGICA UCC;2020,0;9,0;15,0;198,0;106,0;0,14150943396226415;1,8679245283018868
MOV;UNIDADE INTERNAÇÃO - GINECOLOGIA CIRÚRGICA UCC;2020,0;10,0;24,0;317,0;105,0;0,22857142857142856;3,019047619047619
MOV;UNIDADE INTERNAÇÃO - GINECOLOGIA CIRÚRGICA UCC;2020,0;11,0;39,0;256,0;126,0;0,30952380952380953;2,0317460317460316
MOV;UNIDADE INTERNAÇÃO - GINECOLOGIA CIRÚRGICA UCC;2020,0;12,0;20,0;288,0;105,0;0,19047619047619047;2,742857142857143
MOV;UNIDADE INTERNAÇÃO - GINECOLOGIA CIRÚRGICA UCC;2021,0;1,0;42,0;304,0;115,0;0,3652173913043478;2,643478260869565
MOV;UNIDADE INTERNAÇÃO - GINECOLOGIA CIRÚRGICA UCC;2021,0;2,0;20,0;256,0;110,0;0,18181818181818182;2,327272727272727
MOV;UNIDADE INTERNAÇÃO - GINECOLOGIA CIRÚRGICA UCC;2021,0;3,0;36,0;383,0;124,0;0,2903225806451613;3,088709677419355
MOV;UNIDADE INTERNAÇÃO - GINECOLOGIA CIRÚRGICA UCC;2021,0;4,0;31,0;431,0;117,0;0,26495726495726496;3,6837606837606836
MOV;UNIDADE INTERNAÇÃO - GINECOLOGIA CIRÚRGICA UCC;2021,0;5,0;33,0;399,0;120,0;0,275;3,325
MOV;UNIDADE INTERNAÇÃO - GINECOLOGIA CIRÚRGICA UCC;2021,0;6,0;12,0;369,0;118,0;0,1016949152542373;3,1271186440677967
MOV;UNIDADE INTERNAÇÃO - GINECOLOGIA CIRÚRGICA UCC;2021,0;7,0;27,0;226,0;112,0;0,24107142857142858;2,017857142857143
MOV;UNIDADE INTERNAÇÃO - GINECOLOGIA CIRÚRGICA UCC;2021,0;8,0;20,0;301,0;132,0;0,15151515151515152;2,2803030303030303
MOV;UNIDADE INTERNAÇÃO - GINECOLOGIA CIRÚRGICA UCC;2021,0;9,0;17,0;253,0;131,0;0,1297709923664122;1,9312977099236641
MOV;UNIDADE INTERNACAO ALTO-RISCO OBSTETRICO;2023,0;4,0;57,0;974,0;83,0;0,6867469879518072;11,734939759036145
MOV;UNIDADE INTERNACAO ALTO-RISCO OBSTETRICO;2023,0;5,0;88,0;954,0;110,0;0,8;8,672727272727272
MOV;UNIDADE INTERNACAO ALTO-RISCO OBSTETRICO;2023,0;6,0;54,0;833,0;113,0;0,4778761061946903;7,371681415929204
MOV;UNIDADE INTERNACAO ALTO-RISCO OBSTETRICO;2023,0;7,0;55,0;626,0;108,0;0,5092592592592593;5,796296296296297
MOV;UNIDADE INTERNACAO ALTO-RISCO OBSTETRICO;2023,0;8,0;76,0;827,0;119,0;0,6386554621848739;6,949579831932773
MOV;UNIDADE INTERNACAO ALTO-RISCO OBSTETRICO;2023,0;9,0;97,0;749,0;118,0;0,8220338983050848;6,3474576271186445
MOV;UNIDADE INTERNACAO ALTO-RISCO OBSTETRICO;2023,0;10,0;56,0;575,0;127,0;0,4409448818897638;4,52755905511811
MOV;UNIDADE INTERNACAO ALTO-RISCO OBSTETRICO;2023,0;11,0;52,0;863,0;165,0;0,3151515151515151;5,2303030303030305
MOV;UNIDADE INTERNACAO ALTO-RISCO OBSTETRICO;2023,0;12,0;82,0;944,0;175,0;0,4685714285714286;5,394285714285714
MOV;UNIDADE INTERNACAO ALTO-RISCO OBSTETRICO;2024,0;1,0;97,0;611,0;95,0;1,0210526315789474;6,431578947368421
MOV;UNIDADE INTERNACAO ALTO-RISCO OBSTETRICO;2024,0;2,0;80,0;1206,0;136,0;0,5882352941176471;8,867647058823529
MOV;UNIDADE INTERNACAO ALTO-RISCO OBSTETRICO;2024,0;3,0;101,0;1565,0;171,0;0,5906432748538012;9,152046783625732
MOV;UNIDADE INTERNACAO ALTO-RISCO OBSTETRICO;2024,0;4,0;18,0;714,0;71,0;0,2535211267605634;10,056338028169014
MOV;UNIDADE INTERNACAO ALTO-RISCO OBSTETRICO;2024,0;5,0;85,0;1265,0;109,0;0,7798165137614679;11,605504587155963
MOV;UNIDADE INTERNACAO ALTO-RISCO OBSTETRICO;2024,0;6,0;65,0;1275,0;107,0;0,6074766355140186;11,91588785046729
MOV;UNIDADE INTERNACAO ALTO-RISCO OBSTETRICO;2024,0;7,0;52,0;704,0;118,0;0,4406779661016949;5,966101694915254
MOV;UNIDADE INTERNACAO ALTO-RISCO OBSTETRICO;2024,0;8,0;110,0;696,0;97,0;1,134020618556701;7,175257731958763
MOV;UNIDADE INTERNACAO ALTO-RISCO OBSTETRICO;2024,0;9,0;75,0;810,0;117,0;0,6410256410256411;6,923076923076923
MOV;UNIDADE INTERNACAO ALTO-RISCO OBSTETRICO;2024,0;10,0;111,0;650,0;88,0;1,2613636363636365;7,386363636363637
MOV;UNIDADE INTERNACAO ALTO-RISCO OBSTETRICO;2024,0;11,0;78,0;574,0;76,0;1,0263157894736843;7,552631578947368
MOV;UNIDADE INTERNACAO ALTO-RISCO OBSTETRICO;2024,0;12,0;65,0;590,0;117,0;0,5555555555555556;5,042735042735043
MOV;UNIDADE INTERNACAO ALTO-RISCO OBSTETRICO;2025,0;1,0;85,0;630,0;96,0;0,8854166666666666;6,5625
MOV;UNIDADE INTERNACAO ALTO-RISCO OBSTETRICO;2025,0;2,0;177,0;871,0;74,0;2,391891891891892;11,77027027027027
MOV;UNIDADE INTERNACAO ALTO-RISCO OBSTETRICO;2025,0;3,0;47,0;581,0;149,0;0,31543624161073824;3,8993288590604025
MOV;UNIDADE INTERNACAO ALTO-RISCO OBSTETRICO;2025,0;4,0;106,0;716,0;100,0;1,06;7,16
MOV;UNIDADE INTERNACAO ALTO-RISCO OBSTETRICO;2025,0;5,0;89,0;564,0;105,0;0,8476190476190476;5,371428571428571
MOV;UNIDADE INTERNACAO ALTO-RISCO OBSTETRICO;2025,0;6,0;64,0;698,0;115,0;0,5565217391304348;6,069565217391304
MOV;UNIDADE INTERNACAO ALTO-RISCO OBSTETRICO;2025,0;7,0;124,0;1156,0;110,0;1,1272727272727272;10,50909090909091
MOV;UNIDADE INTERNACAO ALTO-RISCO OBSTETRICO;2025,0;8,0;71,0;600,0;94,0;0,7553191489361702;6,382978723404255
MOV;UNIDADE INTERNACAO ALTO-RISCO OBSTETRICO;2025,0;9,0;111,0;551,0;107,0;1,0373831775700935;5,149532710280374
MOV;UNIDADE INTERNACAO ALTO-RISCO OBSTETRICO;2025,0;10,0;93,0;675,0;107,0;0,8691588785046729;6,308411214953271
MOV;UNIDADE INTERNACAO ALTO-RISCO OBSTETRICO;2025,0;11,0;128,0;681,0;86,0;1,4883720930232558;7,9186046511627906
MOV;UNIDADE INTERNACAO ALTO-RISCO OBSTETRICO;2025,0;12,0;87,0;625,0;97,0;0,8969072164948454;6,443298969072165
MOV;UNIDADE INTERNACAO ALTO-RISCO OBSTETRICO;2026,0;1,0;61,0;551,0;95,0;0,6421052631578947;5,8
MOV;UNIDADE INTERNACAO ALTO-RISCO OBSTETRICO;2026,0;2,0;86,0;631,0;100,0;0,86;6,31
MOV;UNIDADE INTERNACAO ALTO-RISCO OBSTETRICO;2026,0;3,0;108,0;597,0;96,0;1,125;6,21875
MOV;UNIDADE INTERNACAO ALTO-RISCO OBSTETRICO;2026,0;4,0;77,0;515,0;96,0;0,8020833333333334;5,364583333333333
MOV;UNIDADE INTERNACAO ALTO-RISCO OBSTETRICO;2026,0;5,0;53,0;700,0;102,0;0,5196078431372549;6,862745098039215
MOV;UNIDADE INTERNACAO ALTO-RISCO OBSTETRICO;2026,0;6,0;58,0;721,0;95,0;0,6105263157894737;7,589473684210526
MOV;UNIDADE INTERNACAO ALTO-RISCO OBSTETRICO;2026,0;7,0;117,0;745,0;105,0;1,1142857142857143;7,095238095238095
MOV;UNIDADE INTERNACAO ALTO-RISCO OBSTETRICO;2026,0;8,0;142,0;993,0;130,0;1,0923076923076922;7,638461538461539
MOV;UNIDADE URGENCIA/EMERGENCIA;2021,0;5,0;0,0;0,0;1,0;0,0;0,0
MOV;UNIDADE URGENCIA/EMERGENCIA;2021,0;6,0;49,0;1369,0;2,0;24,5;684,5
MOV;UNIDADE URGENCIA/EMERGENCIA;2021,0;7,0;57,0;1511,0;2,0;28,5;755,5
MOV;UNIDADE URGENCIA/EMERGENCIA;2021,0;8,0;60,0;1629,0;8,0;7,5;203,625
MOV;UNIDADE URGENCIA/EMERGENCIA;2021,0;9,0;52,0;1318,0;2,0;26,0;659,0
MOV;UNIDADE URGENCIA/EMERGENCIA;2021,0;10,0;64,0;1166,0;3,0;21,333333333333332;388,6666666666667
MOV;UNIDADE URGENCIA/EMERGENCIA;2021,0;11,0;47,0;1387,0;6,0;7,833333333333333;231,16666666666666
MOV;UNIDADE URGENCIA/EMERGENCIA;2021,0;12,0;66,0;1420,0;3,0;22,0;473,3333333333333
MOV;UNIDADE URGENCIA/EMERGENCIA;2022,0;1,0;71,0;1383,0;3,0;23,666666666666668;461,0
MOV;UNIDADE URGENCIA/EMERGENCIA;2022,0;2,0;54,0;1256,0;4,0;13,5;314,0
MOV;UNIDADE URGENCIA/EMERGENCIA;2022,0;3,0;74,0;1684,0;7,0;10,571428571428571;240,57142857142858
MOV;UNIDADE URGENCIA/EMERGENCIA;2022,0;4,0;47,0;1320,0;6,0;7,833333333333333;220,0
MOV;UNIDADE URGENCIA/EMERGENCIA;2022,0;5,0;57,0;1390,0;7,0;8,142857142857142;198,57142857142858
MOV;UNIDADE URGENCIA/EMERGENCIA;2022,0;6,0;78,0;1890,0;10,0;7,8;189,0
MOV;UNIDADE URGENCIA/EMERGENCIA;2022,0;7,0;69,0;1665,0;9,0;7,666666666666667;185,0
MOV;UNIDADE URGENCIA/EMERGENCIA;2022,0;8,0;62,0;1338,0;1,0;62,0;1338,0
MOV;UNIDADE URGENCIA/EMERGENCIA;2022,0;9,0;55,0;1523,0;16,0;3,4375;95,1875
MOV;UNIDADE URGENCIA/EMERGENCIA;2022,0;10,0;43,0;1436,0;9,0;4,777777777777778;159,55555555555554
MOV;UNIDADE URGENCIA/EMERGENCIA;2022,0;11,0;74,0;1693,0;9,0;8,222222222222221;188,11111111111111
MOV;UNIDADE URGENCIA/EMERGENCIA;2022,0;12,0;51,0;1711,0;8,0;6,375;213,875
MOV;UNIDADE URGENCIA/EMERGENCIA;2023,0;1,0;51,0;1594,0;10,0;5,1;159,4
MOV;UNIDADE URGENCIA/EMERGENCIA;2023,0;2,0;39,0;1402,0;8,0;4,875;175,25
MOV;UNIDADE URGENCIA/EMERGENCIA;2023,0;3,0;73,0;1785,0;11,0;6,636363636363637;162,27272727272728
MOV;UTI;2019,0;1,0;151,0;3490,0;21,0;7,190476190476191;166,1904761904762
MOV;UTI;2019,0;2,0;124,0;3095,0;22,0;5,636363636363637;140,6818181818182
MOV;UTI;2019,0;3,0;170,0;4036,0;19,0;8,947368421052632;212,42105263157896
MOV;UTI;2019,0;4,0;161,0;3516,0;26,0;6,1923076923076925;135,23076923076923
MOV;UTI;2019,0;5,0;198,0;4669,0;14,0;14,142857142857142;333,5
MOV;UTI;2019,0;6,0;149,0;4052,0;16,0;9,3125;253,25
MOV;UTI;2019,0;7,0;151,0;3903,0;26,0;5,8076923076923075;150,1153846153846
MOV;UTI;2019,0;8,0;133,0;3608,0;28,0;4,75;128,85714285714286
MOV;UTI;2019,0;9,0;109,0;4002,0;17,0;6,411764705882353;235,41176470588235
MOV;UTI;2019,0;10,0;111,0;2470,0;19,0;5,842105263157895;130,0
MOV;UTI;2019,0;11,0;144,0;3435,0;24,0;6,0;143,125
MOV;UTI;2019,0;12,0;135,0;3531,0;26,0;5,1923076923076925;135,80769230769232
MOV;UTI;2020,0;1,0;162,0;4180,0;23,0;7,043478260869565;181,7391304347826
MOV;UTI;2020,0;2,0;172,0;4130,0;23,0;7,478260869565218;179,56521739130434
MOV;UTI;2020,0;3,0;149,0;3805,0;28,0;5,321428571428571;135,89285714285714
MOV;UTI;2020,0;4,0;99,0;3078,0;14,0;7,071428571428571;219,85714285714286
MOV;UTI;2020,0;5,0;143,0;3959,0;22,0;6,5;179,95454545454547
MOV;UTI;2020,0;6,0;142,0;3534,0;26,0;5,461538461538462;135,92307692307693
MOV;UTI;2020,0;7,0;172,0;3497,0;17,0;10,117647058823529;205,7058823529412
MOV;UTI;2020,0;8,0;75,0;2635,0;12,0;6,25;219,58333333333334
MOV;UTI;2020,0;9,0;36,0;1081,0;5,0;7,2;216,2
MOV;UTI;2020,0;10,0;50,0;1514,0;11,0;4,545454545454546;137,63636363636363
MOV;UTI;2020,0;11,0;63,0;1581,0;6,0;10,5;263,5
MOV;UTI;2020,0;12,0;93,0;1881,0;6,0;15,5;313,5
MOV;UTI;2021,0;1,0;109,0;2952,0;15,0;7,266666666666667;196,8
MOV;UTI;2021,0;2,0;56,0;1717,0;11,0;5,090909090909091;156,0909090909091
MOV;UTI;2021,0;3,0;147,0;3047,0;8,0;18,375;380,875
MOV;UTI;2021,0;4,0;125,0;2683,0;17,0;7,352941176470588;157,8235294117647
MOV;UTI;2021,0;5,0;135,0;2311,0;8,0;16,875;288,875
MOV;UTI;2021,0;6,0;106,0;2640,0;11,0;9,636363636363637;240,0
MOV;UTI;2021,0;7,0;75,0;1921,0;6,0;12,5;320,1666666666667
MOV;UTI;2021,0;8,0;78,0;2252,0;13,0;6,0;173,23076923076923
MOV;UTI;2021,0;9,0;35,0;925,0;4,0;8,75;231,25
MOV;UTI;2021,0;10,0;60,0;1643,0;13,0;4,615384615384615;126,38461538461539
MOV;UTI;2021,0;11,0;86,0;2115,0;13,0;6,615384615384615;162,69230769230768
MOV;UTI;2021,0;12,0;70,0;2139,0;11,0;6,363636363636363;194,45454545454547
MOV;UTI;2022,0;1,0;48,0;1694,0;10,0;4,8;169,4
MOV;UTI;2022,0;2,0;79,0;1491,0;16,0;4,9375;93,1875
MOV;UTI;2022,0;3,0;88,0;1938,0;21,0;4,190476190476191;92,28571428571429
MOV;UTI;2022,0;4,0;63,0;1994,0;22,0;2,8636363636363638;90,63636363636364
MOV;UTI;2022,0;5,0;95,0;2169,0;16,0;5,9375;135,5625
MOV;UTI;2022,0;6,0;72,0;2094,0;16,0;4,5;130,875
MOV;UTI;2022,0;7,0;113,0;2614,0;19,0;5,947368421052632;137,57894736842104
MOV;UTI;2022,0;8,0;105,0;2803,0;19,0;5,526315789473684;147,52631578947367
MOV;UTI;2022,0;9,0;56,0;1223,0;7,0;8,0;174,71428571428572
MOV;UTI - ADULTO;2022,0;9,0;54,0;1429,0;6,0;9,0;238,16666666666666
MOV;UTI - ADULTO;2022,0;10,0;94,0;2084,0;17,0;5,529411764705882;122,58823529411765
MOV;UTI - ADULTO;2022,0;11,0;92,0;2130,0;25,0;3,68;85,2
MOV;UTI - ADULTO;2022,0;12,0;91,0;2222,0;26,0;3,5;85,46153846153847
MOV;UTI - ADULTO;2023,0;1,0;98,0;1812,0;15,0;6,533333333333333;120,8
MOV;UTI - ADULTO;2023,0;2,0;76,0;1812,0;17,0;4,470588235294118;106,58823529411765
MOV;UTI - ADULTO;2023,0;3,0;67,0;1969,0;25,0;2,68;78,76
MOV;UTI - ADULTO;2023,0;4,0;115,0;2050,0;22,0;5,2272727272727275;93,18181818181819
MOV;UTI - ADULTO;2023,0;5,0;115,0;2287,0;23,0;5,0;99,43478260869566
MOV;UTI - ADULTO;2023,0;6,0;101,0;1965,0;21,0;4,809523809523809;93,57142857142857
MOV;UTI - ADULTO;2023,0;7,0;116,0;2271,0;21,0;5,523809523809524;108,14285714285714
MOV;UTI - ADULTO;2023,0;8,0;161,0;3323,0;19,0;8,473684210526315;174,89473684210526
MOV;UTI - ADULTO;2023,0;9,0;119,0;3046,0;25,0;4,76;121,84
MOV;UTI - ADULTO;2023,0;10,0;119,0;3414,0;36,0;3,3055555555555554;94,83333333333333
MOV;UTI - ADULTO;2023,0;11,0;130,0;2463,0;27,0;4,814814814814815;91,22222222222223
MOV;UTI - ADULTO;2023,0;12,0;111,0;2462,0;26,0;4,269230769230769;94,6923076923077
MOV;UTI - ADULTO;2024,0;1,0;144,0;2679,0;38,0;3,789473684210526;70,5
MOV;UTI - ADULTO;2024,0;2,0;106,0;2871,0;27,0;3,925925925925926;106,33333333333333
MOV;UTI - ADULTO;2024,0;3,0;101,0;3668,0;18,0;5,611111111111111;203,77777777777777
MOV;UTI - ADULTO;2024,0;4,0;118,0;3127,0;20,0;5,9;156,35
MOV;UTI - ADULTO;2024,0;5,0;137,0;4355,0;25,0;5,48;174,2
MOV;UTI - ADULTO;2024,0;6,0;126,0;3752,0;36,0;3,5;104,22222222222223
MOV;UTI - ADULTO;2024,0;7,0;86,0;2237,0;19,0;4,526315789473684;117,73684210526316
MOV;UTI - ADULTO;2024,0;8,0;137,0;3145,0;28,0;4,892857142857143;112,32142857142857
MOV;UTI - ADULTO;2024,0;9,0;137,0;2723,0;25,0;5,48;108,92
MOV;UTI - ADULTO;2024,0;10,0;107,0;2969,0;32,0;3,34375;92,78125
MOV;UTI - ADULTO;2024,0;11,0;97,0;2506,0;32,0;3,03125;78,3125
MOV;UTI - ADULTO;2024,0;12,0;96,0;2338,0;23,0;4,173913043478261;101,65217391304348
MOV;UTI - ADULTO;2025,0;1,0;144,0;2667,0;33,0;4,363636363636363;80,81818181818181
MOV;UTI - ADULTO;2025,0;2,0;107,0;2234,0;28,0;3,8214285714285716;79,78571428571429
MOV;UTI - ADULTO;2025,0;3,0;122,0;2308,0;29,0;4,206896551724138;79,58620689655173
MOV;UTI - ADULTO;2025,0;4,0;146,0;3190,0;26,0;5,615384615384615;122,6923076923077
MOV;UTI - ADULTO;2025,0;5,0;136,0;3418,0;24,0;5,666666666666667;142,41666666666666
MOV;UTI - ADULTO;2025,0;6,0;141,0;3498,0;16,0;8,8125;218,625
MOV;UTI - ADULTO;2025,0;7,0;173,0;4719,0;17,0;10,176470588235293;277,5882352941176
MOV;UTI - ADULTO;2025,0;8,0;152,0;3181,0;21,0;7,238095238095238;151,47619047619048
MOV;UTI - ADULTO;2025,0;9,0;89,0;2797,0;27,0;3,2962962962962963;103,5925925925926
MOV;UTI - ADULTO;2025,0;10,0;84,0;2242,0;23,0;3,652173913043478;97,47826086956522
MOV;UTI - ADULTO;2025,0;11,0;104,0;2146,0;21,0;4,9523809523809526;102,19047619047619
MOV;UTI - ADULTO;2025,0;12,0;102,0;2388,0;26,0;3,923076923076923;91,84615384615384
MOV;UTI - ADULTO;2026,0;1,0;140,0;3010,0;27,0;5,185185185185185;111,48148148148148
MOV;UTI - ADULTO;2026,0;2,0;110,0;2283,0;30,0;3,6666666666666665;76,1
MOV;UTI - ADULTO;2026,0;3,0;156,0;3202,0;17,0;9,176470588235293;188,35294117647058
MOV;UTI - ADULTO;2026,0;4,0;159,0;2903,0;25,0;6,36;116,12
MOV;UTI - ADULTO;2026,0;5,0;111,0;2414,0;26,0;4,269230769230769;92,84615384615384
MOV;UTI - ADULTO;2026,0;6,0;114,0;2167,0;19,0;6,0;114,05263157894737
MOV;UTI - ADULTO;2026,0;7,0;114,0;2376,0;26,0;4,384615384615385;91,38461538461539
MOV;UTI - ADULTO;2026,0;8,0;84,0;2314,0;18,0;4,666666666666667;128,55555555555554
MOV;UTI - NEONATAL;2021,0;6,0;114,0;690,0;2,0;57,0;345,0
MOV;UTI - NEONATAL;2021,0;7,0;142,0;686,0;13,0;10,923076923076923;52,76923076923077
MOV;UTI - NEONATAL;2021,0;8,0;175,0;941,0;3,0;58,333333333333336;313,6666666666667
MOV;UTI - NEONATAL;2021,0;9,0;138,0;814,0;2,0;69,0;407,0
MOV;UTI - NEONATAL;2021,0;10,0;94,0;642,0;2,0;47,0;321,0
MOV;UTI - NEONATAL;2021,0;11,0;146,0;857,0;6,0;24,333333333333332;142,83333333333334
MOV;UTI - NEONATAL;2021,0;12,0;98,0;759,0;6,0;16,333333333333332;126,5
MOV;UTI - NEONATAL;2022,0;1,0;89,0;695,0;3,0;29,666666666666668;231,66666666666666
MOV;UTI - NEONATAL;2022,0;2,0;92,0;738,0;1,0;92,0;738,0
MOV;UTI - NEONATAL;2022,0;3,0;126,0;920,0;1,0;126,0;920,0
MOV;UTI - NEONATAL;2022,0;4,0;111,0;897,0;3,0;37,0;299,0
MOV;UTI - NEONATAL;2022,0;5,0;131,0;981,0;6,0;21,833333333333332;163,5
MOV;UTI - NEONATAL;2022,0;6,0;102,0;860,0;3,0;34,0;286,6666666666667
MOV;UTI - NEONATAL;2022,0;7,0;121,0;1005,0;6,0;20,166666666666668;167,5
MOV;UTI - NEONATAL;2022,0;8,0;238,0;965,0;2,0;119,0;482,5
MOV;UTI - NEONATAL;2022,0;9,0;107,0;712,0;4,0;26,75;178,0
MOV;UTI - NEONATAL;2022,0;10,0;76,0;780,0;1,0;76,0;780,0
MOV;UTI - NEONATAL;2022,0;11,0;126,0;618,0;4,0;31,5;154,5
MOV;UTI - NEONATAL;2023,0;1,0;130,0;741,0;4,0;32,5;185,25
MOV;UTI - NEONATAL;2023,0;2,0;130,0;857,0;2,0;65,0;428,5
MOV;UTI - NEONATAL;2023,0;3,0;144,0;1122,0;4,0;36,0;280,5
MOV;UTI - NEONATAL;2023,0;4,0;124,0;493,0;2,0;62,0;246,5
MOV;UTI - NEONATAL;2023,0;5,0;179,0;520,0;2,0;89,5;260,0
MOV;UTI - NEONATAL;2023,0;7,0;174,0;776,0;5,0;34,8;155,2
MOV;UTI - NEONATAL;2023,0;8,0;127,0;702,0;2,0;63,5;351,0
MOV;UTI - NEONATAL;2023,0;10,0;122,0;533,0;5,0;24,4;106,6
MOV;UTI - NEONATAL;2023,0;11,0;120,0;471,0;1,0;120,0;471,0
MOV;UTI - NEONATAL;2023,0;12,0;208,0;671,0;2,0;104,0;335,5
MOV;UTI - NEONATAL;2024,0;1,0;138,0;604,0;1,0;138,0;604,0
MOV;UTI - NEONATAL;2024,0;2,0;173,0;714,0;2,0;86,5;357,0
MOV;UTI - NEONATAL;2024,0;3,0;161,0;773,0;3,0;53,666666666666664;257,6666666666667
MOV;UTI - NEONATAL;2024,0;4,0;118,0;595,0;5,0;23,6;119,0
MOV;UTI - NEONATAL;2024,0;5,0;112,0;434,0;4,0;28,0;108,5
MOV;UTI - NEONATAL;2024,0;6,0;135,0;413,0;2,0;67,5;206,5
MOV;UTI - NEONATAL;2024,0;8,0;117,0;495,0;1,0;117,0;495,0
MOV;UTI - NEONATAL;2024,0;9,0;148,0;586,0;3,0;49,333333333333336;195,33333333333334
MOV;UTI - NEONATAL;2024,0;10,0;176,0;670,0;6,0;29,333333333333332;111,66666666666667
MOV;UTI - NEONATAL;2024,0;11,0;171,0;685,0;6,0;28,5;114,16666666666667
MOV;UTI - NEONATAL;2024,0;12,0;222,0;1092,0;3,0;74,0;364,0
MOV;UTI - NEONATAL;2025,0;1,0;231,0;824,0;7,0;33,0;117,71428571428571
MOV;UTI - NEONATAL;2025,0;2,0;244,0;826,0;10,0;24,4;82,6
MOV;UTI - NEONATAL;2025,0;3,0;340,0;1035,0;5,0;68,0;207,0
MOV;UTI - NEONATAL;2025,0;4,0;267,0;1036,0;7,0;38,142857142857146;148,0
MOV;UTI - NEONATAL;2025,0;5,0;241,0;1008,0;4,0;60,25;252,0
MOV;UTI - NEONATAL;2025,0;6,0;334,0;1447,0;6,0;55,666666666666664;241,16666666666666
MOV;UTI - NEONATAL;2025,0;7,0;238,0;1065,0;3,0;79,33333333333333;355,0
MOV;UTI - NEONATAL;2025,0;8,0;223,0;1266,0;5,0;44,6;253,2
MOV;UTI - NEONATAL;2025,0;9,0;139,0;531,0;6,0;23,166666666666668;88,5
MOV;UTI - NEONATAL;2025,0;10,0;170,0;566,0;2,0;85,0;283,0
MOV;UTI - NEONATAL;2025,0;11,0;203,0;770,0;4,0;50,75;192,5
MOV;UTI - NEONATAL;2025,0;12,0;99,0;575,0;5,0;19,8;115,0
MOV;UTI - NEONATAL;2026,0;1,0;177,0;717,0;6,0;29,5;119,5
MOV;UTI - NEONATAL;2026,0;2,0;123,0;587,0;8,0;15,375;73,375
MOV;UTI - NEONATAL;2026,0;3,0;161,0;642,0;7,0;23,0;91,71428571428571
MOV;UTI - NEONATAL;2026,0;4,0;197,0;801,0;5,0;39,4;160,2
MOV;UTI - NEONATAL;2026,0;5,0;188,0;806,0;3,0;62,666666666666664;268,6666666666667
MOV;UTI - NEONATAL;2026,0;6,0;173,0;627,0;8,0;21,625;78,375
MOV;UTI - NEONATAL;2026,0;7,0;173,0;622,0;6,0;28,833333333333332;103,66666666666667
MOV;UTI - NEONATAL;2026,0;8,0;99,0;437,0;4,0;24,75;109,25
MOV;UTI - NEONATAL E PEDIATRICO;2019,0;1,0;245,0;1621,0;2,0;122,5;810,5
MOV;UTI - NEONATAL E PEDIATRICO;2019,0;2,0;233,0;1515,0;3,0;77,66666666666667;505,0
MOV;UTI - NEONATAL E PEDIATRICO;2019,0;3,0;206,0;1707,0;5,0;41,2;341,4
MOV;UTI - NEONATAL E PEDIATRICO;2019,0;4,0;228,0;1408,0;1,0;228,0;1408,0
MOV;UTI - NEONATAL E PEDIATRICO;2019,0;5,0;228,0;1528,0;10,0;22,8;152,8
MOV;UTI - NEONATAL E PEDIATRICO;2019,0;6,0;173,0;1085,0;4,0;43,25;271,25
MOV;UTI - NEONATAL E PEDIATRICO;2019,0;7,0;133,0;1035,0;5,0;26,6;207,0
MOV;UTI - NEONATAL E PEDIATRICO;2019,0;8,0;133,0;867,0;3,0;44,333333333333336;289,0
MOV;UTI - NEONATAL E PEDIATRICO;2019,0;9,0;136,0;1095,0;4,0;34,0;273,75
MOV;UTI - NEONATAL E PEDIATRICO;2019,0;10,0;107,0;841,0;4,0;26,75;210,25
MOV;UTI - NEONATAL E PEDIATRICO;2019,0;11,0;140,0;951,0;2,0;70,0;475,5
MOV;UTI - NEONATAL E PEDIATRICO;2019,0;12,0;181,0;1256,0;6,0;30,166666666666668;209,33333333333334
MOV;UTI - NEONATAL E PEDIATRICO;2020,0;1,0;177,0;964,0;3,0;59,0;321,3333333333333
MOV;UTI - NEONATAL E PEDIATRICO;2020,0;2,0;133,0;1045,0;1,0;133,0;1045,0
MOV;UTI - NEONATAL E PEDIATRICO;2020,0;3,0;185,0;1236,0;3,0;61,666666666666664;412,0
MOV;UTI - NEONATAL E PEDIATRICO;2020,0;4,0;166,0;1157,0;3,0;55,333333333333336;385,6666666666667
MOV;UTI - NEONATAL E PEDIATRICO;2020,0;5,0;192,0;1341,0;4,0;48,0;335,25
MOV;UTI - NEONATAL E PEDIATRICO;2020,0;6,0;207,0;1215,0;3,0;69,0;405,0
MOV;UTI - NEONATAL E PEDIATRICO;2020,0;7,0;236,0;1429,0;3,0;78,66666666666667;476,3333333333333
MOV;UTI - NEONATAL E PEDIATRICO;2020,0;8,0;152,0;1071,0;2,0;76,0;535,5
MOV;UTI - NEONATAL E PEDIATRICO;2020,0;9,0;108,0;691,0;4,0;27,0;172,75
MOV;UTI - NEONATAL E PEDIATRICO;2020,0;10,0;125,0;827,0;2,0;62,5;413,5
MOV;UTI - NEONATAL E PEDIATRICO;2020,0;11,0;155,0;850,0;2,0;77,5;425,0
MOV;UTI - NEONATAL E PEDIATRICO;2020,0;12,0;138,0;717,0;8,0;17,25;89,625
MOV;UTI - NEONATAL E PEDIATRICO;2021,0;2,0;123,0;690,0;5,0;24,6;138,0
MOV;UTI - NEONATAL E PEDIATRICO;2021,0;3,0;172,0;976,0;1,0;172,0;976,0
MOV;UTI - NEONATAL E PEDIATRICO;2021,0;4,0;93,0;929,0;1,0;93,0;929,0
MOV;UTI - NEONATAL E PEDIATRICO;2021,0;5,0;136,0;844,0;2,0;68,0;422,0
;;;;;;;;
Filtros aplicados: estabelecimento não é ADC SETOR_ATENDIMENTO não está em branco total saidas maior que 0 estabelecimento não é (Em branco), CEPAI ou MGT Status operacional é Filtro de Ex-Unidades AnoMes não é (Em branco);;;;;;;;
